-- phpMyAdmin SQL Dump
-- version 5.1.0
-- https://www.phpmyadmin.net/
--
-- Host: 127.0.0.1
-- Generation Time: Aug 25, 2021 at 08:14 AM
-- Server version: 10.1.25-MariaDB
-- PHP Version: 7.1.7

SET SQL_MODE = "NO_AUTO_VALUE_ON_ZERO";
START TRANSACTION;
SET time_zone = "+00:00";


/*!40101 SET @OLD_CHARACTER_SET_CLIENT=@@CHARACTER_SET_CLIENT */;
/*!40101 SET @OLD_CHARACTER_SET_RESULTS=@@CHARACTER_SET_RESULTS */;
/*!40101 SET @OLD_COLLATION_CONNECTION=@@COLLATION_CONNECTION */;
/*!40101 SET NAMES utf8mb4 */;

--
-- Database: `appllys_school3`
--

-- --------------------------------------------------------

--
-- Table structure for table `academic_classes`
--

CREATE TABLE `academic_classes` (
  `id` bigint(20) UNSIGNED NOT NULL,
  `name` varchar(100) COLLATE utf8mb4_unicode_ci NOT NULL,
  `code` varchar(50) COLLATE utf8mb4_unicode_ci NOT NULL,
  `type` tinyint(4) NOT NULL DEFAULT '0',
  `academic_grading_id` int(11) NOT NULL,
  `status` tinyint(1) NOT NULL DEFAULT '0',
  `created_at` timestamp NULL DEFAULT NULL,
  `updated_at` timestamp NULL DEFAULT NULL
) ENGINE=InnoDB DEFAULT CHARSET=utf8mb4 COLLATE=utf8mb4_unicode_ci;

--
-- Dumping data for table `academic_classes`
--

INSERT INTO `academic_classes` (`id`, `name`, `code`, `type`, `academic_grading_id`, `status`, `created_at`, `updated_at`) VALUES
(1, 'প্রথম শ্রেণি', '1001', 0, 1, 1, '2021-03-16 10:40:00', '2021-03-16 10:40:00'),
(2, 'দ্বিতীয় শ্রেণি', '1002', 0, 1, 1, '2021-03-16 10:40:37', '2021-03-16 10:40:37'),
(3, 'তৃতীয় শ্রেণি', '1003', 0, 1, 1, '2021-03-16 10:41:02', '2021-03-16 10:41:02'),
(4, 'চতুর্থ শ্রেণি', '1004', 0, 1, 1, '2021-03-16 10:41:31', '2021-03-16 10:41:31'),
(5, 'পঞ্চম শ্রেণি', '1005', 0, 1, 1, '2021-03-16 10:41:57', '2021-03-16 10:41:57'),
(6, 'ষষ্ঠ শ্রেণি', '1006', 0, 1, 1, '2021-03-16 10:42:19', '2021-03-16 10:42:19'),
(7, 'সপ্তম শ্রেণি', '1007', 0, 1, 1, '2021-03-16 10:42:40', '2021-03-16 10:42:40'),
(8, 'অষ্টম শ্রেণি', '1008', 0, 1, 1, '2021-03-16 10:43:04', '2021-03-16 10:43:04'),
(9, 'নবম শ্রেণি', '1009', 1, 1, 1, '2021-03-16 10:58:30', '2021-03-16 10:58:30'),
(10, 'দশম শ্রেণি', '1010', 1, 1, 1, '2021-03-16 10:58:52', '2021-03-16 10:58:52'),
(11, 'একাদশ শ্রেণি', '1011', 1, 1, 1, '2021-03-16 11:01:19', '2021-03-16 11:01:19'),
(12, 'দ্বাদশ শ্রেণী', '1012', 1, 1, 1, '2021-03-16 11:03:15', '2021-03-16 11:03:15'),
(13, 'অনার্স', '1013', 2, 2, 1, '2021-03-16 11:05:47', '2021-03-16 11:05:47');

-- --------------------------------------------------------

--
-- Table structure for table `academic_class_department`
--

CREATE TABLE `academic_class_department` (
  `id` bigint(20) UNSIGNED NOT NULL,
  `academic_class_id` bigint(20) UNSIGNED NOT NULL,
  `academic_department_id` bigint(20) UNSIGNED NOT NULL,
  `created_at` timestamp NULL DEFAULT NULL,
  `updated_at` timestamp NULL DEFAULT NULL
) ENGINE=InnoDB DEFAULT CHARSET=utf8mb4 COLLATE=utf8mb4_unicode_ci;

--
-- Dumping data for table `academic_class_department`
--

INSERT INTO `academic_class_department` (`id`, `academic_class_id`, `academic_department_id`, `created_at`, `updated_at`) VALUES
(10, 13, 1, '2021-03-16 11:05:47', '2021-03-16 11:05:47'),
(11, 13, 2, '2021-03-16 11:05:47', '2021-03-16 11:05:47'),
(12, 13, 3, '2021-03-16 11:05:47', '2021-03-16 11:05:47'),
(13, 13, 4, '2021-03-16 11:05:47', '2021-03-16 11:05:47'),
(14, 13, 5, '2021-03-16 11:05:47', '2021-03-16 11:05:47'),
(15, 13, 6, '2021-03-16 11:05:47', '2021-03-16 11:05:47');

-- --------------------------------------------------------

--
-- Table structure for table `academic_class_group`
--

CREATE TABLE `academic_class_group` (
  `id` bigint(20) UNSIGNED NOT NULL,
  `academic_class_id` bigint(20) UNSIGNED NOT NULL,
  `academic_group_id` bigint(20) UNSIGNED NOT NULL,
  `created_at` timestamp NULL DEFAULT NULL,
  `updated_at` timestamp NULL DEFAULT NULL
) ENGINE=InnoDB DEFAULT CHARSET=utf8mb4 COLLATE=utf8mb4_unicode_ci;

--
-- Dumping data for table `academic_class_group`
--

INSERT INTO `academic_class_group` (`id`, `academic_class_id`, `academic_group_id`, `created_at`, `updated_at`) VALUES
(6, 9, 11, '2021-03-16 10:58:30', '2021-03-16 10:58:30'),
(7, 9, 12, '2021-03-16 10:58:30', '2021-03-16 10:58:30'),
(8, 9, 13, '2021-03-16 10:58:30', '2021-03-16 10:58:30'),
(9, 10, 11, '2021-03-16 10:58:52', '2021-03-16 10:58:52'),
(10, 10, 12, '2021-03-16 10:58:52', '2021-03-16 10:58:52'),
(11, 10, 13, '2021-03-16 10:58:52', '2021-03-16 10:58:52'),
(12, 11, 11, '2021-03-16 11:01:19', '2021-03-16 11:01:19'),
(13, 11, 12, '2021-03-16 11:01:19', '2021-03-16 11:01:19'),
(14, 11, 13, '2021-03-16 11:01:19', '2021-03-16 11:01:19'),
(15, 12, 11, '2021-03-16 11:03:15', '2021-03-16 11:03:15'),
(16, 12, 12, '2021-03-16 11:03:15', '2021-03-16 11:03:15'),
(17, 12, 13, '2021-03-16 11:03:15', '2021-03-16 11:03:15');

-- --------------------------------------------------------

--
-- Table structure for table `academic_class_section`
--

CREATE TABLE `academic_class_section` (
  `id` bigint(20) UNSIGNED NOT NULL,
  `academic_class_id` bigint(20) UNSIGNED NOT NULL,
  `academic_section_id` bigint(20) UNSIGNED NOT NULL,
  `created_at` timestamp NULL DEFAULT NULL,
  `updated_at` timestamp NULL DEFAULT NULL
) ENGINE=InnoDB DEFAULT CHARSET=utf8mb4 COLLATE=utf8mb4_unicode_ci;

--
-- Dumping data for table `academic_class_section`
--

INSERT INTO `academic_class_section` (`id`, `academic_class_id`, `academic_section_id`, `created_at`, `updated_at`) VALUES
(4, 1, 1, '2021-03-16 10:40:00', '2021-03-16 10:40:00'),
(5, 1, 2, '2021-03-16 10:40:00', '2021-03-16 10:40:00'),
(6, 2, 1, '2021-03-16 10:40:37', '2021-03-16 10:40:37'),
(7, 2, 2, '2021-03-16 10:40:37', '2021-03-16 10:40:37'),
(8, 2, 3, '2021-03-16 10:40:37', '2021-03-16 10:40:37'),
(9, 3, 1, '2021-03-16 10:41:02', '2021-03-16 10:41:02'),
(10, 3, 2, '2021-03-16 10:41:02', '2021-03-16 10:41:02'),
(11, 3, 3, '2021-03-16 10:41:02', '2021-03-16 10:41:02'),
(12, 4, 1, '2021-03-16 10:41:31', '2021-03-16 10:41:31'),
(13, 4, 2, '2021-03-16 10:41:31', '2021-03-16 10:41:31'),
(14, 5, 1, '2021-03-16 10:41:57', '2021-03-16 10:41:57'),
(15, 5, 2, '2021-03-16 10:41:57', '2021-03-16 10:41:57'),
(16, 5, 3, '2021-03-16 10:41:57', '2021-03-16 10:41:57'),
(17, 6, 1, '2021-03-16 10:42:19', '2021-03-16 10:42:19'),
(18, 6, 2, '2021-03-16 10:42:19', '2021-03-16 10:42:19'),
(19, 6, 3, '2021-03-16 10:42:19', '2021-03-16 10:42:19'),
(20, 7, 1, '2021-03-16 10:42:40', '2021-03-16 10:42:40'),
(21, 7, 2, '2021-03-16 10:42:40', '2021-03-16 10:42:40'),
(22, 7, 3, '2021-03-16 10:42:40', '2021-03-16 10:42:40'),
(23, 8, 1, '2021-03-16 10:43:04', '2021-03-16 10:43:04'),
(24, 8, 2, '2021-03-16 10:43:04', '2021-03-16 10:43:04'),
(25, 8, 3, '2021-03-16 10:43:04', '2021-03-16 10:43:04');

-- --------------------------------------------------------

--
-- Table structure for table `academic_class_session`
--

CREATE TABLE `academic_class_session` (
  `id` bigint(20) UNSIGNED NOT NULL,
  `academic_class_id` bigint(20) UNSIGNED NOT NULL,
  `academic_session_id` bigint(20) UNSIGNED NOT NULL,
  `admission_fee` double(8,2) DEFAULT NULL
) ENGINE=InnoDB DEFAULT CHARSET=utf8mb4 COLLATE=utf8mb4_unicode_ci;

--
-- Dumping data for table `academic_class_session`
--

INSERT INTO `academic_class_session` (`id`, `academic_class_id`, `academic_session_id`, `admission_fee`) VALUES
(1, 1, 1, 100.00),
(2, 2, 1, 100.00),
(3, 3, 1, 100.00),
(4, 4, 1, 100.00),
(5, 5, 1, 100.00),
(6, 6, 1, 100.00),
(7, 7, 1, 100.00),
(8, 8, 1, 100.00),
(9, 9, 1, 100.00),
(10, 10, 1, 100.00),
(11, 1, 2, 100.00),
(12, 2, 2, 100.00),
(13, 3, 2, 100.00),
(14, 4, 2, 100.00),
(15, 5, 2, 100.00),
(16, 6, 2, 150.00),
(17, 7, 2, 150.00),
(18, 8, 2, 150.00),
(19, 9, 2, 200.00),
(20, 10, 2, 200.00),
(21, 11, 2, 250.00),
(22, 1, 3, 100.00),
(23, 2, 3, 100.00),
(24, 3, 3, 100.00),
(25, 4, 3, 100.00),
(26, 5, 3, 100.00),
(27, 6, 3, 100.00),
(28, 7, 3, 100.00),
(29, 8, 3, 100.00),
(30, 9, 3, 100.00),
(31, 10, 3, 100.00),
(32, 11, 3, 100.00),
(33, 12, 3, 100.00),
(34, 13, 3, 100.00);

-- --------------------------------------------------------

--
-- Table structure for table `academic_data`
--

CREATE TABLE `academic_data` (
  `id` bigint(20) UNSIGNED NOT NULL,
  `user_id` bigint(20) UNSIGNED NOT NULL,
  `custom` bigint(20) NOT NULL,
  `academic_session_id` bigint(20) UNSIGNED DEFAULT NULL,
  `academic_class_id` bigint(20) UNSIGNED DEFAULT NULL,
  `type` tinyint(4) NOT NULL DEFAULT '0',
  `academic_group_id` bigint(20) UNSIGNED DEFAULT NULL,
  `academic_department_id` bigint(20) UNSIGNED DEFAULT NULL,
  `academic_section_id` bigint(20) UNSIGNED DEFAULT NULL,
  `status` tinyint(1) NOT NULL DEFAULT '0',
  `created_at` timestamp NULL DEFAULT NULL,
  `updated_at` timestamp NULL DEFAULT NULL
) ENGINE=InnoDB DEFAULT CHARSET=utf8mb4 COLLATE=utf8mb4_unicode_ci;

--
-- Dumping data for table `academic_data`
--

INSERT INTO `academic_data` (`id`, `user_id`, `custom`, `academic_session_id`, `academic_class_id`, `type`, `academic_group_id`, `academic_department_id`, `academic_section_id`, `status`, `created_at`, `updated_at`) VALUES
(1, 6, 210100001, 2, 1, 0, NULL, NULL, 1, 0, '2021-03-16 12:01:40', '2021-03-16 12:01:40'),
(2, 10, 221301001, 3, 13, 2, NULL, 4, 1, 0, '2021-03-16 12:42:07', '2021-03-16 12:42:07');

-- --------------------------------------------------------

--
-- Table structure for table `academic_data_subjects`
--

CREATE TABLE `academic_data_subjects` (
  `id` bigint(20) UNSIGNED NOT NULL,
  `user_id` bigint(20) UNSIGNED NOT NULL,
  `academic_data_id` bigint(20) UNSIGNED NOT NULL,
  `academic_subject_id` bigint(20) UNSIGNED NOT NULL,
  `isOptional` tinyint(1) NOT NULL DEFAULT '0',
  `total_gain` double(8,2) DEFAULT NULL,
  `academic_grade_id` int(11) DEFAULT NULL,
  `created_at` timestamp NULL DEFAULT NULL,
  `updated_at` timestamp NULL DEFAULT NULL
) ENGINE=InnoDB DEFAULT CHARSET=utf8mb4 COLLATE=utf8mb4_unicode_ci;

--
-- Dumping data for table `academic_data_subjects`
--

INSERT INTO `academic_data_subjects` (`id`, `user_id`, `academic_data_id`, `academic_subject_id`, `isOptional`, `total_gain`, `academic_grade_id`, `created_at`, `updated_at`) VALUES
(1, 6, 1, 9, 0, NULL, NULL, '2021-03-16 12:01:41', '2021-03-16 12:01:41'),
(2, 6, 1, 10, 0, NULL, NULL, '2021-03-16 12:01:41', '2021-03-16 12:01:41'),
(3, 6, 1, 11, 0, NULL, NULL, '2021-03-16 12:01:41', '2021-03-16 12:01:41');

-- --------------------------------------------------------

--
-- Table structure for table `academic_departments`
--

CREATE TABLE `academic_departments` (
  `id` bigint(20) UNSIGNED NOT NULL,
  `name` varchar(100) COLLATE utf8mb4_unicode_ci NOT NULL,
  `status` tinyint(1) NOT NULL DEFAULT '1',
  `created_at` timestamp NULL DEFAULT NULL,
  `updated_at` timestamp NULL DEFAULT NULL
) ENGINE=InnoDB DEFAULT CHARSET=utf8mb4 COLLATE=utf8mb4_unicode_ci;

--
-- Dumping data for table `academic_departments`
--

INSERT INTO `academic_departments` (`id`, `name`, `status`, `created_at`, `updated_at`) VALUES
(1, 'বাংলা', 1, '2021-02-21 01:08:25', '2021-03-16 06:17:08'),
(2, 'ইংরেজি', 1, '2021-02-21 01:08:25', '2021-03-16 06:17:01'),
(3, 'গণিত', 1, '2021-02-21 01:08:25', '2021-03-16 06:16:53'),
(4, 'অর্থনীতি', 1, '2021-03-15 12:09:45', '2021-03-16 06:16:45'),
(5, 'ব্যবসা শিক্ষা', 1, '2021-03-15 12:10:11', '2021-03-16 06:16:38'),
(6, 'রাষ্ট্রবিজ্ঞান', 1, '2021-03-16 05:42:43', '2021-03-16 10:38:50');

-- --------------------------------------------------------

--
-- Table structure for table `academic_department_year`
--

CREATE TABLE `academic_department_year` (
  `id` bigint(20) UNSIGNED NOT NULL,
  `academic_department_id` bigint(20) UNSIGNED NOT NULL,
  `academic_year_id` bigint(20) UNSIGNED NOT NULL,
  `created_at` timestamp NULL DEFAULT NULL,
  `updated_at` timestamp NULL DEFAULT NULL
) ENGINE=InnoDB DEFAULT CHARSET=utf8mb4 COLLATE=utf8mb4_unicode_ci;

--
-- Dumping data for table `academic_department_year`
--

INSERT INTO `academic_department_year` (`id`, `academic_department_id`, `academic_year_id`, `created_at`, `updated_at`) VALUES
(1, 6, 1, '2021-03-16 06:16:30', '2021-03-16 06:16:30'),
(2, 6, 2, '2021-03-16 06:16:30', '2021-03-16 06:16:30'),
(5, 5, 1, '2021-03-16 06:16:38', '2021-03-16 06:16:38'),
(6, 5, 2, '2021-03-16 06:16:38', '2021-03-16 06:16:38'),
(7, 5, 3, '2021-03-16 06:16:38', '2021-03-16 06:16:38'),
(8, 5, 4, '2021-03-16 06:16:38', '2021-03-16 06:16:38'),
(9, 4, 1, '2021-03-16 06:16:45', '2021-03-16 06:16:45'),
(10, 4, 2, '2021-03-16 06:16:46', '2021-03-16 06:16:46'),
(11, 4, 3, '2021-03-16 06:16:46', '2021-03-16 06:16:46'),
(12, 4, 4, '2021-03-16 06:16:46', '2021-03-16 06:16:46'),
(13, 3, 1, '2021-03-16 06:16:53', '2021-03-16 06:16:53'),
(14, 3, 2, '2021-03-16 06:16:53', '2021-03-16 06:16:53'),
(15, 3, 3, '2021-03-16 06:16:53', '2021-03-16 06:16:53'),
(16, 3, 4, '2021-03-16 06:16:53', '2021-03-16 06:16:53'),
(17, 2, 1, '2021-03-16 06:17:01', '2021-03-16 06:17:01'),
(18, 2, 2, '2021-03-16 06:17:01', '2021-03-16 06:17:01'),
(19, 2, 3, '2021-03-16 06:17:01', '2021-03-16 06:17:01'),
(20, 2, 4, '2021-03-16 06:17:01', '2021-03-16 06:17:01'),
(21, 1, 1, '2021-03-16 06:17:08', '2021-03-16 06:17:08'),
(22, 1, 2, '2021-03-16 06:17:08', '2021-03-16 06:17:08'),
(23, 1, 3, '2021-03-16 06:17:08', '2021-03-16 06:17:08'),
(24, 1, 4, '2021-03-16 06:17:08', '2021-03-16 06:17:08'),
(25, 6, 3, '2021-03-16 10:38:50', '2021-03-16 10:38:50'),
(26, 6, 4, '2021-03-16 10:38:50', '2021-03-16 10:38:50');

-- --------------------------------------------------------

--
-- Table structure for table `academic_grades`
--

CREATE TABLE `academic_grades` (
  `id` bigint(20) UNSIGNED NOT NULL,
  `name` varchar(191) COLLATE utf8mb4_unicode_ci NOT NULL,
  `status` tinyint(1) NOT NULL DEFAULT '1',
  `created_at` timestamp NULL DEFAULT NULL,
  `updated_at` timestamp NULL DEFAULT NULL
) ENGINE=InnoDB DEFAULT CHARSET=utf8mb4 COLLATE=utf8mb4_unicode_ci;

--
-- Dumping data for table `academic_grades`
--

INSERT INTO `academic_grades` (`id`, `name`, `status`, `created_at`, `updated_at`) VALUES
(1, 'Out of 5', 1, '2021-02-13 07:04:49', '2021-02-13 07:04:49'),
(2, 'Out of 4', 1, '2021-02-13 07:05:24', '2021-02-13 07:05:24');

-- --------------------------------------------------------

--
-- Table structure for table `academic_groups`
--

CREATE TABLE `academic_groups` (
  `id` bigint(20) UNSIGNED NOT NULL,
  `name` varchar(100) COLLATE utf8mb4_unicode_ci NOT NULL,
  `status` tinyint(1) NOT NULL DEFAULT '1',
  `created_at` timestamp NULL DEFAULT NULL,
  `updated_at` timestamp NULL DEFAULT NULL
) ENGINE=InnoDB DEFAULT CHARSET=utf8mb4 COLLATE=utf8mb4_unicode_ci;

--
-- Dumping data for table `academic_groups`
--

INSERT INTO `academic_groups` (`id`, `name`, `status`, `created_at`, `updated_at`) VALUES
(11, 'বিজ্ঞান', 1, '2021-03-14 05:41:13', '2021-03-16 06:15:56'),
(12, 'ব্যাবসা শিক্ষা', 1, '2021-03-14 05:42:58', '2021-03-16 06:15:50'),
(13, 'মানবিক', 1, '2021-03-14 05:43:05', '2021-03-16 06:16:03'),
(14, 'সাধারণ', 1, '2021-03-14 05:43:17', '2021-03-16 06:15:30');

-- --------------------------------------------------------

--
-- Table structure for table `academic_group_section`
--

CREATE TABLE `academic_group_section` (
  `id` bigint(20) UNSIGNED NOT NULL,
  `academic_group_id` bigint(20) UNSIGNED NOT NULL,
  `academic_section_id` bigint(20) UNSIGNED NOT NULL,
  `created_at` timestamp NULL DEFAULT NULL,
  `updated_at` timestamp NULL DEFAULT NULL
) ENGINE=InnoDB DEFAULT CHARSET=utf8mb4 COLLATE=utf8mb4_unicode_ci;

--
-- Dumping data for table `academic_group_section`
--

INSERT INTO `academic_group_section` (`id`, `academic_group_id`, `academic_section_id`, `created_at`, `updated_at`) VALUES
(1, 14, 1, '2021-03-16 06:15:30', '2021-03-16 06:15:30'),
(2, 14, 2, '2021-03-16 06:15:30', '2021-03-16 06:15:30'),
(3, 13, 1, '2021-03-16 06:15:42', '2021-03-16 06:15:42'),
(4, 13, 2, '2021-03-16 06:15:42', '2021-03-16 06:15:42'),
(5, 13, 3, '2021-03-16 06:15:42', '2021-03-16 06:15:42'),
(7, 12, 1, '2021-03-16 06:15:50', '2021-03-16 06:15:50'),
(8, 12, 2, '2021-03-16 06:15:50', '2021-03-16 06:15:50'),
(9, 12, 3, '2021-03-16 06:15:50', '2021-03-16 06:15:50'),
(10, 11, 1, '2021-03-16 06:15:57', '2021-03-16 06:15:57'),
(11, 11, 2, '2021-03-16 06:15:57', '2021-03-16 06:15:57'),
(12, 11, 3, '2021-03-16 06:15:57', '2021-03-16 06:15:57');

-- --------------------------------------------------------

--
-- Table structure for table `academic_sections`
--

CREATE TABLE `academic_sections` (
  `id` bigint(20) UNSIGNED NOT NULL,
  `name` varchar(191) COLLATE utf8mb4_unicode_ci NOT NULL,
  `seat` int(11) NOT NULL,
  `status` tinyint(1) NOT NULL DEFAULT '0',
  `created_at` timestamp NULL DEFAULT NULL,
  `updated_at` timestamp NULL DEFAULT NULL
) ENGINE=InnoDB DEFAULT CHARSET=utf8mb4 COLLATE=utf8mb4_unicode_ci;

--
-- Dumping data for table `academic_sections`
--

INSERT INTO `academic_sections` (`id`, `name`, `seat`, `status`, `created_at`, `updated_at`) VALUES
(1, 'A', 50, 1, '2021-03-15 12:03:03', '2021-03-15 12:03:16'),
(2, 'B', 50, 1, '2021-03-15 12:03:28', '2021-03-15 12:03:28'),
(3, 'C', 50, 1, '2021-03-15 12:03:36', '2021-03-15 12:04:06'),
(4, 'D', 50, 1, '2021-03-15 12:03:59', '2021-03-15 12:03:59');

-- --------------------------------------------------------

--
-- Table structure for table `academic_sessions`
--

CREATE TABLE `academic_sessions` (
  `id` bigint(20) UNSIGNED NOT NULL,
  `title` varchar(50) COLLATE utf8mb4_unicode_ci NOT NULL,
  `code` varchar(20) COLLATE utf8mb4_unicode_ci NOT NULL,
  `start_year` year(4) NOT NULL,
  `end_year` year(4) NOT NULL,
  `duration` varchar(20) COLLATE utf8mb4_unicode_ci NOT NULL,
  `status` tinyint(1) NOT NULL DEFAULT '0',
  `isCurrent` tinyint(1) NOT NULL DEFAULT '0',
  `off_day` varchar(191) COLLATE utf8mb4_unicode_ci NOT NULL DEFAULT 'Friday',
  `created_at` timestamp NULL DEFAULT NULL,
  `updated_at` timestamp NULL DEFAULT NULL
) ENGINE=InnoDB DEFAULT CHARSET=utf8mb4 COLLATE=utf8mb4_unicode_ci;

--
-- Dumping data for table `academic_sessions`
--

INSERT INTO `academic_sessions` (`id`, `title`, `code`, `start_year`, `end_year`, `duration`, `status`, `isCurrent`, `off_day`, `created_at`, `updated_at`) VALUES
(1, 'Session 2020-2021', '20', 2020, 2021, '2020-2021', 1, 0, 'Friday', '2021-02-20 08:36:57', '2021-02-21 01:09:48'),
(2, 'Session 2021-2022', '21', 2021, 2022, '2021-2022', 1, 0, 'Friday', '2021-02-21 01:09:48', '2021-03-16 12:37:14'),
(3, 'Session 2022-2023', '22', 2022, 2023, '2022-2023', 1, 1, 'Saturday', '2021-03-16 12:37:14', '2021-03-16 12:37:14');

-- --------------------------------------------------------

--
-- Table structure for table `academic_subjects`
--

CREATE TABLE `academic_subjects` (
  `id` bigint(20) UNSIGNED NOT NULL,
  `academic_class_id` bigint(20) UNSIGNED NOT NULL,
  `academic_class_type` tinyint(4) NOT NULL DEFAULT '0',
  `academic_group_id` bigint(20) UNSIGNED DEFAULT NULL,
  `academic_department_id` bigint(20) UNSIGNED DEFAULT NULL,
  `academic_section_id` bigint(20) UNSIGNED DEFAULT NULL,
  `name` varchar(191) COLLATE utf8mb4_unicode_ci NOT NULL,
  `code` varchar(50) COLLATE utf8mb4_unicode_ci NOT NULL,
  `mark_type` tinyint(1) NOT NULL DEFAULT '0',
  `theory` double(8,2) NOT NULL DEFAULT '0.00',
  `practical` double(8,2) NOT NULL DEFAULT '0.00',
  `full_mark` double(8,2) NOT NULL DEFAULT '0.00',
  `subject_type` tinyint(1) NOT NULL DEFAULT '0',
  `point` double(8,2) NOT NULL DEFAULT '0.00',
  `total_point` double(8,2) NOT NULL DEFAULT '0.00',
  `optional_point` double(8,2) NOT NULL DEFAULT '0.00',
  `religion_type` tinyint(1) NOT NULL DEFAULT '0',
  `religion_id` bigint(20) UNSIGNED DEFAULT NULL,
  `status` tinyint(1) NOT NULL DEFAULT '0',
  `created_at` timestamp NULL DEFAULT NULL,
  `updated_at` timestamp NULL DEFAULT NULL
) ENGINE=InnoDB DEFAULT CHARSET=utf8mb4 COLLATE=utf8mb4_unicode_ci;

--
-- Dumping data for table `academic_subjects`
--

INSERT INTO `academic_subjects` (`id`, `academic_class_id`, `academic_class_type`, `academic_group_id`, `academic_department_id`, `academic_section_id`, `name`, `code`, `mark_type`, `theory`, `practical`, `full_mark`, `subject_type`, `point`, `total_point`, `optional_point`, `religion_type`, `religion_id`, `status`, `created_at`, `updated_at`) VALUES
(1, 9, 1, 11, NULL, NULL, 'বাংলা সাহিত্য', '1001', 0, 0.00, 0.00, 100.00, 0, 5.00, 0.00, 0.00, 0, NULL, 1, '2021-02-28 00:48:03', '2021-03-11 05:56:40'),
(2, 9, 1, 11, NULL, NULL, 'English for Toady', '1002', 0, 0.00, 0.00, 100.00, 0, 5.00, 0.00, 0.00, 0, NULL, 1, '2021-02-28 00:48:24', '2021-03-11 05:56:53'),
(3, 9, 1, 11, NULL, NULL, 'পদার্থবিজ্ঞান', '1010', 1, 75.00, 25.00, 100.00, 0, 5.00, 0.00, 0.00, 0, NULL, 1, '2021-02-28 00:48:56', '2021-03-11 05:58:07'),
(4, 9, 1, 11, NULL, NULL, 'রসায়ন', '1012', 1, 75.00, 25.00, 100.00, 0, 5.00, 0.00, 0.00, 0, NULL, 1, '2021-02-28 00:49:32', '2021-03-11 05:58:16'),
(5, 9, 1, 11, NULL, NULL, 'জীববিজ্ঞান', '1015', 1, 75.00, 25.00, 100.00, 1, 0.00, 5.00, 3.00, 0, NULL, 1, '2021-02-28 00:50:24', '2021-03-11 05:58:28'),
(6, 9, 1, 11, NULL, NULL, 'ইসলাম ও নৈতিক শিক্ষা', '1016', 0, 0.00, 0.00, 100.00, 0, 5.00, 0.00, 0.00, 1, 1, 1, '2021-02-28 00:50:58', '2021-03-11 05:57:27'),
(7, 9, 1, 11, NULL, NULL, 'হিন্দু ধর্ম ও নৈতিক শিক্ষা', '1018', 0, 0.00, 0.00, 100.00, 0, 5.00, 0.00, 0.00, 1, 2, 1, '2021-02-28 00:52:24', '2021-03-11 05:57:39'),
(8, 9, 1, 11, NULL, NULL, 'উচ্চতর গণিত', '1020', 1, 75.00, 25.00, 100.00, 1, 0.00, 5.00, 3.00, 0, NULL, 1, '2021-02-28 01:05:39', '2021-03-11 05:59:02'),
(9, 1, 0, NULL, NULL, NULL, 'আমার বাংলা বই', '1001', 0, 0.00, 0.00, 100.00, 0, 5.00, 0.00, 0.00, 0, NULL, 1, '2021-03-11 04:43:24', '2021-03-11 04:43:24'),
(10, 1, 0, NULL, NULL, NULL, 'English for Today', '1002', 0, 0.00, 0.00, 100.00, 0, 5.00, 0.00, 0.00, 0, NULL, 1, '2021-03-11 04:43:43', '2021-03-11 04:43:43'),
(11, 1, 0, NULL, NULL, NULL, 'প্রাথমিক গণিত', '1003', 0, 0.00, 0.00, 100.00, 0, 5.00, 0.00, 0.00, 0, NULL, 1, '2021-03-11 04:44:05', '2021-03-11 04:44:05'),
(12, 2, 0, NULL, NULL, NULL, 'আমার বাংলা বই', '1001', 0, 0.00, 0.00, 1001.00, 0, 5.00, 0.00, 0.00, 0, NULL, 1, '2021-03-11 04:44:32', '2021-03-11 04:44:32'),
(13, 2, 0, NULL, NULL, NULL, 'English for Today', '1002', 0, 0.00, 0.00, 100.00, 0, 5.00, 0.00, 0.00, 0, NULL, 1, '2021-03-11 04:45:05', '2021-03-11 04:45:05'),
(14, 2, 0, NULL, NULL, NULL, 'প্রাথমিক গণিত', '1003', 0, 0.00, 0.00, 100.00, 0, 5.00, 0.00, 0.00, 0, NULL, 1, '2021-03-11 04:45:28', '2021-03-11 04:45:28'),
(15, 3, 0, NULL, NULL, NULL, 'আমার বাংলা বই', '1001', 0, 0.00, 0.00, 100.00, 0, 5.00, 0.00, 0.00, 0, NULL, 1, '2021-03-11 04:46:15', '2021-03-11 04:46:15'),
(16, 3, 0, NULL, NULL, NULL, 'English For Today', '1002', 0, 0.00, 0.00, 100.00, 0, 5.00, 0.00, 0.00, 0, NULL, 1, '2021-03-11 04:46:33', '2021-03-11 04:46:33'),
(17, 3, 0, NULL, NULL, NULL, 'প্রাথমিক গণিত', '1003', 0, 0.00, 0.00, 100.00, 0, 5.00, 0.00, 0.00, 0, NULL, 1, '2021-03-11 04:46:52', '2021-03-11 04:46:52'),
(18, 3, 0, NULL, NULL, NULL, 'প্রাথমিক বিজ্ঞান', '1004', 0, 0.00, 0.00, 100.00, 0, 5.00, 0.00, 0.00, 0, NULL, 1, '2021-03-11 04:47:11', '2021-03-11 04:47:11'),
(19, 3, 0, NULL, NULL, NULL, 'বাংলাদেশ ও বিশ্বপরিচয়', '1005', 0, 0.00, 0.00, 100.00, 0, 5.00, 0.00, 0.00, 0, NULL, 1, '2021-03-11 04:47:36', '2021-03-11 04:47:36'),
(20, 3, 0, NULL, NULL, NULL, 'ইসলাম ও নৈতিক শিক্ষা', '1006', 0, 0.00, 0.00, 100.00, 0, 5.00, 0.00, 0.00, 1, 1, 1, '2021-03-11 04:47:59', '2021-03-11 04:47:59'),
(21, 3, 0, NULL, NULL, NULL, 'হিন্দুধর্ম ও নৈতিক শিক্ষা', '1007', 0, 0.00, 0.00, 100.00, 0, 5.00, 0.00, 0.00, 1, 2, 1, '2021-03-11 04:48:22', '2021-03-11 04:48:22'),
(22, 3, 0, NULL, NULL, NULL, 'বৌদ্ধধর্ম ও নৈতিক শিক্ষা', '1008', 0, 0.00, 0.00, 100.00, 0, 5.00, 0.00, 0.00, 1, 3, 1, '2021-03-11 04:48:42', '2021-03-11 04:48:42'),
(23, 3, 0, NULL, NULL, NULL, 'খ্রিষ্টধর্ম ও নৈতিক শিক্ষা', '1009', 0, 0.00, 0.00, 100.00, 0, 5.00, 0.00, 0.00, 1, 4, 1, '2021-03-11 04:49:07', '2021-03-11 04:49:07'),
(24, 4, 0, NULL, NULL, NULL, 'আমার বাংলা বই', '1001', 0, 0.00, 0.00, 100.00, 0, 5.00, 0.00, 0.00, 0, NULL, 1, '2021-03-11 04:49:59', '2021-03-11 04:49:59'),
(25, 4, 0, NULL, NULL, NULL, 'English for Today', '1002', 0, 0.00, 0.00, 100.00, 0, 5.00, 0.00, 0.00, 0, NULL, 1, '2021-03-11 04:50:36', '2021-03-11 04:50:36'),
(26, 4, 0, NULL, NULL, NULL, 'প্রাথমিক গণিত', '1003', 0, 0.00, 0.00, 100.00, 0, 5.00, 0.00, 0.00, 0, NULL, 1, '2021-03-11 04:50:55', '2021-03-11 04:50:55'),
(27, 4, 0, NULL, NULL, NULL, 'প্রাথমিক বিজ্ঞান', '1004', 0, 0.00, 0.00, 100.00, 0, 5.00, 0.00, 0.00, 0, NULL, 1, '2021-03-11 04:51:13', '2021-03-11 04:51:13'),
(28, 4, 0, NULL, NULL, NULL, 'বাংলাদেশ ও বিশ্বপরিচয়', '1005', 0, 0.00, 0.00, 100.00, 0, 5.00, 0.00, 0.00, 0, NULL, 1, '2021-03-11 04:51:33', '2021-03-11 04:51:33'),
(29, 4, 0, NULL, NULL, NULL, 'ইসলাম ও নৈতিক শিক্ষা', '1006', 0, 0.00, 0.00, 100.00, 0, 5.00, 0.00, 0.00, 1, 1, 1, '2021-03-11 04:51:52', '2021-03-11 04:51:52'),
(30, 4, 0, NULL, NULL, NULL, 'হিন্দুধর্ম ও নৈতিক শিক্ষা', '1007', 0, 0.00, 0.00, 100.00, 0, 5.00, 0.00, 0.00, 1, 2, 1, '2021-03-11 04:52:17', '2021-03-11 04:52:17'),
(31, 4, 0, NULL, NULL, NULL, 'বৌদ্ধধর্ম ও নৈতিক শিক্ষা', '1008', 0, 0.00, 0.00, 100.00, 0, 5.00, 0.00, 0.00, 1, 3, 1, '2021-03-11 04:52:39', '2021-03-11 04:52:39'),
(32, 4, 0, NULL, NULL, NULL, 'খ্রিষ্টধর্ম ও নৈতিক শিক্ষা', '1009', 0, 0.00, 0.00, 100.00, 0, 5.00, 0.00, 0.00, 1, 4, 1, '2021-03-11 04:53:06', '2021-03-11 04:53:06'),
(33, 5, 0, NULL, NULL, NULL, 'আমার বাংলা বই', '1001', 0, 0.00, 0.00, 100.00, 0, 5.00, 0.00, 0.00, 0, NULL, 1, '2021-03-11 04:54:09', '2021-03-11 04:54:09'),
(34, 5, 0, NULL, NULL, NULL, 'English for Today', '1002', 0, 0.00, 0.00, 100.00, 0, 5.00, 0.00, 0.00, 0, NULL, 1, '2021-03-11 04:54:27', '2021-03-11 04:54:27'),
(35, 5, 0, NULL, NULL, NULL, 'প্রাথমিক গণিত', '1003', 0, 0.00, 0.00, 100.00, 0, 5.00, 0.00, 0.00, 0, NULL, 1, '2021-03-11 04:54:51', '2021-03-11 04:54:51'),
(36, 5, 0, NULL, NULL, NULL, 'প্রাথমিক বিজ্ঞান', '1004', 0, 0.00, 0.00, 100.00, 0, 5.00, 0.00, 0.00, 0, NULL, 1, '2021-03-11 04:55:14', '2021-03-11 04:55:14'),
(37, 5, 0, NULL, NULL, NULL, 'বাংলাদেশ ও বিশ্বপরিচয়', '1005', 0, 0.00, 0.00, 100.00, 0, 5.00, 0.00, 0.00, 0, NULL, 1, '2021-03-11 04:55:29', '2021-03-11 04:55:29'),
(38, 5, 0, NULL, NULL, NULL, 'ইসলাম ও নৈতিক শিক্ষা', '1006', 0, 0.00, 0.00, 100.00, 0, 5.00, 0.00, 0.00, 1, 1, 1, '2021-03-11 04:55:45', '2021-03-11 04:55:45'),
(39, 5, 0, NULL, NULL, NULL, 'হিন্দুধর্ম ও নৈতিক শিক্ষা', '1007', 0, 0.00, 0.00, 100.00, 0, 5.00, 0.00, 0.00, 1, 2, 1, '2021-03-11 04:56:09', '2021-03-11 04:56:09'),
(40, 5, 0, NULL, NULL, NULL, 'বৌদ্ধধর্ম ও নৈতিক শিক্ষা', '1008', 0, 0.00, 0.00, 100.00, 0, 5.00, 0.00, 0.00, 1, 3, 1, '2021-03-11 04:56:29', '2021-03-11 04:56:29'),
(41, 5, 0, NULL, NULL, NULL, 'খ্রিষ্টধর্ম ও নৈতিক শিক্ষা', '1009', 0, 0.00, 0.00, 100.00, 0, 5.00, 0.00, 0.00, 1, 4, 1, '2021-03-11 04:56:45', '2021-03-11 04:56:45'),
(42, 6, 0, NULL, NULL, NULL, 'আনন্দ পাঠ(বাংলা দ্রুত পঠন)', '1001', 0, 0.00, 0.00, 100.00, 0, 5.00, 0.00, 0.00, 0, NULL, 1, '2021-03-11 05:19:34', '2021-03-11 05:19:34'),
(43, 6, 0, NULL, NULL, NULL, 'English for Today', '1002', 0, 0.00, 0.00, 100.00, 0, 5.00, 0.00, 0.00, 0, NULL, 1, '2021-03-11 05:20:11', '2021-03-11 05:20:11'),
(44, 6, 0, NULL, NULL, NULL, 'গণিত', '1003', 0, 0.00, 0.00, 100.00, 0, 5.00, 0.00, 0.00, 0, NULL, 1, '2021-03-11 05:20:29', '2021-03-11 05:20:29'),
(45, 6, 0, NULL, NULL, NULL, 'বাংলা ব্যাকরণ ও নির্মিতি', '1004', 0, 0.00, 0.00, 100.00, 0, 5.00, 0.00, 0.00, 0, NULL, 1, '2021-03-11 05:20:54', '2021-03-11 05:20:54'),
(46, 6, 0, NULL, NULL, NULL, 'English Grammer and Composition', '1005', 0, 0.00, 0.00, 100.00, 0, 5.00, 0.00, 0.00, 0, NULL, 1, '2021-03-11 05:21:12', '2021-03-11 05:21:12'),
(47, 6, 0, NULL, NULL, NULL, 'বিজ্ঞান', '1006', 0, 0.00, 0.00, 100.00, 0, 5.00, 0.00, 0.00, 0, NULL, 1, '2021-03-11 05:28:26', '2021-03-11 05:28:26'),
(48, 6, 0, NULL, NULL, NULL, 'তথ্য ও যোগাযোগ প্রযুক্তি', '1007', 0, 0.00, 0.00, 100.00, 0, 5.00, 0.00, 0.00, 0, NULL, 1, '2021-03-11 05:29:08', '2021-03-11 05:29:08'),
(49, 6, 0, NULL, NULL, NULL, 'বাংলাদেশ ও বিশ্বপরিচয়', '1008', 0, 0.00, 0.00, 100.00, 0, 5.00, 0.00, 0.00, 0, NULL, 1, '2021-03-11 05:29:59', '2021-03-11 05:29:59'),
(50, 6, 0, NULL, NULL, NULL, 'ইসলাম ও নৈতিক শিক্ষা', '1009', 0, 0.00, 0.00, 100.00, 0, 5.00, 0.00, 0.00, 1, 1, 1, '2021-03-11 05:30:27', '2021-03-11 05:30:39'),
(51, 6, 0, NULL, NULL, NULL, 'হিন্দুধর্ম ও নৈতিক শিক্ষা', '1010', 0, 0.00, 0.00, 100.00, 0, 5.00, 0.00, 0.00, 1, 2, 1, '2021-03-11 05:31:10', '2021-03-11 05:31:10'),
(52, 6, 0, NULL, NULL, NULL, 'বৌদ্ধধর্ম ও নৈতিক শিক্ষা', '1011', 0, 0.00, 0.00, 100.00, 0, 5.00, 0.00, 0.00, 1, 3, 1, '2021-03-11 05:31:28', '2021-03-11 05:32:26'),
(53, 6, 0, NULL, NULL, NULL, 'খ্রিষ্টধর্ম ও নৈতিক শিক্ষা', '1012', 0, 0.00, 0.00, 100.00, 0, 5.00, 0.00, 0.00, 1, 4, 1, '2021-03-11 05:31:47', '2021-03-11 05:32:38'),
(54, 6, 0, NULL, NULL, NULL, 'কৃষি শিক্ষা', '1013', 0, 0.00, 0.00, 100.00, 1, 0.00, 5.00, 2.00, 0, NULL, 1, '2021-03-11 05:33:11', '2021-03-11 05:33:11'),
(55, 6, 0, NULL, NULL, NULL, 'কর্ম ও জীবনমুখী শিক্ষা', '1014', 0, 0.00, 0.00, 100.00, 1, 0.00, 5.00, 3.00, 0, NULL, 1, '2021-03-11 05:33:41', '2021-03-11 05:33:41'),
(56, 6, 0, NULL, NULL, NULL, 'গার্হস্থ্য বিজ্ঞান', '1015', 0, 0.00, 0.00, 100.00, 1, 0.00, 5.00, 3.00, 0, NULL, 1, '2021-03-11 05:34:16', '2021-03-11 05:34:16'),
(57, 7, 0, NULL, NULL, NULL, 'আনন্দ পাঠ(বাংলা দ্রুত পঠন)', '1001', 0, 0.00, 0.00, 100.00, 0, 5.00, 0.00, 0.00, 0, NULL, 1, '2021-03-11 05:40:08', '2021-03-11 05:40:08'),
(58, 7, 0, NULL, NULL, NULL, 'English for Today', '1002', 0, 0.00, 0.00, 100.00, 0, 5.00, 0.00, 0.00, 0, NULL, 1, '2021-03-11 05:40:59', '2021-03-11 05:40:59'),
(59, 7, 0, NULL, NULL, NULL, 'সপ্তবর্ণা', '1003', 0, 0.00, 0.00, 100.00, 0, 5.00, 0.00, 0.00, 0, NULL, 1, '2021-03-11 05:41:25', '2021-03-11 05:41:25'),
(60, 7, 0, NULL, NULL, NULL, 'বাংলা ব্যকরণ ও নির্মিতি', '1004', 0, 0.00, 0.00, 100.00, 0, 5.00, 0.00, 0.00, 0, NULL, 1, '2021-03-11 05:41:47', '2021-03-11 05:41:47'),
(61, 7, 0, NULL, NULL, NULL, 'গণিত', '1005', 0, 0.00, 0.00, 100.00, 0, 5.00, 0.00, 0.00, 0, NULL, 1, '2021-03-11 05:42:10', '2021-03-11 05:42:10'),
(62, 7, 0, NULL, NULL, NULL, 'বিজ্ঞান', '1006', 0, 0.00, 0.00, 100.00, 0, 5.00, 0.00, 0.00, 0, NULL, 1, '2021-03-11 05:42:31', '2021-03-11 05:42:31'),
(63, 7, 0, NULL, NULL, NULL, 'বাংলাদেশ ও বিশ্বপরিচয়', '1008', 0, 0.00, 0.00, 100.00, 0, 5.00, 0.00, 0.00, 0, NULL, 1, '2021-03-11 05:43:53', '2021-03-11 05:43:53'),
(64, 7, 0, NULL, NULL, NULL, 'তথ্য ও যোগাযোগ প্রযুক্তি', '1009', 0, 0.00, 0.00, 100.00, 0, 5.00, 0.00, 0.00, 0, NULL, 1, '2021-03-11 05:44:22', '2021-03-11 05:44:22'),
(65, 7, 0, NULL, NULL, NULL, 'ইসলাম ও নৈতিক শিক্ষা', '1010', 0, 0.00, 0.00, 100.00, 0, 5.00, 0.00, 0.00, 1, 1, 1, '2021-03-11 05:44:45', '2021-03-11 05:44:45'),
(66, 7, 0, NULL, NULL, NULL, 'খ্রিষ্টধর্ম ও নৈতিক শিক্ষা', '1011', 0, 0.00, 0.00, 100.00, 0, 5.00, 0.00, 0.00, 1, 4, 1, '2021-03-11 05:45:05', '2021-03-11 05:45:20'),
(67, 7, 0, NULL, NULL, NULL, 'হিন্দুধর্ম ও নৈতিক শিক্ষা', '1012', 0, 0.00, 0.00, 100.00, 0, 5.00, 0.00, 0.00, 1, 2, 1, '2021-03-11 05:45:44', '2021-03-11 05:45:44'),
(68, 7, 0, NULL, NULL, NULL, 'বৌদ্ধধর্ম ও নৈতিক শিক্ষা', '1013', 0, 0.00, 0.00, 100.00, 0, 5.00, 0.00, 0.00, 1, 3, 1, '2021-03-11 05:46:03', '2021-03-11 05:46:03'),
(69, 7, 0, NULL, NULL, NULL, 'English Grammer and Composition', '1007', 0, 0.00, 0.00, 100.00, 0, 5.00, 0.00, 0.00, 0, NULL, 1, '2021-03-11 05:51:44', '2021-03-11 05:51:44'),
(70, 8, 0, NULL, NULL, NULL, 'আনন্দ পাঠ(বাংলা দ্রুত পঠন)', '1001', 0, 0.00, 0.00, 100.00, 0, 5.00, 0.00, 0.00, 0, NULL, 1, '2021-03-11 05:52:13', '2021-03-11 05:52:13'),
(71, 8, 0, NULL, NULL, NULL, 'বাংলা ব্যকরণ ও নির্মিতি', '1002', 0, 0.00, 0.00, 100.00, 0, 5.00, 0.00, 0.00, 0, NULL, 1, '2021-03-11 05:52:30', '2021-03-11 05:52:30'),
(72, 8, 0, NULL, NULL, NULL, 'English for Today', '1003', 0, 0.00, 0.00, 100.00, 0, 5.00, 0.00, 0.00, 0, NULL, 1, '2021-03-11 05:52:58', '2021-03-11 05:52:58'),
(73, 8, 0, NULL, NULL, NULL, 'English Grammer and Composition', '1004', 0, 0.00, 0.00, 100.00, 0, 5.00, 0.00, 0.00, 0, NULL, 1, '2021-03-11 05:53:18', '2021-03-11 05:53:18'),
(74, 8, 0, NULL, NULL, NULL, 'বিজ্ঞান', '1005', 0, 0.00, 0.00, 100.00, 0, 5.00, 0.00, 0.00, 0, NULL, 1, '2021-03-11 05:53:34', '2021-03-11 05:53:34'),
(75, 8, 0, NULL, NULL, NULL, 'বাংলাদেশ ও বিশ্বপরিচয়', '1006', 0, 0.00, 0.00, 100.00, 0, 5.00, 0.00, 0.00, 0, NULL, 1, '2021-03-11 05:53:50', '2021-03-11 05:53:50'),
(76, 8, 0, NULL, NULL, NULL, 'ইসলাম ও নৈতিক শিক্ষা', '1007', 0, 0.00, 0.00, 100.00, 0, 5.00, 0.00, 0.00, 1, 1, 1, '2021-03-11 05:54:16', '2021-03-11 05:54:16'),
(77, 8, 0, NULL, NULL, NULL, 'হিন্দুধর্ম ও নৈতিক শিক্ষা', '1008', 0, 0.00, 0.00, 100.00, 0, 5.00, 0.00, 0.00, 1, 2, 1, '2021-03-11 05:54:34', '2021-03-11 05:54:34'),
(78, 8, 0, NULL, NULL, NULL, 'খ্রিষ্টান ধর্ম ও নৈতিক শিক্ষা', '1009', 0, 0.00, 0.00, 100.00, 0, 5.00, 0.00, 0.00, 1, 4, 1, '2021-03-11 05:54:53', '2021-03-11 05:54:53'),
(79, 8, 0, NULL, NULL, NULL, 'বৌদ্ধ ধর্ম ও নৈতিক শিক্ষা', '1010', 0, 0.00, 0.00, 100.00, 0, 5.00, 0.00, 0.00, 1, 3, 1, '2021-03-11 05:55:40', '2021-03-11 05:55:40'),
(80, 8, 0, NULL, NULL, NULL, 'গণিত', '1011', 0, 0.00, 0.00, 100.00, 0, 5.00, 0.00, 0.00, 0, NULL, 1, '2021-03-11 05:56:04', '2021-03-11 05:56:04'),
(81, 9, 1, 11, NULL, NULL, 'কৃষিশিক্ষা', '1021', 1, 75.00, 25.00, 100.00, 1, 0.00, 5.00, 3.00, 0, NULL, 1, '2021-03-11 05:59:42', '2021-03-11 05:59:42'),
(82, 9, 1, 12, NULL, NULL, 'বাংলা সাহিত্য', '1001', 0, 0.00, 0.00, 100.00, 0, 5.00, 0.00, 0.00, 0, NULL, 1, '2021-03-11 06:00:42', '2021-03-11 06:00:42'),
(83, 9, 1, 12, NULL, NULL, 'বাংলা ভাষার ব্যাকরণ', '1002', 0, 0.00, 0.00, 100.00, 0, 5.00, 0.00, 0.00, 0, NULL, 1, '2021-03-11 06:01:01', '2021-03-11 06:01:01'),
(84, 9, 1, 12, NULL, NULL, 'English for Toady', '1003', 0, 0.00, 0.00, 100.00, 0, 5.00, 0.00, 0.00, 0, NULL, 1, '2021-03-11 06:01:21', '2021-03-11 06:01:21'),
(85, 9, 1, 12, NULL, NULL, 'গণিত', '1004', 0, 0.00, 0.00, 100.00, 0, 5.00, 0.00, 0.00, 0, NULL, 1, '2021-03-11 06:01:41', '2021-03-11 06:01:41'),
(86, 9, 1, 12, NULL, NULL, 'Enlish Grammer and Composition', '1005', 0, 0.00, 0.00, 100.00, 0, 5.00, 0.00, 0.00, 0, NULL, 1, '2021-03-11 06:02:08', '2021-03-11 06:02:08'),
(87, 9, 1, 12, NULL, NULL, 'তথ্য ও যোগাযোগ প্রযুক্তি', '1006', 0, 0.00, 0.00, 100.00, 0, 5.00, 0.00, 0.00, 0, NULL, 1, '2021-03-11 06:02:37', '2021-03-11 06:02:37'),
(88, 9, 1, 12, NULL, NULL, 'হিসাববিজ্ঞান', '1007', 1, 75.00, 25.00, 100.00, 0, 5.00, 0.00, 0.00, 0, NULL, 1, '2021-03-11 06:03:15', '2021-03-11 06:03:15'),
(89, 9, 1, 12, NULL, NULL, 'ফিন্যান্স ও ব্যাংকিং', '1008', 1, 75.00, 25.00, 100.00, 0, 5.00, 0.00, 0.00, 0, NULL, 1, '2021-03-11 06:03:40', '2021-03-11 06:03:40'),
(90, 9, 1, 12, NULL, NULL, 'ব্যবসায় উদ্যোগ', '1009', 1, 75.00, 25.00, 100.00, 1, 0.00, 5.00, 3.00, 0, NULL, 1, '2021-03-11 06:04:24', '2021-03-11 06:07:00'),
(91, 9, 1, 12, NULL, NULL, 'ইসলাম ও নৈতিক শিক্ষা', '1010', 0, 0.00, 0.00, 100.00, 0, 5.00, 0.00, 0.00, 1, 1, 1, '2021-03-11 06:04:48', '2021-03-11 06:04:48'),
(92, 9, 1, 12, NULL, NULL, 'হিন্দু ধর্ম ও নৈতিক শিক্ষা', '1012', 0, 0.00, 0.00, 100.00, 0, 5.00, 0.00, 0.00, 1, 2, 1, '2021-03-11 06:05:28', '2021-03-11 06:05:28'),
(93, 9, 1, 12, NULL, NULL, 'বৌদ্ধধর্ম ও নৈতিক শিক্ষা', '1013', 0, 0.00, 0.00, 100.00, 0, 5.00, 0.00, 0.00, 1, 3, 1, '2021-03-11 06:05:57', '2021-03-11 06:05:57'),
(94, 9, 1, 11, NULL, NULL, 'খ্রিষ্টধর্ম ও নৈতিক শিক্ষা', '1014', 0, 0.00, 0.00, 100.00, 0, 5.00, 0.00, 0.00, 1, 4, 1, '2021-03-11 06:06:28', '2021-03-11 06:06:28'),
(95, 9, 1, 13, NULL, NULL, 'বাংলা সাহিত্য', '1001', 0, 0.00, 0.00, 100.00, 0, 5.00, 0.00, 0.00, 0, NULL, 1, '2021-03-11 06:08:09', '2021-03-11 06:08:09'),
(96, 9, 1, 13, NULL, NULL, 'বাংলা ভাষার ব্যাকরণ', '1002', 0, 0.00, 0.00, 100.00, 0, 5.00, 0.00, 0.00, 0, NULL, 1, '2021-03-11 06:09:38', '2021-03-11 06:09:38'),
(97, 9, 1, 13, NULL, NULL, 'English for Toady', '1003', 0, 0.00, 0.00, 100.00, 0, 5.00, 0.00, 0.00, 0, NULL, 1, '2021-03-11 06:09:45', '2021-03-11 06:09:45'),
(98, 9, 1, 13, NULL, NULL, 'গণিত', '1004', 0, 0.00, 0.00, 100.00, 0, 5.00, 0.00, 0.00, 0, NULL, 1, '2021-03-11 06:09:51', '2021-03-11 06:09:51'),
(99, 9, 1, 13, NULL, NULL, 'Enlish Grammer and Composition', '1005', 0, 0.00, 0.00, 100.00, 0, 5.00, 0.00, 0.00, 0, NULL, 1, '2021-03-11 06:09:59', '2021-03-11 06:09:59'),
(100, 9, 1, 13, NULL, NULL, 'তথ্য ও যোগাযোগ প্রযুক্তি', '1006', 0, 0.00, 0.00, 100.00, 0, 5.00, 0.00, 0.00, 0, NULL, 1, '2021-03-11 06:10:09', '2021-03-11 06:10:09'),
(101, 9, 1, 13, NULL, NULL, 'ভূগোল ও পরিবেশ', '1007', 1, 75.00, 25.00, 100.00, 0, 5.00, 0.00, 0.00, 0, NULL, 1, '2021-03-11 06:10:48', '2021-03-11 06:10:48'),
(102, 9, 1, 13, NULL, NULL, 'অর্থনীতি', '1008', 1, 75.00, 25.00, 100.00, 0, 5.00, 0.00, 0.00, 0, NULL, 1, '2021-03-11 06:10:59', '2021-03-11 06:10:59'),
(103, 9, 1, 13, NULL, NULL, 'পৌরনীতি ও নাগরিকতা', '1009', 1, 75.00, 25.00, 100.00, 1, 0.00, 5.00, 3.00, 0, NULL, 1, '2021-03-11 06:11:19', '2021-03-11 06:11:19'),
(104, 9, 1, 13, NULL, NULL, 'ইসলাম ও নৈতিক শিক্ষা', '1010', 0, 0.00, 0.00, 100.00, 0, 5.00, 0.00, 0.00, 1, 1, 1, '2021-03-11 06:11:38', '2021-03-11 06:11:38'),
(105, 9, 1, 13, NULL, NULL, 'হিন্দু ধর্ম ও নৈতিক শিক্ষা', '1011', 0, 0.00, 0.00, 100.00, 0, 5.00, 0.00, 0.00, 1, 2, 1, '2021-03-11 06:11:47', '2021-03-11 06:11:47'),
(106, 9, 1, 13, NULL, NULL, 'বৌদ্ধধর্ম ও নৈতিক শিক্ষা', '1012', 0, 0.00, 0.00, 100.00, 0, 5.00, 0.00, 0.00, 1, 3, 1, '2021-03-11 06:11:56', '2021-03-11 06:11:56'),
(107, 9, 1, 13, NULL, NULL, 'খ্রিষ্টধর্ম ও নৈতিক শিক্ষা', '1013', 0, 0.00, 0.00, 100.00, 0, 5.00, 0.00, 0.00, 1, 4, 1, '2021-03-11 06:12:04', '2021-03-11 06:12:04'),
(108, 10, 1, 11, NULL, NULL, 'বাংলা সাহিত্য', '1001', 0, 0.00, 0.00, 100.00, 0, 5.00, 0.00, 0.00, 0, NULL, 1, '2021-03-11 06:12:58', '2021-03-11 06:12:58'),
(109, 10, 1, 11, NULL, NULL, 'বাংলা ভাষার ব্যাকরণ', '1002', 0, 0.00, 0.00, 100.00, 0, 5.00, 0.00, 0.00, 0, NULL, 1, '2021-03-11 06:13:04', '2021-03-11 06:13:04'),
(110, 10, 1, 11, NULL, NULL, 'English for Toady', '1003', 0, 0.00, 0.00, 100.00, 0, 5.00, 0.00, 0.00, 0, NULL, 1, '2021-03-11 06:13:09', '2021-03-11 06:13:09'),
(111, 10, 1, 11, NULL, NULL, 'গণিত', '1004', 0, 0.00, 0.00, 100.00, 0, 5.00, 0.00, 0.00, 0, NULL, 1, '2021-03-11 06:13:15', '2021-03-11 06:13:15'),
(112, 10, 1, 11, NULL, NULL, 'Enlish Grammer and Composition', '1005', 0, 0.00, 0.00, 100.00, 0, 5.00, 0.00, 0.00, 0, NULL, 1, '2021-03-11 06:13:20', '2021-03-11 06:13:20'),
(113, 10, 1, 11, NULL, NULL, 'তথ্য ও যোগাযোগ প্রযুক্তি', '1006', 0, 0.00, 0.00, 100.00, 0, 5.00, 0.00, 0.00, 0, NULL, 1, '2021-03-11 06:13:27', '2021-03-11 06:13:27'),
(114, 10, 1, 11, NULL, NULL, 'পদার্থবিজ্ঞান', '1007', 1, 75.00, 25.00, 100.00, 0, 5.00, 0.00, 0.00, 0, NULL, 1, '2021-03-11 06:13:46', '2021-03-11 06:13:46'),
(115, 10, 1, 11, NULL, NULL, 'রসায়ন', '1008', 1, 75.00, 25.00, 100.00, 0, 5.00, 0.00, 0.00, 0, NULL, 1, '2021-03-11 06:14:24', '2021-03-11 06:14:24'),
(116, 10, 1, 11, NULL, NULL, 'জীববিজ্ঞান', '1009', 1, 75.00, 25.00, 100.00, 1, 0.00, 5.00, 3.00, 0, NULL, 1, '2021-03-11 06:14:41', '2021-03-11 06:14:41'),
(117, 10, 1, 11, NULL, NULL, 'উচ্চতর গণিত', '1010', 1, 75.00, 25.00, 100.00, 1, 0.00, 5.00, 3.00, 0, NULL, 1, '2021-03-11 06:14:48', '2021-03-11 06:14:48'),
(118, 10, 1, 11, NULL, NULL, 'ইসলাম ও নৈতিক শিক্ষা', '1011', 0, 0.00, 0.00, 100.00, 0, 5.00, 0.00, 0.00, 1, 1, 1, '2021-03-11 06:15:13', '2021-03-11 06:15:13'),
(119, 10, 1, 11, NULL, NULL, 'হিন্দু ধর্ম ও নৈতিক শিক্ষা', '1012', 0, 0.00, 0.00, 100.00, 0, 5.00, 0.00, 0.00, 1, 2, 1, '2021-03-11 06:15:20', '2021-03-11 06:15:20'),
(120, 10, 1, 11, NULL, NULL, 'বৌদ্ধধর্ম ও নৈতিক শিক্ষা', '1013', 0, 0.00, 0.00, 100.00, 0, 5.00, 0.00, 0.00, 1, 3, 1, '2021-03-11 06:15:32', '2021-03-11 06:15:32'),
(121, 10, 1, 11, NULL, NULL, 'খ্রিষ্টধর্ম ও নৈতিক শিক্ষা', '1014', 0, 0.00, 0.00, 100.00, 0, 5.00, 0.00, 0.00, 1, 4, 1, '2021-03-11 06:15:44', '2021-03-11 06:15:44');

-- --------------------------------------------------------

--
-- Table structure for table `academic_years`
--

CREATE TABLE `academic_years` (
  `id` bigint(20) UNSIGNED NOT NULL,
  `name` varchar(191) COLLATE utf8mb4_unicode_ci NOT NULL,
  `seat` int(11) NOT NULL,
  `status` tinyint(1) NOT NULL DEFAULT '0',
  `created_at` timestamp NULL DEFAULT NULL,
  `updated_at` timestamp NULL DEFAULT NULL
) ENGINE=InnoDB DEFAULT CHARSET=utf8mb4 COLLATE=utf8mb4_unicode_ci;

--
-- Dumping data for table `academic_years`
--

INSERT INTO `academic_years` (`id`, `name`, `seat`, `status`, `created_at`, `updated_at`) VALUES
(1, 'প্রথম বর্ষ', 400, 1, '2021-03-15 11:50:49', '2021-03-15 11:50:49'),
(2, 'দ্বিতীয় বর্ষ', 400, 1, '2021-03-15 11:51:37', '2021-03-15 11:51:37'),
(3, 'তৃতীয় বর্ষ', 400, 1, '2021-03-15 11:52:39', '2021-03-15 11:52:39'),
(4, 'চতুর্থ বর্ষ', 400, 1, '2021-03-15 11:54:01', '2021-03-15 11:54:42');

-- --------------------------------------------------------

--
-- Table structure for table `admissions`
--

CREATE TABLE `admissions` (
  `id` bigint(20) UNSIGNED NOT NULL,
  `user_id` bigint(20) UNSIGNED NOT NULL,
  `academic_session_id` bigint(20) UNSIGNED NOT NULL,
  `academic_data_id` bigint(20) UNSIGNED NOT NULL,
  `status` tinyint(1) NOT NULL DEFAULT '0',
  `created_at` timestamp NULL DEFAULT NULL,
  `updated_at` timestamp NULL DEFAULT NULL
) ENGINE=InnoDB DEFAULT CHARSET=utf8mb4 COLLATE=utf8mb4_unicode_ci;

--
-- Dumping data for table `admissions`
--

INSERT INTO `admissions` (`id`, `user_id`, `academic_session_id`, `academic_data_id`, `status`, `created_at`, `updated_at`) VALUES
(28, 107, 2, 66, 0, '2021-03-11 11:00:57', '2021-03-11 11:00:57'),
(29, 6, 2, 1, 0, '2021-03-16 12:01:41', '2021-03-16 12:01:41'),
(30, 10, 3, 2, 0, '2021-03-16 12:42:08', '2021-03-16 12:42:08');

-- --------------------------------------------------------

--
-- Table structure for table `basic_settings`
--

CREATE TABLE `basic_settings` (
  `id` bigint(20) UNSIGNED NOT NULL,
  `title` varchar(191) COLLATE utf8mb4_unicode_ci NOT NULL,
  `level` tinyint(4) DEFAULT NULL,
  `est` varchar(50) COLLATE utf8mb4_unicode_ci NOT NULL,
  `phone` varchar(50) COLLATE utf8mb4_unicode_ci NOT NULL,
  `email` varchar(50) COLLATE utf8mb4_unicode_ci NOT NULL,
  `address` varchar(191) COLLATE utf8mb4_unicode_ci NOT NULL,
  `sms_api` text COLLATE utf8mb4_unicode_ci,
  `copy_text` text COLLATE utf8mb4_unicode_ci NOT NULL,
  `created_at` timestamp NULL DEFAULT NULL,
  `updated_at` timestamp NULL DEFAULT NULL
) ENGINE=InnoDB DEFAULT CHARSET=utf8mb4 COLLATE=utf8mb4_unicode_ci;

--
-- Dumping data for table `basic_settings`
--

INSERT INTO `basic_settings` (`id`, `title`, `level`, `est`, `phone`, `email`, `address`, `sms_api`, `copy_text`, `created_at`, `updated_at`) VALUES
(1, 'চাইলেই হয়', 3, '2021', '+8801571118839', 'hellomrhasan@gmail.com', 'Purba Shapkhana, Beparir Hat', 'asdasd', 'Created By Appllys', NULL, '2021-02-12 03:01:16');

-- --------------------------------------------------------

--
-- Table structure for table `blood_groups`
--

CREATE TABLE `blood_groups` (
  `id` bigint(20) UNSIGNED NOT NULL,
  `name` varchar(50) COLLATE utf8mb4_unicode_ci NOT NULL
) ENGINE=InnoDB DEFAULT CHARSET=utf8mb4 COLLATE=utf8mb4_unicode_ci;

--
-- Dumping data for table `blood_groups`
--

INSERT INTO `blood_groups` (`id`, `name`) VALUES
(1, 'A+'),
(2, 'A-'),
(3, 'B+'),
(4, 'B-'),
(5, 'O+'),
(6, 'O-'),
(7, 'AB+'),
(8, 'AB-'),
(9, 'X');

-- --------------------------------------------------------

--
-- Table structure for table `class_periods`
--

CREATE TABLE `class_periods` (
  `id` bigint(20) UNSIGNED NOT NULL,
  `title` varchar(191) COLLATE utf8mb4_unicode_ci NOT NULL,
  `start` time NOT NULL,
  `end` time NOT NULL,
  `show` varchar(191) COLLATE utf8mb4_unicode_ci NOT NULL,
  `created_at` timestamp NULL DEFAULT NULL,
  `updated_at` timestamp NULL DEFAULT NULL
) ENGINE=InnoDB DEFAULT CHARSET=utf8mb4 COLLATE=utf8mb4_unicode_ci;

--
-- Dumping data for table `class_periods`
--

INSERT INTO `class_periods` (`id`, `title`, `start`, `end`, `show`, `created_at`, `updated_at`) VALUES
(1, 'Period One', '10:00:00', '11:00:00', '10:00-11:00', '2021-04-04 11:19:21', '2021-04-04 11:25:46'),
(2, 'Period Two', '11:00:00', '12:00:00', '11:00-12:00', '2021-04-04 11:23:10', '2021-04-04 11:26:21'),
(3, 'Period Three', '12:00:00', '13:00:00', '12:00-13:00', '2021-04-04 11:23:43', '2021-04-04 11:23:43'),
(4, 'Period Four', '13:00:00', '14:00:00', '13:00-14:00', '2021-04-04 11:26:56', '2021-04-04 11:26:56');

-- --------------------------------------------------------

--
-- Table structure for table `customers`
--

CREATE TABLE `customers` (
  `id` bigint(20) UNSIGNED NOT NULL,
  `name` varchar(191) COLLATE utf8mb4_unicode_ci NOT NULL,
  `email` varchar(191) COLLATE utf8mb4_unicode_ci NOT NULL,
  `phone` varchar(191) COLLATE utf8mb4_unicode_ci NOT NULL,
  `website` varchar(191) COLLATE utf8mb4_unicode_ci NOT NULL,
  `created_at` timestamp NULL DEFAULT NULL,
  `updated_at` timestamp NULL DEFAULT NULL
) ENGINE=InnoDB DEFAULT CHARSET=utf8mb4 COLLATE=utf8mb4_unicode_ci;

--
-- Dumping data for table `customers`
--

INSERT INTO `customers` (`id`, `name`, `email`, `phone`, `website`, `created_at`, `updated_at`) VALUES
(1, 'Jaiden Murphy', 'lcrist@example.com', '1-873-924-1978', 'http://stamm.net/', '2020-10-31 15:27:45', '2020-10-31 15:27:45'),
(2, 'Lauren Denesik', 'nstokes@example.com', '1-851-932-6105', 'https://www.turner.net/non-dolor-ipsam-praesentium-est-quas', '2020-10-31 15:27:45', '2020-10-31 15:27:45'),
(3, 'Brandon Greenfelder Sr.', 'koss.buster@example.net', '(869) 790-3247', 'http://www.wyman.biz/fugiat-nesciunt-repellat-dolores-explicabo-facilis-rerum-error', '2020-10-31 15:27:45', '2020-10-31 15:27:45'),
(4, 'Lucas Bailey PhD', 'vchamplin@example.net', '897.588.4481', 'http://cummings.com/eos-dignissimos-modi-aspernatur-commodi-quasi', '2020-10-31 15:27:45', '2020-10-31 15:27:45'),
(5, 'Mrs. Treva Upton MD', 'jschmeler@example.com', '630-735-2923 x072', 'http://rippin.net/non-sapiente-unde-nulla-rem-et.html', '2020-10-31 15:27:45', '2020-10-31 15:27:45'),
(6, 'Mr. Kieran Rutherford DDS', 'kuhn.green@example.org', '+19367219796', 'https://www.lowe.info/minus-laborum-veritatis-quo-nihil', '2020-10-31 15:27:45', '2020-10-31 15:27:45'),
(7, 'Julie Goyette', 'uriel13@example.com', '758.785.8295', 'http://hirthe.biz/unde-quo-asperiores-sed-officia-vel-veniam', '2020-10-31 15:27:45', '2020-10-31 15:27:45'),
(8, 'Ines Medhurst', 'lorena25@example.org', '+1-353-337-8827', 'http://murazik.com/molestiae-amet-qui-quis-vel-totam-nobis', '2020-10-31 15:27:45', '2020-10-31 15:27:45'),
(9, 'Amara Douglas', 'jovanny.wyman@example.net', '+17249162567', 'https://kuphal.info/et-non-enim-totam-quibusdam.html', '2020-10-31 15:27:45', '2020-10-31 15:27:45'),
(10, 'Mason Friesen', 'xjohns@example.com', '757.962.9402 x50608', 'http://www.spencer.com/est-non-sit-ut-reiciendis', '2020-10-31 15:27:45', '2020-10-31 15:27:45'),
(11, 'Alexa Romaguera II', 'jordon02@example.org', '626-766-0972 x505', 'http://hackett.com/', '2020-10-31 15:27:46', '2020-10-31 15:27:46'),
(12, 'Lexi Rowe', 'dibbert.brock@example.com', '883.757.5082', 'http://rice.com/dolor-omnis-quis-corrupti-molestias-quibusdam-hic', '2020-10-31 15:27:46', '2020-10-31 15:27:46'),
(13, 'Prof. Anabelle Leffler', 'hpouros@example.com', '264.200.3075 x359', 'http://hagenes.org/magni-similique-inventore-autem-facilis-fugiat-dicta-nulla', '2020-10-31 15:27:46', '2020-10-31 15:27:46'),
(14, 'Rozella Johnston', 'carley63@example.com', '378.461.1314 x1399', 'http://roberts.net/', '2020-10-31 15:27:46', '2020-10-31 15:27:46'),
(15, 'Liliana Bogan', 'wmosciski@example.net', '(221) 205-1123', 'http://www.goldner.com/minus-accusantium-vitae-doloribus-repellat-perspiciatis-nisi-velit', '2020-10-31 15:27:46', '2020-10-31 15:27:46'),
(16, 'Elsie Lubowitz PhD', 'elsie12@example.net', '+1.361.330.2020', 'http://mueller.com/ratione-ad-esse-rerum.html', '2020-10-31 15:27:46', '2020-10-31 15:27:46'),
(17, 'Mr. Eliezer Treutel', 'zheaney@example.org', '+1 (715) 468-8694', 'http://mayer.com/cumque-nam-placeat-ea-sit-vel', '2020-10-31 15:27:46', '2020-10-31 15:27:46'),
(18, 'Penelope Baumbach', 'bartell.brenden@example.com', '+1-783-264-1961', 'http://www.frami.org/', '2020-10-31 15:27:46', '2020-10-31 15:27:46'),
(19, 'Dr. Furman Heidenreich', 'alexanne61@example.org', '932-744-3697 x956', 'http://deckow.net/quia-placeat-quidem-fugiat-natus-nemo-molestiae', '2020-10-31 15:27:46', '2020-10-31 15:27:46'),
(20, 'Prof. Lillian Torp', 'vconsidine@example.com', '1-664-922-4858', 'http://okon.info/doloremque-est-occaecati-dolorum-ab', '2020-10-31 15:27:46', '2020-10-31 15:27:46'),
(21, 'Mrs. Candace Murphy Sr.', 'gisselle.hammes@example.com', '1-620-598-8645', 'https://will.com/ratione-consequatur-at-et-rerum-sit-facere.html', '2020-10-31 15:27:46', '2020-10-31 15:27:46'),
(22, 'Jody O\'Keefe V', 'amira78@example.org', '1-253-915-8491', 'http://mitchell.com/', '2020-10-31 15:27:46', '2020-10-31 15:27:46'),
(23, 'Berta Rodriguez', 'lynch.breanne@example.org', '1-595-852-0932 x9996', 'http://brekke.org/explicabo-dicta-quia-sed-magnam-commodi-blanditiis-et-blanditiis.html', '2020-10-31 15:27:46', '2020-10-31 15:27:46'),
(24, 'Ceasar Dickens', 'maeve.hudson@example.com', '1-736-232-3516 x5216', 'http://www.bergnaum.com/', '2020-10-31 15:27:46', '2020-10-31 15:27:46'),
(25, 'Stacy Kreiger', 'mcclure.marta@example.com', '(824) 241-7928 x70534', 'http://www.hettinger.com/officia-et-adipisci-vel-quidem-voluptas', '2020-10-31 15:27:46', '2020-10-31 15:27:46'),
(26, 'Dr. Carlie Murphy Sr.', 'anibal62@example.org', '281.909.1865 x180', 'https://www.streich.com/ducimus-quia-perspiciatis-labore-sint-consectetur-ut-et-consequatur', '2020-10-31 15:27:46', '2020-10-31 15:27:46'),
(27, 'Rossie Flatley', 'else.batz@example.org', '+1.425.978.9489', 'http://wisoky.info/ratione-cumque-id-soluta-ratione-molestias', '2020-10-31 15:27:46', '2020-10-31 15:27:46'),
(28, 'Roscoe Durgan II', 'bschneider@example.org', '730-630-2915 x778', 'http://gottlieb.com/vel-sit-est-esse-voluptatem-eveniet-consectetur', '2020-10-31 15:27:46', '2020-10-31 15:27:46'),
(29, 'Hiram Gibson', 'eschimmel@example.com', '(956) 458-6782 x49470', 'http://www.beatty.info/molestiae-labore-veritatis-praesentium-alias-et-culpa', '2020-10-31 15:27:46', '2020-10-31 15:27:46'),
(30, 'Prudence Wiegand Jr.', 'catalina.collier@example.com', '905-433-2338 x50903', 'http://rempel.net/nostrum-similique-aut-nesciunt-dolor.html', '2020-10-31 15:27:46', '2020-10-31 15:27:46'),
(31, 'Dr. Courtney Koepp I', 'chickle@example.com', '+1 (954) 642-1640', 'http://durgan.info/corrupti-iure-et-ab-amet.html', '2020-10-31 15:27:46', '2020-10-31 15:27:46'),
(32, 'Mr. Tyrique Boyer MD', 'noconner@example.com', '616.861.3206', 'http://rutherford.com/maiores-culpa-impedit-omnis-iure', '2020-10-31 15:27:46', '2020-10-31 15:27:46'),
(33, 'Prof. Jaydon Gleason PhD', 'vella.ratke@example.net', '858.395.5094', 'http://spencer.com/', '2020-10-31 15:27:46', '2020-10-31 15:27:46'),
(34, 'Kaelyn Dare', 'xruecker@example.org', '1-989-724-9435', 'http://www.koelpin.com/', '2020-10-31 15:27:46', '2020-10-31 15:27:46'),
(35, 'Mrs. Margie Adams DVM', 'polson@example.net', '832-810-4817 x04274', 'http://walker.com/molestias-nam-quidem-aut-unde-occaecati-nostrum', '2020-10-31 15:27:46', '2020-10-31 15:27:46'),
(36, 'Alvah Kreiger', 'ebarton@example.org', '1-596-701-1362', 'http://spencer.com/qui-aut-non-suscipit-dolorum.html', '2020-10-31 15:27:46', '2020-10-31 15:27:46'),
(37, 'Mrs. Shaniya Kling', 'paris.oconner@example.net', '1-421-772-1149', 'https://keeling.biz/iure-nemo-laudantium-nihil-vel-voluptas-ex.html', '2020-10-31 15:27:46', '2020-10-31 15:27:46'),
(38, 'Cleveland Zemlak', 'harber.susanna@example.com', '+16609263648', 'http://www.erdman.info/ut-doloribus-dolor-voluptatem-mollitia-quaerat', '2020-10-31 15:27:46', '2020-10-31 15:27:46'),
(39, 'Meda Hane', 'aurelia.labadie@example.org', '603-830-2493', 'http://www.schaefer.com/rem-sint-voluptatem-nostrum-iure-natus-quod', '2020-10-31 15:27:46', '2020-10-31 15:27:46'),
(40, 'Kamron McKenzie', 'fatima42@example.com', '+18095062731', 'http://pagac.com/', '2020-10-31 15:27:46', '2020-10-31 15:27:46'),
(41, 'Rebeka McLaughlin', 'flehner@example.net', '1-275-285-3439 x01102', 'http://www.kreiger.net/quam-enim-assumenda-quam-deserunt', '2020-10-31 15:27:46', '2020-10-31 15:27:46'),
(42, 'Quinn Daniel', 'zetta.hill@example.org', '(673) 861-0661 x20102', 'http://labadie.com/enim-ut-quo-animi-ut-possimus-quam-velit', '2020-10-31 15:27:46', '2020-10-31 15:27:46'),
(43, 'Prof. Aliya Dietrich Sr.', 'kaley78@example.org', '+1-558-828-4937', 'https://www.roberts.org/rerum-velit-voluptate-dicta-pariatur', '2020-10-31 15:27:47', '2020-10-31 15:27:47'),
(44, 'Devante Friesen', 'armstrong.carlie@example.org', '1-868-732-4311', 'http://www.nikolaus.com/hic-sit-modi-quidem-nesciunt-vero-soluta-et.html', '2020-10-31 15:27:47', '2020-10-31 15:27:47'),
(45, 'Zena Kuhic', 'adam70@example.org', '504-744-2261 x6710', 'http://koch.com/ut-aliquam-et-quo-et-eum-alias', '2020-10-31 15:27:47', '2020-10-31 15:27:47'),
(46, 'Jacynthe Rutherford', 'keshawn62@example.com', '(974) 661-3121', 'http://dicki.com/', '2020-10-31 15:27:47', '2020-10-31 15:27:47'),
(47, 'Joesph Ryan DVM', 'gleason.pierce@example.com', '254.928.7450', 'http://www.heidenreich.org/', '2020-10-31 15:27:47', '2020-10-31 15:27:47'),
(48, 'Blanche Stanton', 'cglover@example.com', '+1.837.313.5264', 'https://nienow.info/deserunt-culpa-quibusdam-eaque-inventore-doloribus-consectetur-quia-eveniet.html', '2020-10-31 15:27:47', '2020-10-31 15:27:47'),
(49, 'Ebony Frami V', 'eugene.ritchie@example.org', '539.437.7904', 'http://brakus.com/soluta-error-qui-odio-ducimus', '2020-10-31 15:27:47', '2020-10-31 15:27:47'),
(50, 'Cedrick Kessler', 'vohara@example.com', '952-533-8465 x540', 'http://www.jerde.com/', '2020-10-31 15:27:47', '2020-10-31 15:27:47'),
(51, 'Eaton Hayden', 'vyji@mailinator.com', '+1 (647) 845-4154', 'https://www.buqogazahidor.org', '2020-10-31 16:22:13', '2020-10-31 16:22:13'),
(52, 'Eaton Hayden', 'vyji@mailinator.com', '+1 (647) 845-4154', 'https://www.buqogazahidor.org', '2020-10-31 16:22:22', '2020-10-31 16:22:22'),
(53, 'Xenos Blake', 'cuma@mailinator.com', '+1 (467) 476-8155', 'https://www.tagofukumymezyg.net', '2020-10-31 16:23:06', '2020-10-31 16:23:06'),
(54, 'Oliver Roberson', 'dycopumivo@mailinator.com', '+1 (134) 685-5438', 'https://www.cicehybi.net', '2020-10-31 16:23:43', '2020-10-31 16:23:43'),
(55, 'Audra Conner', 'toziwepig@mailinator.com', '+1 (888) 483-9538', 'https://www.fafywuceqoha.me.uk', '2020-10-31 16:23:50', '2020-10-31 16:23:50'),
(56, 'Roth Edwards', 'gefeka@mailinator.com', '+1 (886) 378-9136', 'https://www.wakyzymuvysale.me', '2020-10-31 16:24:18', '2020-10-31 16:24:18'),
(57, 'Yuli Webb', 'vylifup@mailinator.com', '+1 (951) 604-5853', 'https://www.gyvyloqyq.co.uk', '2020-10-31 16:24:30', '2020-10-31 16:24:30'),
(58, 'Hasan Rahman', 'hellomrhasan@gmail.com', '+8801716199668', 'https://www.kabelyhufynaqu.tv', '2020-10-31 16:48:29', '2020-10-31 16:48:29'),
(59, 'Penelope Jensen', 'puqumuh@mailinator.com', '+1 (472) 523-7549', 'https://www.hafumipo.biz', '2020-10-31 16:56:29', '2020-10-31 16:56:29'),
(60, 'Kuame Deleon', 'qowomyze@mailinator.com', '+1 (832) 126-9835', 'https://www.fizelex.co.uk', '2020-11-02 15:43:03', '2020-11-02 15:43:03'),
(61, 'Hasan Rahman', 'hellomrhasan@gmail.com', '+8801716199668', 'https://www.jyrejepor.us', '2020-11-15 14:32:01', '2020-11-15 14:32:01'),
(62, 'Shad Molina', 'lyhowikory@mailinator.com', '+1 (947) 214-5554', 'https://www.wymubavijipo.com.au', '2020-12-01 06:48:14', '2020-12-01 06:48:14'),
(63, 'Carter Doyle', 'bojafyxyn@mailinator.com', '+1 (338) 236-9564', 'https://www.bemyb.com', '2020-12-04 11:07:02', '2020-12-04 11:07:02'),
(64, 'Ezekiel Kirk', 'sexetaleci@mailinator.com', '+1 (753) 911-1845', 'https://www.rutylezahypuzo.me', '2020-12-04 14:36:56', '2020-12-04 14:36:56'),
(65, 'George Wilson', 'suxum@mailinator.com', '+1 (673) 349-7573', 'https://www.paxo.biz', '2021-01-02 02:40:44', '2021-01-02 02:40:44'),
(66, 'Tanya Gibbs', 'ferysoh@mailinator.com', '+1 (131) 173-3486', 'https://www.xomutevyzibaj.mobi', '2021-01-02 09:07:22', '2021-01-02 09:07:22'),
(67, 'Ryan Flynn', 'zica@mailinator.com', '+1 (986) 953-4109', 'https://www.fonykuq.info', '2021-01-06 10:49:05', '2021-01-06 10:49:05');

-- --------------------------------------------------------

--
-- Table structure for table `designations`
--

CREATE TABLE `designations` (
  `id` bigint(20) UNSIGNED NOT NULL,
  `title` varchar(191) COLLATE utf8mb4_unicode_ci NOT NULL,
  `status` tinyint(1) NOT NULL DEFAULT '0',
  `created_at` timestamp NULL DEFAULT NULL,
  `updated_at` timestamp NULL DEFAULT NULL
) ENGINE=InnoDB DEFAULT CHARSET=utf8mb4 COLLATE=utf8mb4_unicode_ci;

--
-- Dumping data for table `designations`
--

INSERT INTO `designations` (`id`, `title`, `status`, `created_at`, `updated_at`) VALUES
(1, 'প্রধান শিক্ষক', 1, '2021-03-17 02:39:24', '2021-03-17 02:39:24'),
(2, 'সহকারী শিক্ষক', 1, '2021-03-17 02:55:02', '2021-03-17 02:55:02'),
(3, 'খন্ডকালীন শিক্ষক', 1, '2021-03-17 02:55:34', '2021-03-17 02:55:34'),
(4, 'বিভাগীয় প্রধান', 1, '2021-03-17 02:56:18', '2021-03-17 02:56:18'),
(5, 'প্রফেসর', 1, '2021-03-17 02:56:37', '2021-03-17 02:56:37'),
(6, 'সহকারী প্রফেসর', 1, '2021-03-17 02:56:55', '2021-03-17 02:56:55');

-- --------------------------------------------------------

--
-- Table structure for table `districts`
--

CREATE TABLE `districts` (
  `id` int(2) NOT NULL,
  `division_id` int(1) NOT NULL,
  `name` varchar(25) NOT NULL,
  `bn_name` varchar(25) NOT NULL,
  `lat` varchar(15) DEFAULT NULL,
  `lon` varchar(15) DEFAULT NULL,
  `url` varchar(50) NOT NULL
) ENGINE=InnoDB DEFAULT CHARSET=utf8mb4;

--
-- Dumping data for table `districts`
--

INSERT INTO `districts` (`id`, `division_id`, `name`, `bn_name`, `lat`, `lon`, `url`) VALUES
(1, 1, 'Comilla', 'কুমিল্লা', '23.4682747', '91.1788135', 'www.comilla.gov.bd'),
(2, 1, 'Feni', 'ফেনী', '23.023231', '91.3840844', 'www.feni.gov.bd'),
(3, 1, 'Brahmanbaria', 'ব্রাহ্মণবাড়িয়া', '23.9570904', '91.1119286', 'www.brahmanbaria.gov.bd'),
(4, 1, 'Rangamati', 'রাঙ্গামাটি', NULL, NULL, 'www.rangamati.gov.bd'),
(5, 1, 'Noakhali', 'নোয়াখালী', '22.869563', '91.099398', 'www.noakhali.gov.bd'),
(6, 1, 'Chandpur', 'চাঁদপুর', '23.2332585', '90.6712912', 'www.chandpur.gov.bd'),
(7, 1, 'Lakshmipur', 'লক্ষ্মীপুর', '22.942477', '90.841184', 'www.lakshmipur.gov.bd'),
(8, 1, 'Chattogram', 'চট্টগ্রাম', '22.335109', '91.834073', 'www.chittagong.gov.bd'),
(9, 1, 'Coxsbazar', 'কক্সবাজার', NULL, NULL, 'www.coxsbazar.gov.bd'),
(10, 1, 'Khagrachhari', 'খাগড়াছড়ি', '23.119285', '91.984663', 'www.khagrachhari.gov.bd'),
(11, 1, 'Bandarban', 'বান্দরবান', '22.1953275', '92.2183773', 'www.bandarban.gov.bd'),
(12, 2, 'Sirajganj', 'সিরাজগঞ্জ', '24.4533978', '89.7006815', 'www.sirajganj.gov.bd'),
(13, 2, 'Pabna', 'পাবনা', '23.998524', '89.233645', 'www.pabna.gov.bd'),
(14, 2, 'Bogura', 'বগুড়া', '24.8465228', '89.377755', 'www.bogra.gov.bd'),
(15, 2, 'Rajshahi', 'রাজশাহী', NULL, NULL, 'www.rajshahi.gov.bd'),
(16, 2, 'Natore', 'নাটোর', '24.420556', '89.000282', 'www.natore.gov.bd'),
(17, 2, 'Joypurhat', 'জয়পুরহাট', NULL, NULL, 'www.joypurhat.gov.bd'),
(18, 2, 'Chapainawabganj', 'চাঁপাইনবাবগঞ্জ', '24.5965034', '88.2775122', 'www.chapainawabganj.gov.bd'),
(19, 2, 'Naogaon', 'নওগাঁ', NULL, NULL, 'www.naogaon.gov.bd'),
(20, 3, 'Jashore', 'যশোর', '23.16643', '89.2081126', 'www.jessore.gov.bd'),
(21, 3, 'Satkhira', 'সাতক্ষীরা', NULL, NULL, 'www.satkhira.gov.bd'),
(22, 3, 'Meherpur', 'মেহেরপুর', '23.762213', '88.631821', 'www.meherpur.gov.bd'),
(23, 3, 'Narail', 'নড়াইল', '23.172534', '89.512672', 'www.narail.gov.bd'),
(24, 3, 'Chuadanga', 'চুয়াডাঙ্গা', '23.6401961', '88.841841', 'www.chuadanga.gov.bd'),
(25, 3, 'Kushtia', 'কুষ্টিয়া', '23.901258', '89.120482', 'www.kushtia.gov.bd'),
(26, 3, 'Magura', 'মাগুরা', '23.487337', '89.419956', 'www.magura.gov.bd'),
(27, 3, 'Khulna', 'খুলনা', '22.815774', '89.568679', 'www.khulna.gov.bd'),
(28, 3, 'Bagerhat', 'বাগেরহাট', '22.651568', '89.785938', 'www.bagerhat.gov.bd'),
(29, 3, 'Jhenaidah', 'ঝিনাইদহ', '23.5448176', '89.1539213', 'www.jhenaidah.gov.bd'),
(30, 4, 'Jhalakathi', 'ঝালকাঠি', NULL, NULL, 'www.jhalakathi.gov.bd'),
(31, 4, 'Patuakhali', 'পটুয়াখালী', '22.3596316', '90.3298712', 'www.patuakhali.gov.bd'),
(32, 4, 'Pirojpur', 'পিরোজপুর', NULL, NULL, 'www.pirojpur.gov.bd'),
(33, 4, 'Barisal', 'বরিশাল', NULL, NULL, 'www.barisal.gov.bd'),
(34, 4, 'Bhola', 'ভোলা', '22.685923', '90.648179', 'www.bhola.gov.bd'),
(35, 4, 'Barguna', 'বরগুনা', NULL, NULL, 'www.barguna.gov.bd'),
(36, 5, 'Sylhet', 'সিলেট', '24.8897956', '91.8697894', 'www.sylhet.gov.bd'),
(37, 5, 'Moulvibazar', 'মৌলভীবাজার', '24.482934', '91.777417', 'www.moulvibazar.gov.bd'),
(38, 5, 'Habiganj', 'হবিগঞ্জ', '24.374945', '91.41553', 'www.habiganj.gov.bd'),
(39, 5, 'Sunamganj', 'সুনামগঞ্জ', '25.0658042', '91.3950115', 'www.sunamganj.gov.bd'),
(40, 6, 'Narsingdi', 'নরসিংদী', '23.932233', '90.71541', 'www.narsingdi.gov.bd'),
(41, 6, 'Gazipur', 'গাজীপুর', '24.0022858', '90.4264283', 'www.gazipur.gov.bd'),
(42, 6, 'Shariatpur', 'শরীয়তপুর', NULL, NULL, 'www.shariatpur.gov.bd'),
(43, 6, 'Narayanganj', 'নারায়ণগঞ্জ', '23.63366', '90.496482', 'www.narayanganj.gov.bd'),
(44, 6, 'Tangail', 'টাঙ্গাইল', NULL, NULL, 'www.tangail.gov.bd'),
(45, 6, 'Kishoreganj', 'কিশোরগঞ্জ', '24.444937', '90.776575', 'www.kishoreganj.gov.bd'),
(46, 6, 'Manikganj', 'মানিকগঞ্জ', NULL, NULL, 'www.manikganj.gov.bd'),
(47, 6, 'Dhaka', 'ঢাকা', '23.7115253', '90.4111451', 'www.dhaka.gov.bd'),
(48, 6, 'Munshiganj', 'মুন্সিগঞ্জ', NULL, NULL, 'www.munshiganj.gov.bd'),
(49, 6, 'Rajbari', 'রাজবাড়ী', '23.7574305', '89.6444665', 'www.rajbari.gov.bd'),
(50, 6, 'Madaripur', 'মাদারীপুর', '23.164102', '90.1896805', 'www.madaripur.gov.bd'),
(51, 6, 'Gopalganj', 'গোপালগঞ্জ', '23.0050857', '89.8266059', 'www.gopalganj.gov.bd'),
(52, 6, 'Faridpur', 'ফরিদপুর', '23.6070822', '89.8429406', 'www.faridpur.gov.bd'),
(53, 7, 'Panchagarh', 'পঞ্চগড়', '26.3411', '88.5541606', 'www.panchagarh.gov.bd'),
(54, 7, 'Dinajpur', 'দিনাজপুর', '25.6217061', '88.6354504', 'www.dinajpur.gov.bd'),
(55, 7, 'Lalmonirhat', 'লালমনিরহাট', NULL, NULL, 'www.lalmonirhat.gov.bd'),
(56, 7, 'Nilphamari', 'নীলফামারী', '25.931794', '88.856006', 'www.nilphamari.gov.bd'),
(57, 7, 'Gaibandha', 'গাইবান্ধা', '25.328751', '89.528088', 'www.gaibandha.gov.bd'),
(58, 7, 'Thakurgaon', 'ঠাকুরগাঁও', '26.0336945', '88.4616834', 'www.thakurgaon.gov.bd'),
(59, 7, 'Rangpur', 'রংপুর', '25.7558096', '89.244462', 'www.rangpur.gov.bd'),
(60, 7, 'Kurigram', 'কুড়িগ্রাম', '25.805445', '89.636174', 'www.kurigram.gov.bd'),
(61, 8, 'Sherpur', 'শেরপুর', '25.0204933', '90.0152966', 'www.sherpur.gov.bd'),
(62, 8, 'Mymensingh', 'ময়মনসিংহ', NULL, NULL, 'www.mymensingh.gov.bd'),
(63, 8, 'Jamalpur', 'জামালপুর', '24.937533', '89.937775', 'www.jamalpur.gov.bd'),
(64, 8, 'Netrokona', 'নেত্রকোণা', '24.870955', '90.727887', 'www.netrokona.gov.bd');

-- --------------------------------------------------------

--
-- Table structure for table `divisions`
--

CREATE TABLE `divisions` (
  `id` int(1) NOT NULL,
  `name` varchar(25) NOT NULL,
  `bn_name` varchar(25) NOT NULL,
  `url` varchar(50) NOT NULL
) ENGINE=InnoDB DEFAULT CHARSET=utf8;

--
-- Dumping data for table `divisions`
--

INSERT INTO `divisions` (`id`, `name`, `bn_name`, `url`) VALUES
(1, 'Chattagram', 'চট্টগ্রাম', 'www.chittagongdiv.gov.bd'),
(2, 'Rajshahi', 'রাজশাহী', 'www.rajshahidiv.gov.bd'),
(3, 'Khulna', 'খুলনা', 'www.khulnadiv.gov.bd'),
(4, 'Barisal', 'বরিশাল', 'www.barisaldiv.gov.bd'),
(5, 'Sylhet', 'সিলেট', 'www.sylhetdiv.gov.bd'),
(6, 'Dhaka', 'ঢাকা', 'www.dhakadiv.gov.bd'),
(7, 'Rangpur', 'রংপুর', 'www.rangpurdiv.gov.bd'),
(8, 'Mymensingh', 'ময়মনসিংহ', 'www.mymensinghdiv.gov.bd');

-- --------------------------------------------------------

--
-- Table structure for table `email_settings`
--

CREATE TABLE `email_settings` (
  `id` bigint(20) UNSIGNED NOT NULL,
  `sender_name` varchar(100) COLLATE utf8mb4_unicode_ci NOT NULL,
  `sender_email` varchar(100) COLLATE utf8mb4_unicode_ci NOT NULL,
  `mail_driver` varchar(10) COLLATE utf8mb4_unicode_ci NOT NULL,
  `smtp_host` varchar(100) COLLATE utf8mb4_unicode_ci DEFAULT NULL,
  `smtp_port` varchar(10) COLLATE utf8mb4_unicode_ci DEFAULT NULL,
  `smtp_username` varchar(191) COLLATE utf8mb4_unicode_ci DEFAULT NULL,
  `smtp_password` varchar(191) COLLATE utf8mb4_unicode_ci DEFAULT NULL,
  `smtp_enc` varchar(191) COLLATE utf8mb4_unicode_ci DEFAULT NULL,
  `email_template` blob,
  `created_at` timestamp NULL DEFAULT NULL,
  `updated_at` timestamp NULL DEFAULT NULL
) ENGINE=InnoDB DEFAULT CHARSET=utf8mb4 COLLATE=utf8mb4_unicode_ci;

--
-- Dumping data for table `email_settings`
--

INSERT INTO `email_settings` (`id`, `sender_name`, `sender_email`, `mail_driver`, `smtp_host`, `smtp_port`, `smtp_username`, `smtp_password`, `smtp_enc`, `email_template`, `created_at`, `updated_at`) VALUES
(1, 'Hasan Rahman', 'hellomrhasan@gmail.com', 'smtp', 'smtp.mailtrap.io', '2525', 'afd1602376014a', '13e931a3b4b504', 'tls', 0x3c64697620636c6173733d227772617070657222207374796c653d226261636b67726f756e642d636f6c6f723a20726762283234322c203234322c20323432293b206865696768743a206175746f3b223e0a3c7461626c65207374796c653d22626f726465722d636f6c6c617073653a20636f6c6c617073653b207461626c652d6c61796f75743a2066697865643b20636f6c6f723a20236238623862383b20666f6e742d66616d696c793a205562756e74752c73616e732d73657269663b2220616c69676e3d2263656e746572223e0a3c74626f64793e0a3c74723e0a3c746420636c6173733d227072656865616465725f5f736e697070657422207374796c653d2270616464696e673a203130707820302035707820303b20766572746963616c2d616c69676e3a20746f703b2077696474683a2032383070783b223e266e6273703b3c2f74643e0a3c746420636c6173733d227072656865616465725f5f77656276657273696f6e22207374796c653d22746578742d616c69676e3a2072696768743b2070616464696e673a203130707820302035707820303b20766572746963616c2d616c69676e3a20746f703b2077696474683a2032383070783b223e266e6273703b3c2f74643e0a3c2f74723e0a3c2f74626f64793e0a3c2f7461626c653e0a3c7461626c6520636c6173733d226c61796f7574206c61796f75742d2d6e6f2d67757474657222207374796c653d22626f726465722d636f6c6c617073653a20636f6c6c617073653b207461626c652d6c61796f75743a2066697865643b206d617267696e2d6c6566743a206175746f3b206d617267696e2d72696768743a206175746f3b206f766572666c6f772d777261703a20627265616b2d776f72643b20776f72642d777261703a20627265616b2d776f72643b20776f72642d627265616b3a20627265616b2d776f72643b206261636b67726f756e642d636f6c6f723a20236666666666663b2220616c69676e3d2263656e746572223e0a3c74626f64793e0a3c74723e0a3c746420636c6173733d22636f6c756d6e22207374796c653d2270616464696e673a203070783b20746578742d616c69676e3a206c6566743b20766572746963616c2d616c69676e3a20746f703b20636f6c6f723a207267622839362c203130322c20313039293b206c696e652d6865696768743a20323170783b20666f6e742d66616d696c793a2073616e732d73657269663b2077696474683a2036303070783b223e0a3c646976207374796c653d22666f6e742d73697a653a20313470783b206d617267696e2d6c6566743a20323070783b206d617267696e2d72696768743a20323070783b206d617267696e2d746f703a20323470783b223e0a3c646976207374796c653d226c696e652d6865696768743a20313070783b20666f6e742d73697a653a203170783b223e266e6273703b3c2f6469763e0a3c2f6469763e0a3c646976207374796c653d22666f6e742d73697a653a20313470783b206d617267696e2d6c6566743a20323070783b206d617267696e2d72696768743a20323070783b223e0a3c68323e4869207b7b6e616d657d7d2c3c2f68323e3c703e3c7374726f6e673e7b7b6d6573736167657d7d3c2f7374726f6e673e3c62723e3c2f703e3c2f6469763e0a3c646976207374796c653d226d617267696e2d6c6566743a20323070783b206d617267696e2d72696768743a20323070783b206d617267696e2d626f74746f6d3a20323470783b223e0a3c7020636c6173733d2273697a652d313422207374796c653d226d617267696e2d746f703a203070783b206d617267696e2d626f74746f6d3a203070783b206c696e652d6865696768743a20323170783b223e3c666f6e742073697a653d2233223e3c623e5468616e6b732c3c2f623e3c2f666f6e743e3c62723e203c7374726f6e67207374796c653d22666f6e742d73697a653a20313470783b223e7b7b736974655f7469746c657d7d3c2f7374726f6e673e3c2f703e0a3c2f6469763e0a3c2f74643e0a3c2f74723e0a3c2f74626f64793e0a3c2f7461626c653e0a3c7461626c65207374796c653d22626f726465722d636f6c6c617073653a20636f6c6c617073653b207461626c652d6c61796f75743a2066697865643b20636f6c6f723a20236238623862383b20666f6e742d66616d696c793a205562756e74752c73616e732d73657269663b2220616c69676e3d2263656e746572223e0a3c74626f64793e0a3c74723e0a3c746420636c6173733d227072656865616465725f5f736e697070657422207374796c653d2270616464696e673a203130707820302035707820303b20766572746963616c2d616c69676e3a20746f703b2077696474683a2032383070783b223e266e6273703b3c2f74643e0a3c746420636c6173733d227072656865616465725f5f77656276657273696f6e22207374796c653d22746578742d616c69676e3a2072696768743b2070616464696e673a203130707820302035707820303b20766572746963616c2d616c69676e3a20746f703b2077696474683a2032383070783b223e266e6273703b3c2f74643e0a3c2f74723e0a3c2f74626f64793e0a3c2f7461626c653e0a3c6469762069643d22736964656261722d6f7665726c6179223e3c2f6469763e3c2f6469763e, NULL, '2021-01-14 12:20:21');

-- --------------------------------------------------------

--
-- Table structure for table `failed_jobs`
--

CREATE TABLE `failed_jobs` (
  `id` bigint(20) UNSIGNED NOT NULL,
  `connection` text COLLATE utf8mb4_unicode_ci NOT NULL,
  `queue` text COLLATE utf8mb4_unicode_ci NOT NULL,
  `payload` longtext COLLATE utf8mb4_unicode_ci NOT NULL,
  `exception` longtext COLLATE utf8mb4_unicode_ci NOT NULL,
  `failed_at` timestamp NOT NULL DEFAULT CURRENT_TIMESTAMP
) ENGINE=InnoDB DEFAULT CHARSET=utf8mb4 COLLATE=utf8mb4_unicode_ci;

-- --------------------------------------------------------

--
-- Table structure for table `grade_percentages`
--

CREATE TABLE `grade_percentages` (
  `id` bigint(20) UNSIGNED NOT NULL,
  `academic_grade_id` bigint(20) UNSIGNED NOT NULL,
  `name` varchar(191) COLLATE utf8mb4_unicode_ci NOT NULL,
  `min_percentage` int(11) NOT NULL,
  `max_percentage` int(11) NOT NULL,
  `created_at` timestamp NULL DEFAULT NULL,
  `updated_at` timestamp NULL DEFAULT NULL
) ENGINE=InnoDB DEFAULT CHARSET=utf8mb4 COLLATE=utf8mb4_unicode_ci;

--
-- Dumping data for table `grade_percentages`
--

INSERT INTO `grade_percentages` (`id`, `academic_grade_id`, `name`, `min_percentage`, `max_percentage`, `created_at`, `updated_at`) VALUES
(9, 2, 'A+', 80, 100, '2021-02-13 09:39:02', '2021-02-13 09:39:02'),
(10, 2, 'A', 70, 79, '2021-02-13 09:39:02', '2021-02-13 09:39:02'),
(11, 1, 'A+', 80, 100, '2021-02-13 10:31:04', '2021-02-13 10:31:04'),
(12, 1, 'A', 70, 79, '2021-02-13 10:31:04', '2021-02-13 10:31:04'),
(13, 1, 'A-', 60, 69, '2021-02-13 10:31:04', '2021-02-13 10:31:04'),
(14, 1, 'B', 50, 59, '2021-02-13 10:31:04', '2021-02-13 10:31:04'),
(15, 1, 'C', 40, 49, '2021-02-13 10:31:05', '2021-02-13 10:31:05'),
(16, 1, 'D', 33, 39, '2021-02-13 10:31:05', '2021-02-13 10:31:05'),
(17, 1, 'F', 0, 32, '2021-02-13 10:31:05', '2021-02-13 10:31:05');

-- --------------------------------------------------------

--
-- Table structure for table `migrations`
--

CREATE TABLE `migrations` (
  `id` int(10) UNSIGNED NOT NULL,
  `migration` varchar(191) COLLATE utf8mb4_unicode_ci NOT NULL,
  `batch` int(11) NOT NULL
) ENGINE=InnoDB DEFAULT CHARSET=utf8mb4 COLLATE=utf8mb4_unicode_ci;

--
-- Dumping data for table `migrations`
--

INSERT INTO `migrations` (`id`, `migration`, `batch`) VALUES
(1, '2014_10_12_000000_create_users_table', 1),
(2, '2014_10_12_100000_create_password_resets_table', 1),
(3, '2019_08_19_000000_create_failed_jobs_table', 1),
(4, '2020_10_31_205428_create_customers_table', 2),
(5, '2020_11_01_200329_create_permission_tables', 3),
(6, '2021_01_09_113532_create_basic_settings_table', 4),
(7, '2021_01_09_144140_create_email_settings_table', 5),
(9, '2021_02_07_095607_create_academic_sessions_table', 6),
(25, '2021_02_09_154255_create_academic_classes_table', 7),
(26, '2021_02_09_180956_create_academic_sections_table', 7),
(27, '2021_02_09_182816_create_academic_departments_table', 7),
(28, '2021_02_12_093841_create_academic_groups_table', 7),
(33, '2021_02_13_122453_create_academic_grades_table', 8),
(34, '2021_02_13_122520_create_grade_percentages_table', 9),
(36, '2021_02_15_152020_create_religions_table', 10),
(37, '2021_02_15_152817_create_blood_groups_table', 11),
(39, '2021_02_16_162832_create_academic_subjects_table', 12),
(41, '2021_02_19_162646_create_academic_class_academic_sessions_table', 13),
(42, '2021_03_02_065253_create_academic_data_table', 14),
(43, '2021_03_02_070257_create_user_information_table', 14),
(44, '2021_03_02_070726_create_user_addresses_table', 14),
(45, '2021_03_02_082123_create_user_parents_table', 14),
(46, '2021_03_02_092624_create_user_family_infos_table', 14),
(47, '2021_03_02_112647_create_user_documents_table', 14),
(48, '2021_03_02_114743_create_user_previous_institutes_table', 14),
(49, '2021_03_05_100138_create_admissions_table', 15),
(50, '2021_03_05_114118_create_parent_users_table', 16),
(51, '2021_03_06_094706_create_students_table', 17),
(52, '2021_03_11_063337_create_academic_data_subjects_table', 18),
(53, '2021_03_14_064041_create_salary_scales_table', 19),
(55, '2021_03_15_055250_create_academic_class_groups_table', 21),
(60, '2021_03_15_163622_create_academic_class_departments_table', 24),
(61, '2021_03_15_100128_create_academic_department_years_table', 25),
(62, '2021_03_15_103931_create_academic_group_sections_table', 25),
(63, '2021_03_15_173513_create_academic_years_table', 25),
(64, '2021_03_15_173731_create_academic_sections_table', 25),
(66, '2021_03_16_113630_create_academic_department_years_table', 26),
(67, '2021_03_16_115955_create_academic_group_sections_table', 26),
(68, '2021_03_16_130854_create_academic_class_sections_table', 27),
(69, '2021_03_17_081758_create_designations_table', 28),
(70, '2021_03_17_154014_create_teachers_table', 29),
(71, '2021_03_17_154733_create_teacher_education_table', 29),
(73, '2021_04_04_104833_create_class_periods_table', 30);

-- --------------------------------------------------------

--
-- Table structure for table `model_has_permissions`
--

CREATE TABLE `model_has_permissions` (
  `permission_id` bigint(20) UNSIGNED NOT NULL,
  `model_type` varchar(191) COLLATE utf8mb4_unicode_ci NOT NULL,
  `model_id` bigint(20) UNSIGNED NOT NULL
) ENGINE=InnoDB DEFAULT CHARSET=utf8mb4 COLLATE=utf8mb4_unicode_ci;

-- --------------------------------------------------------

--
-- Table structure for table `model_has_roles`
--

CREATE TABLE `model_has_roles` (
  `role_id` bigint(20) UNSIGNED NOT NULL,
  `model_type` varchar(191) COLLATE utf8mb4_unicode_ci NOT NULL,
  `model_id` bigint(20) UNSIGNED NOT NULL
) ENGINE=InnoDB DEFAULT CHARSET=utf8mb4 COLLATE=utf8mb4_unicode_ci;

--
-- Dumping data for table `model_has_roles`
--

INSERT INTO `model_has_roles` (`role_id`, `model_type`, `model_id`) VALUES
(1, 'App\\User', 2),
(1, 'App\\User', 6),
(1, 'App\\User', 7),
(1, 'App\\User', 10),
(1, 'App\\User', 11),
(2, 'App\\User', 5),
(6, 'App\\User', 18),
(6, 'App\\User', 19),
(6, 'App\\User', 20),
(6, 'App\\User', 21),
(6, 'App\\User', 22),
(6, 'App\\User', 23),
(6, 'App\\User', 24),
(6, 'App\\User', 25),
(6, 'App\\User', 26),
(6, 'App\\User', 27),
(6, 'App\\User', 28),
(6, 'App\\User', 113),
(11, 'App\\User', 108),
(11, 'App\\User', 112),
(12, 'App\\User', 107),
(12, 'App\\User', 111);

-- --------------------------------------------------------

--
-- Table structure for table `parent_user`
--

CREATE TABLE `parent_user` (
  `id` bigint(20) UNSIGNED NOT NULL,
  `user_id` bigint(20) UNSIGNED NOT NULL,
  `parent_id` bigint(20) UNSIGNED NOT NULL,
  `info_id` int(11) NOT NULL,
  `created_at` timestamp NULL DEFAULT NULL,
  `updated_at` timestamp NULL DEFAULT NULL
) ENGINE=InnoDB DEFAULT CHARSET=utf8mb4 COLLATE=utf8mb4_unicode_ci;

--
-- Dumping data for table `parent_user`
--

INSERT INTO `parent_user` (`id`, `user_id`, `parent_id`, `info_id`, `created_at`, `updated_at`) VALUES
(29, 107, 108, 64, '2021-03-11 11:00:57', '2021-03-11 11:00:57'),
(30, 111, 112, 66, '2021-03-11 11:15:26', '2021-03-11 11:15:26'),
(31, 6, 7, 69, '2021-03-16 12:01:41', '2021-03-16 12:01:41'),
(32, 10, 11, 70, '2021-03-16 12:42:07', '2021-03-16 12:42:07');

-- --------------------------------------------------------

--
-- Table structure for table `password_resets`
--

CREATE TABLE `password_resets` (
  `email` varchar(191) COLLATE utf8mb4_unicode_ci NOT NULL,
  `token` varchar(191) COLLATE utf8mb4_unicode_ci NOT NULL,
  `created_at` timestamp NULL DEFAULT NULL
) ENGINE=InnoDB DEFAULT CHARSET=utf8mb4 COLLATE=utf8mb4_unicode_ci;

-- --------------------------------------------------------

--
-- Table structure for table `permissions`
--

CREATE TABLE `permissions` (
  `id` bigint(20) UNSIGNED NOT NULL,
  `name` varchar(191) COLLATE utf8mb4_unicode_ci NOT NULL,
  `guard_name` varchar(191) COLLATE utf8mb4_unicode_ci NOT NULL,
  `created_at` timestamp NULL DEFAULT NULL,
  `updated_at` timestamp NULL DEFAULT NULL
) ENGINE=InnoDB DEFAULT CHARSET=utf8mb4 COLLATE=utf8mb4_unicode_ci;

--
-- Dumping data for table `permissions`
--

INSERT INTO `permissions` (`id`, `name`, `guard_name`, `created_at`, `updated_at`) VALUES
(4, 'role-list', 'web', '2020-11-02 14:02:36', '2020-11-02 14:02:36'),
(5, 'role-create', 'web', '2020-11-02 14:02:36', '2020-11-02 14:02:36'),
(6, 'role-edit', 'web', '2020-11-02 14:02:36', '2020-11-02 14:02:36'),
(7, 'role-delete', 'web', '2020-11-02 14:02:37', '2020-11-02 14:02:37'),
(8, 'user-list', 'web', '2020-11-02 14:02:37', '2020-11-02 14:02:37'),
(9, 'user-create', 'web', '2020-11-02 14:02:37', '2020-11-02 14:02:37'),
(10, 'user-edit', 'web', '2020-11-02 14:02:37', '2020-11-02 14:02:37'),
(11, 'user-delete', 'web', '2020-11-02 14:02:37', '2020-11-02 14:02:37'),
(12, 'session-create', 'web', '2021-02-07 02:07:03', '2021-02-07 02:07:03'),
(13, 'session-edit', 'web', '2021-02-07 02:07:29', '2021-02-07 02:07:29'),
(14, 'session-update', 'web', '2021-02-07 02:08:13', '2021-02-07 02:08:13'),
(15, 'class-create', 'web', '2021-02-13 06:08:02', '2021-02-13 06:08:02'),
(16, 'class-list', 'web', '2021-02-13 06:08:23', '2021-02-13 06:08:23'),
(17, 'class-edit', 'web', '2021-02-13 06:08:42', '2021-02-13 06:08:42'),
(18, 'class-details', 'web', '2021-02-13 06:08:57', '2021-02-13 06:08:57'),
(19, 'grade-create', 'web', '2021-02-13 06:17:21', '2021-02-13 06:17:21'),
(20, 'grade-list', 'web', '2021-02-13 06:17:35', '2021-02-13 06:17:35'),
(21, 'grade-edit', 'web', '2021-02-13 06:18:02', '2021-02-13 06:18:02'),
(22, 'grade-update', 'web', '2021-02-13 06:18:30', '2021-02-13 06:18:30'),
(23, 'grade-store', 'web', '2021-02-13 06:18:48', '2021-02-13 06:18:48'),
(24, 'subject-list', 'web', '2021-02-14 11:02:35', '2021-02-14 11:02:35'),
(25, 'subject-create', 'web', '2021-02-14 11:02:56', '2021-02-14 11:02:56'),
(26, 'subject-store', 'web', '2021-02-14 11:04:12', '2021-02-14 11:04:12'),
(27, 'subject-edit', 'web', '2021-02-14 11:04:33', '2021-02-14 11:04:33'),
(28, 'subject-update', 'web', '2021-02-14 11:04:46', '2021-02-14 11:04:46'),
(29, 'admission-list', 'web', '2021-02-18 07:31:37', '2021-02-18 07:31:37'),
(30, 'admission-create', 'web', '2021-02-18 07:32:36', '2021-02-18 07:32:36'),
(31, 'admission-edit', 'web', '2021-02-18 07:32:53', '2021-02-18 07:32:53'),
(32, 'admission-delete', 'web', '2021-02-18 07:33:07', '2021-02-18 07:33:07'),
(33, 'admission-view', 'web', '2021-03-07 03:00:41', '2021-03-07 03:00:41'),
(34, 'teacher-create', 'web', '2021-03-12 06:12:54', '2021-03-12 06:12:54'),
(35, 'teacher-edit', 'web', '2021-03-12 06:13:16', '2021-03-12 06:13:16'),
(36, 'teacher-index', 'web', '2021-03-12 06:13:31', '2021-03-12 06:13:31'),
(37, 'teacher-delete', 'web', '2021-03-12 06:13:45', '2021-03-12 06:13:45'),
(38, 'salary-scale-create', 'web', '2021-03-13 01:46:00', '2021-03-13 01:46:00'),
(39, 'salary-scale-edit', 'web', '2021-03-13 01:46:12', '2021-03-13 01:46:12'),
(40, 'salary-scale-index', 'web', '2021-03-13 01:46:27', '2021-03-13 01:46:27'),
(41, 'salary-scale-update', 'web', '2021-03-13 01:46:39', '2021-03-13 01:46:39'),
(42, 'year-store', 'web', '2021-03-15 03:42:40', '2021-03-15 03:42:40'),
(43, 'year-update', 'web', '2021-03-15 03:42:58', '2021-03-15 03:42:58'),
(44, 'teacher-store', 'web', '2021-03-17 03:03:30', '2021-03-17 03:03:30'),
(45, 'teacher-update', 'web', '2021-03-17 03:04:02', '2021-03-17 03:04:02'),
(46, 'period-create', 'web', '2021-04-04 04:44:15', '2021-04-04 04:44:15'),
(47, 'period-edit', 'web', '2021-04-04 04:44:28', '2021-04-04 04:44:28'),
(48, 'period-index', 'web', '2021-04-04 04:44:40', '2021-04-04 04:44:40'),
(49, 'period-delete', 'web', '2021-04-04 04:44:54', '2021-04-04 04:44:54'),
(50, 'subject-assign-index', 'web', '2021-05-02 02:05:17', '2021-05-02 02:05:17'),
(51, 'subject-assign-add', 'web', '2021-05-02 02:05:36', '2021-05-02 02:05:36'),
(52, 'subject-assign-edit', 'web', '2021-05-02 02:05:49', '2021-05-02 02:05:49'),
(53, 'subject-assign-update', 'web', '2021-05-02 02:06:05', '2021-05-02 02:06:05'),
(54, 'subject-assign-delete', 'web', '2021-05-02 02:06:18', '2021-05-02 02:06:18');

-- --------------------------------------------------------

--
-- Table structure for table `religions`
--

CREATE TABLE `religions` (
  `id` bigint(20) UNSIGNED NOT NULL,
  `name` varchar(50) COLLATE utf8mb4_unicode_ci NOT NULL,
  `name_bn` varchar(50) COLLATE utf8mb4_unicode_ci NOT NULL
) ENGINE=InnoDB DEFAULT CHARSET=utf8mb4 COLLATE=utf8mb4_unicode_ci;

--
-- Dumping data for table `religions`
--

INSERT INTO `religions` (`id`, `name`, `name_bn`) VALUES
(1, 'Islam', 'ইসলাম'),
(2, 'Hindu', 'হিন্দু'),
(3, 'Buddhist', 'বৌদ্ধ'),
(4, 'Christian', 'খ্রীষ্টান'),
(5, 'Others', 'অন্যান্য');

-- --------------------------------------------------------

--
-- Table structure for table `roles`
--

CREATE TABLE `roles` (
  `id` bigint(20) UNSIGNED NOT NULL,
  `name` varchar(191) COLLATE utf8mb4_unicode_ci NOT NULL,
  `guard_name` varchar(191) COLLATE utf8mb4_unicode_ci NOT NULL,
  `created_at` timestamp NULL DEFAULT NULL,
  `updated_at` timestamp NULL DEFAULT NULL
) ENGINE=InnoDB DEFAULT CHARSET=utf8mb4 COLLATE=utf8mb4_unicode_ci;

--
-- Dumping data for table `roles`
--

INSERT INTO `roles` (`id`, `name`, `guard_name`, `created_at`, `updated_at`) VALUES
(1, 'Super Admin', 'web', '2020-11-01 14:28:54', '2020-11-01 14:28:54'),
(2, 'Admin', 'web', '2020-11-01 14:34:30', '2021-01-06 08:25:57'),
(4, 'Register', 'web', '2020-11-01 14:42:32', '2020-11-01 14:42:32'),
(5, 'Accountant', 'web', '2020-11-01 14:42:42', '2020-11-01 14:42:42'),
(6, 'Teacher', 'web', '2020-11-01 14:42:55', '2020-11-01 14:42:55'),
(7, 'Librarian', 'web', '2020-11-01 14:43:16', '2021-01-06 08:26:42'),
(8, 'Staff', 'web', '2020-11-01 14:43:35', '2021-01-06 08:29:39'),
(9, 'Photocopier', 'web', '2021-01-06 08:29:57', '2021-01-06 08:30:18'),
(10, 'Receptionist', 'web', '2021-01-06 08:31:48', '2021-01-06 08:31:48'),
(11, 'Guardian', 'web', '2021-01-06 08:32:16', '2021-01-06 08:32:16'),
(12, 'Student', 'web', '2021-01-06 08:32:29', '2021-01-06 08:32:29');

-- --------------------------------------------------------

--
-- Table structure for table `role_has_permissions`
--

CREATE TABLE `role_has_permissions` (
  `permission_id` bigint(20) UNSIGNED NOT NULL,
  `role_id` bigint(20) UNSIGNED NOT NULL
) ENGINE=InnoDB DEFAULT CHARSET=utf8mb4 COLLATE=utf8mb4_unicode_ci;

--
-- Dumping data for table `role_has_permissions`
--

INSERT INTO `role_has_permissions` (`permission_id`, `role_id`) VALUES
(4, 1),
(4, 2),
(5, 1),
(6, 1),
(7, 1),
(8, 1),
(8, 2),
(9, 1),
(9, 2),
(10, 1),
(10, 2),
(11, 1),
(11, 2),
(12, 1),
(12, 2),
(12, 4),
(13, 1),
(13, 2),
(13, 4),
(14, 1),
(14, 2),
(14, 4),
(15, 1),
(15, 2),
(15, 4),
(16, 1),
(16, 2),
(16, 4),
(17, 1),
(17, 2),
(17, 4),
(18, 1),
(18, 2),
(18, 4),
(19, 1),
(19, 2),
(19, 4),
(20, 1),
(20, 2),
(20, 4),
(21, 1),
(21, 2),
(21, 4),
(22, 1),
(22, 2),
(22, 4),
(23, 1),
(23, 2),
(23, 4),
(24, 1),
(24, 2),
(24, 4),
(25, 1),
(25, 2),
(25, 4),
(26, 1),
(26, 2),
(26, 4),
(27, 1),
(27, 2),
(27, 4),
(28, 1),
(28, 2),
(28, 4),
(29, 1),
(29, 2),
(29, 4),
(30, 1),
(30, 2),
(30, 4),
(31, 1),
(31, 2),
(31, 4),
(32, 1),
(32, 2),
(32, 4),
(33, 1),
(33, 2),
(33, 4),
(34, 1),
(34, 2),
(34, 4),
(35, 1),
(35, 2),
(35, 4),
(36, 1),
(36, 2),
(36, 4),
(37, 1),
(37, 2),
(37, 4),
(38, 1),
(38, 2),
(39, 1),
(39, 2),
(40, 1),
(40, 2),
(40, 4),
(41, 1),
(41, 2),
(42, 1),
(42, 2),
(42, 4),
(43, 1),
(43, 2),
(43, 4),
(44, 1),
(44, 2),
(44, 4),
(45, 1),
(45, 2),
(45, 4),
(46, 1),
(46, 2),
(47, 1),
(47, 2),
(48, 1),
(48, 2),
(49, 1),
(49, 2),
(50, 1),
(50, 2),
(50, 4),
(51, 1),
(51, 2),
(51, 4),
(52, 1),
(52, 2),
(52, 4),
(53, 1),
(53, 2),
(53, 4),
(54, 1),
(54, 2),
(54, 4);

-- --------------------------------------------------------

--
-- Table structure for table `salary_scales`
--

CREATE TABLE `salary_scales` (
  `id` bigint(20) UNSIGNED NOT NULL,
  `title` varchar(191) COLLATE utf8mb4_unicode_ci NOT NULL,
  `amount` double(8,2) NOT NULL,
  `status` tinyint(1) NOT NULL DEFAULT '0',
  `created_at` timestamp NULL DEFAULT NULL,
  `updated_at` timestamp NULL DEFAULT NULL
) ENGINE=InnoDB DEFAULT CHARSET=utf8mb4 COLLATE=utf8mb4_unicode_ci;

--
-- Dumping data for table `salary_scales`
--

INSERT INTO `salary_scales` (`id`, `title`, `amount`, `status`, `created_at`, `updated_at`) VALUES
(1, 'Grade 1', 20000.00, 1, '2021-03-14 01:16:36', '2021-03-17 03:33:32'),
(2, 'Grade 2', 25000.00, 1, '2021-03-14 01:17:13', '2021-03-17 03:33:29'),
(3, 'Grade 3', 18000.00, 1, '2021-03-14 01:24:21', '2021-03-17 03:33:26');

-- --------------------------------------------------------

--
-- Table structure for table `students`
--

CREATE TABLE `students` (
  `id` bigint(20) UNSIGNED NOT NULL,
  `name` varchar(191) COLLATE utf8mb4_unicode_ci NOT NULL,
  `email` varchar(191) COLLATE utf8mb4_unicode_ci NOT NULL,
  `username` varchar(191) COLLATE utf8mb4_unicode_ci NOT NULL,
  `phone` varchar(191) COLLATE utf8mb4_unicode_ci NOT NULL,
  `dob` varchar(191) COLLATE utf8mb4_unicode_ci NOT NULL,
  `created_at` timestamp NULL DEFAULT NULL,
  `updated_at` timestamp NULL DEFAULT NULL
) ENGINE=InnoDB DEFAULT CHARSET=utf8mb4 COLLATE=utf8mb4_unicode_ci;

--
-- Dumping data for table `students`
--

INSERT INTO `students` (`id`, `name`, `email`, `username`, `phone`, `dob`, `created_at`, `updated_at`) VALUES
(1, 'Anderson Gulgowski MD', 'zaria.kassulke@vandervort.info', 'dwight.reynolds', '510.494.1094', '2019-01-12', '2021-03-06 03:57:36', '2021-03-06 03:57:36'),
(2, 'Tatum Windler DVM', 'llang@donnelly.net', 'schmidt.raymond', '(694) 214-9128 x134', '1981-06-22', '2021-03-06 03:57:36', '2021-03-06 03:57:36'),
(3, 'Miss Hettie Heller', 'yfritsch@gmail.com', 'modesta94', '1-270-312-2407 x22044', '1995-10-31', '2021-03-06 03:57:36', '2021-03-06 03:57:36'),
(4, 'Mr. Wilford Kohler', 'ivon@yahoo.com', 'montana.mueller', '927-677-0381 x222', '1987-09-29', '2021-03-06 03:57:36', '2021-03-06 03:57:36'),
(5, 'Mrs. Nella Lockman DVM', 'cathy.wisozk@hotmail.com', 'leffler.brenda', '1-214-629-9870', '1975-06-16', '2021-03-06 03:57:36', '2021-03-06 03:57:36'),
(6, 'Jordi Kozey', 'lakin.christelle@shanahan.net', 'douglas.jodie', '1-964-315-4794', '2007-12-11', '2021-03-06 03:57:37', '2021-03-06 03:57:37'),
(7, 'Zackery Walter V', 'marion12@yahoo.com', 'giuseppe18', '+1-672-823-4294', '2018-02-11', '2021-03-06 03:57:37', '2021-03-06 03:57:37'),
(8, 'Adrianna Weissnat', 'kaylin.stiedemann@yahoo.com', 'keon.willms', '+1-214-339-7094', '1990-07-29', '2021-03-06 03:57:37', '2021-03-06 03:57:37'),
(9, 'Prof. Daniela Fahey MD', 'ferry.frederique@runolfsson.info', 'bstanton', '(520) 494-7478 x6226', '1971-04-12', '2021-03-06 03:57:37', '2021-03-06 03:57:37'),
(10, 'Mrs. Eve Luettgen', 'fhansen@hilpert.com', 'turner.imogene', '834.427.0546 x129', '1993-12-01', '2021-03-06 03:57:37', '2021-03-06 03:57:37'),
(11, 'Dr. Cade Skiles IV', 'kirlin.cade@hayes.biz', 'sullrich', '420.443.0902', '1996-03-06', '2021-03-06 03:57:37', '2021-03-06 03:57:37'),
(12, 'Craig Jaskolski', 'simonis.onie@ortiz.info', 'dferry', '1-238-396-3152 x152', '1997-12-07', '2021-03-06 03:57:37', '2021-03-06 03:57:37'),
(13, 'Prof. Christian Cole II', 'okautzer@hotmail.com', 'brice', '303.227.5412 x425', '1992-08-22', '2021-03-06 03:57:37', '2021-03-06 03:57:37'),
(14, 'Destiny Beer', 'heber.herzog@mraz.net', 'timmothy61', '+1.429.933.6200', '2002-03-30', '2021-03-06 03:57:37', '2021-03-06 03:57:37'),
(15, 'Jeremie Gerlach PhD', 'gstokes@schowalter.com', 'vziemann', '370-518-7332 x41674', '2009-11-10', '2021-03-06 03:57:37', '2021-03-06 03:57:37'),
(16, 'Dr. Eliseo Kuphal', 'verla.beer@vonrueden.com', 'bridgette47', '308.853.8164 x6805', '1981-03-28', '2021-03-06 03:57:37', '2021-03-06 03:57:37'),
(17, 'Rhoda Hodkiewicz', 'rowland.cassin@gmail.com', 'karley37', '482-903-8777 x093', '2019-06-29', '2021-03-06 03:57:37', '2021-03-06 03:57:37'),
(18, 'Mrs. Carlotta Jacobi PhD', 'lpollich@yahoo.com', 'kristin.nader', '1-340-524-5613 x5194', '1989-03-23', '2021-03-06 03:57:37', '2021-03-06 03:57:37'),
(19, 'Adeline Ritchie', 'jayde36@yahoo.com', 'collier.aurelie', '+1-917-600-4252', '1989-11-30', '2021-03-06 03:57:37', '2021-03-06 03:57:37'),
(20, 'Mr. Erin Rohan', 'rahul.gerhold@gmail.com', 'haag.morris', '(315) 728-1596 x2149', '1990-01-17', '2021-03-06 03:57:37', '2021-03-06 03:57:37'),
(21, 'Elisha Fadel', 'irving.keeling@rowe.info', 'casimer.crooks', '+1.321.344.1586', '2008-10-26', '2021-03-06 03:57:37', '2021-03-06 03:57:37'),
(22, 'Luna Zboncak DDS', 'lorenzo59@hotmail.com', 'iglover', '+1-347-599-8485', '1971-07-10', '2021-03-06 03:57:37', '2021-03-06 03:57:37'),
(23, 'Heber Rohan DVM', 'gmonahan@yahoo.com', 'hollis24', '1-365-674-5156 x537', '2001-08-13', '2021-03-06 03:57:37', '2021-03-06 03:57:37'),
(24, 'Kyla McKenzie', 'brendon.white@yahoo.com', 'mikel12', '650-697-0818 x5382', '1997-12-25', '2021-03-06 03:57:37', '2021-03-06 03:57:37'),
(25, 'Hayden Cassin', 'gerardo.goldner@yahoo.com', 'robyn.streich', '908.898.1304', '1988-01-04', '2021-03-06 03:57:37', '2021-03-06 03:57:37'),
(26, 'Toni Kilback', 'oconner.ada@gmail.com', 'dibbert.duncan', '+1.932.224.1653', '2014-09-26', '2021-03-06 03:57:37', '2021-03-06 03:57:37'),
(27, 'Dr. Cali Upton', 'hayes.maddison@witting.org', 'freddy.jacobi', '1-216-224-0348', '1998-06-02', '2021-03-06 03:57:37', '2021-03-06 03:57:37'),
(28, 'Dr. Akeem Mertz', 'herzog.darius@aufderhar.com', 'camylle.blick', '(630) 538-3472 x40647', '2018-02-12', '2021-03-06 03:57:37', '2021-03-06 03:57:37'),
(29, 'Makayla Cremin', 'dejah.collins@hotmail.com', 'abigayle.herman', '(736) 814-2765 x2292', '2003-12-30', '2021-03-06 03:57:37', '2021-03-06 03:57:37'),
(30, 'Mrs. Germaine Altenwerth', 'jaquan.beier@yahoo.com', 'elias.graham', '(321) 232-4055', '1987-04-03', '2021-03-06 03:57:37', '2021-03-06 03:57:37'),
(31, 'Brigitte Kemmer', 'ehilpert@doyle.org', 'espinka', '1-925-235-5392 x753', '1990-10-18', '2021-03-06 03:57:37', '2021-03-06 03:57:37'),
(32, 'Bradly Hartmann I', 'meghan12@herman.com', 'kuvalis.cassie', '726-859-5178 x22679', '2013-01-30', '2021-03-06 03:57:37', '2021-03-06 03:57:37'),
(33, 'Elissa Powlowski II', 'celia.schaefer@gmail.com', 'ophelia.gleichner', '+1-269-516-9492', '2015-02-19', '2021-03-06 03:57:37', '2021-03-06 03:57:37'),
(34, 'Manuel Walter', 'qbechtelar@daugherty.com', 'aubrey32', '320-554-9683 x046', '1974-05-30', '2021-03-06 03:57:37', '2021-03-06 03:57:37'),
(35, 'Carey Greenholt Sr.', 'pagac.kaela@walter.com', 'edd23', '1-993-360-1518 x821', '1996-02-04', '2021-03-06 03:57:37', '2021-03-06 03:57:37'),
(36, 'Tony Brekke', 'schroeder.angelita@wisoky.com', 'randal35', '(452) 596-3526', '1975-04-12', '2021-03-06 03:57:37', '2021-03-06 03:57:37'),
(37, 'Dillon Kulas', 'bayer.buford@hotmail.com', 'atromp', '582.573.1573', '1995-01-11', '2021-03-06 03:57:37', '2021-03-06 03:57:37'),
(38, 'Ms. Emmalee Hyatt Jr.', 'gthompson@bailey.com', 'turner.ernie', '1-206-254-5065 x823', '1979-01-31', '2021-03-06 03:57:37', '2021-03-06 03:57:37'),
(39, 'Moriah Hackett', 'amy.schulist@hotmail.com', 'cameron33', '428-956-3609', '2011-08-27', '2021-03-06 03:57:37', '2021-03-06 03:57:37'),
(40, 'Mr. Miguel Hilpert III', 'ledner.theodore@gmail.com', 'kassulke.godfrey', '939-863-3718', '2006-04-10', '2021-03-06 03:57:37', '2021-03-06 03:57:37'),
(41, 'Mireya Cormier', 'cstark@feeney.com', 'wisozk.keira', '1-304-268-9293 x12448', '2019-03-28', '2021-03-06 03:57:37', '2021-03-06 03:57:37'),
(42, 'Miracle Gusikowski', 'mdamore@gmail.com', 'emile.leannon', '(624) 549-0168', '2006-04-20', '2021-03-06 03:57:37', '2021-03-06 03:57:37'),
(43, 'Mr. Tom Connelly MD', 'ihalvorson@gmail.com', 'sarina.stamm', '(201) 790-6362 x950', '2017-02-05', '2021-03-06 03:57:37', '2021-03-06 03:57:37'),
(44, 'Mrs. Roslyn Kuvalis', 'lind.yazmin@gmail.com', 'rogelio12', '489.243.0644 x6525', '1977-03-24', '2021-03-06 03:57:38', '2021-03-06 03:57:38'),
(45, 'Myra Lockman', 'brekke.dylan@russel.com', 'dooley.madelynn', '636.958.9762 x903', '2017-02-17', '2021-03-06 03:57:38', '2021-03-06 03:57:38'),
(46, 'Lenore Pfannerstill', 'awisoky@gmail.com', 'dturner', '932-291-3280', '1973-02-23', '2021-03-06 03:57:38', '2021-03-06 03:57:38'),
(47, 'Hilbert Block', 'alana20@hotmail.com', 'tyreek.mckenzie', '1-258-922-4540 x696', '1987-11-29', '2021-03-06 03:57:38', '2021-03-06 03:57:38'),
(48, 'Jacky Runolfsdottir', 'pruecker@mitchell.com', 'von.jenifer', '(514) 691-3465 x1409', '1981-12-10', '2021-03-06 03:57:38', '2021-03-06 03:57:38'),
(49, 'Arnulfo Rogahn III', 'michale78@hotmail.com', 'lacy38', '243-276-4754', '1985-04-01', '2021-03-06 03:57:38', '2021-03-06 03:57:38'),
(50, 'Mr. Kory Price', 'tavares.crona@leannon.com', 'schneider.gladys', '593.961.2477 x74214', '1980-02-19', '2021-03-06 03:57:38', '2021-03-06 03:57:38'),
(51, 'Wiley Kertzmann', 'cleo42@murray.com', 'bemard', '(613) 302-5350', '1988-08-31', '2021-03-06 03:57:38', '2021-03-06 03:57:38'),
(52, 'Dr. Tatum West', 'gina57@gmail.com', 'sage77', '430-659-9588', '2009-08-19', '2021-03-06 03:57:38', '2021-03-06 03:57:38'),
(53, 'Pietro Wehner', 'dawn92@gmail.com', 'bstoltenberg', '363-570-7020 x3796', '2016-06-07', '2021-03-06 03:57:38', '2021-03-06 03:57:38'),
(54, 'Mina O\'Reilly PhD', 'tbergnaum@stokes.com', 'delpha66', '1-775-229-3018', '1988-04-04', '2021-03-06 03:57:38', '2021-03-06 03:57:38'),
(55, 'Prof. Buddy Kris', 'vmcglynn@konopelski.org', 'halvorson.shawna', '291.418.7029', '1981-10-06', '2021-03-06 03:57:38', '2021-03-06 03:57:38'),
(56, 'Dortha Graham', 'hwill@hotmail.com', 'ldaugherty', '1-527-313-1238 x22064', '2002-06-27', '2021-03-06 03:57:38', '2021-03-06 03:57:38'),
(57, 'Miss Arlie Veum', 'rose.thiel@hotmail.com', 'smante', '309.239.3139', '1985-03-24', '2021-03-06 03:57:38', '2021-03-06 03:57:38'),
(58, 'Garfield Rodriguez', 'marquardt.stanford@turcotte.com', 'cruickshank.edwin', '+1.313.608.3250', '2016-12-27', '2021-03-06 03:57:38', '2021-03-06 03:57:38'),
(59, 'Rosa Bayer', 'ltowne@hotmail.com', 'ana.schneider', '619.583.1458 x369', '1970-08-26', '2021-03-06 03:57:38', '2021-03-06 03:57:38'),
(60, 'Lynn Koch', 'derick.leuschke@hotmail.com', 'vance.langosh', '(349) 680-7588', '2012-03-02', '2021-03-06 03:57:38', '2021-03-06 03:57:38'),
(61, 'Prof. Trevor Grant', 'rebeca51@hotmail.com', 'pokon', '1-526-360-1924', '2009-07-04', '2021-03-06 03:57:38', '2021-03-06 03:57:38'),
(62, 'Allison Hagenes', 'fkovacek@gmail.com', 'yesenia.kuhic', '+1-365-551-9631', '2019-12-27', '2021-03-06 03:57:38', '2021-03-06 03:57:38'),
(63, 'Alda Gislason', 'ylittel@abshire.com', 'cstreich', '+1.307.910.6125', '1987-08-13', '2021-03-06 03:57:38', '2021-03-06 03:57:38'),
(64, 'Kane Kassulke', 'pbergstrom@feil.info', 'stamm.lizzie', '348-775-4060 x467', '1970-04-23', '2021-03-06 03:57:38', '2021-03-06 03:57:38'),
(65, 'Kadin Hessel', 'dietrich.rhea@gmail.com', 'ervin.boyer', '(814) 618-2329 x9588', '1977-12-27', '2021-03-06 03:57:38', '2021-03-06 03:57:38'),
(66, 'Charlie Kuhlman III', 'shane.lowe@yahoo.com', 'ratke.adolfo', '950.232.8415 x39754', '1976-12-27', '2021-03-06 03:57:38', '2021-03-06 03:57:38'),
(67, 'Yasmine Altenwerth', 'fgreenholt@pacocha.biz', 'llangworth', '857-206-9240 x958', '1986-02-16', '2021-03-06 03:57:38', '2021-03-06 03:57:38'),
(68, 'Hudson Hauck', 'pattie15@gmail.com', 'brett95', '856-610-0882 x4847', '2017-04-28', '2021-03-06 03:57:38', '2021-03-06 03:57:38'),
(69, 'Rickey Crooks', 'zglover@gmail.com', 'cynthia20', '+1.651.699.3282', '1985-06-28', '2021-03-06 03:57:38', '2021-03-06 03:57:38'),
(70, 'Antwan Conn', 'swift.micaela@haag.com', 'maximus54', '1-204-853-0985', '1987-09-02', '2021-03-06 03:57:38', '2021-03-06 03:57:38'),
(71, 'Max Block', 'schmidt.xavier@gmail.com', 'tess.funk', '(917) 323-5087 x64374', '2019-04-23', '2021-03-06 03:57:38', '2021-03-06 03:57:38'),
(72, 'Nelson Blanda', 'lharris@hotmail.com', 'will.mayra', '1-682-780-1147 x73012', '1994-10-17', '2021-03-06 03:57:38', '2021-03-06 03:57:38'),
(73, 'Giovanni Morissette III', 'damion19@gottlieb.com', 'kali.ferry', '670.894.5769 x025', '1981-09-07', '2021-03-06 03:57:38', '2021-03-06 03:57:38'),
(74, 'Elza Ratke', 'rex03@yahoo.com', 'kohler.cory', '(365) 989-9503', '1980-06-24', '2021-03-06 03:57:38', '2021-03-06 03:57:38'),
(75, 'Orin Wisoky', 'dach.deshaun@hane.com', 'kling.tess', '596.404.6883 x626', '2004-08-02', '2021-03-06 03:57:38', '2021-03-06 03:57:38'),
(76, 'Virginie Macejkovic PhD', 'windler.zackery@rodriguez.com', 'vern56', '+1.235.791.6374', '1996-05-21', '2021-03-06 03:57:38', '2021-03-06 03:57:38'),
(77, 'Mrs. Lulu Hammes', 'rempel.kaia@hotmail.com', 'usatterfield', '1-681-436-6988 x7798', '1988-10-18', '2021-03-06 03:57:38', '2021-03-06 03:57:38'),
(78, 'Dylan Hessel', 'kale.goodwin@gmail.com', 'mwelch', '+1-749-587-2640', '1975-01-07', '2021-03-06 03:57:38', '2021-03-06 03:57:38'),
(79, 'Pattie Greenfelder', 'gilberto.mohr@yahoo.com', 'nzieme', '(263) 790-4835 x113', '2015-10-10', '2021-03-06 03:57:38', '2021-03-06 03:57:38'),
(80, 'Angelica Batz', 'jrempel@gmail.com', 'domenick05', '(910) 593-6274 x18764', '1987-02-09', '2021-03-06 03:57:38', '2021-03-06 03:57:38'),
(81, 'Eldon Lemke', 'dallin14@hotmail.com', 'garrick07', '1-795-768-4435', '1982-08-13', '2021-03-06 03:57:38', '2021-03-06 03:57:38'),
(82, 'Amira Streich', 'stiedemann.roxane@gmail.com', 'laurel.kuhic', '282-504-4270 x77963', '1982-08-28', '2021-03-06 03:57:38', '2021-03-06 03:57:38'),
(83, 'Prof. Verona Barrows MD', 'jocelyn.labadie@gmail.com', 'fritz42', '1-863-998-1417 x1311', '1985-11-06', '2021-03-06 03:57:38', '2021-03-06 03:57:38'),
(84, 'Prof. Luther Hilpert', 'loraine.kling@bashirian.biz', 'ulubowitz', '583-550-8486 x86042', '2013-02-17', '2021-03-06 03:57:38', '2021-03-06 03:57:38'),
(85, 'Kailee Rodriguez', 'tracy43@hotmail.com', 'umonahan', '523-671-9734 x2097', '1988-01-15', '2021-03-06 03:57:39', '2021-03-06 03:57:39'),
(86, 'Winifred Lesch', 'marks.santa@hotmail.com', 'clarabelle.kohler', '1-325-524-3516', '1978-06-13', '2021-03-06 03:57:39', '2021-03-06 03:57:39'),
(87, 'Prof. Noe Thiel PhD', 'olson.broderick@hand.com', 'jrowe', '993-581-4026', '2007-01-20', '2021-03-06 03:57:39', '2021-03-06 03:57:39'),
(88, 'Ms. Ella Dicki MD', 'thaddeus07@oconnell.info', 'lakin.rhett', '446.895.2721 x56610', '1982-04-16', '2021-03-06 03:57:39', '2021-03-06 03:57:39'),
(89, 'Torrey Gutkowski', 'shea.walker@yahoo.com', 'wgleichner', '935-992-2097', '1994-05-15', '2021-03-06 03:57:39', '2021-03-06 03:57:39'),
(90, 'Joesph Conroy', 'luciano.champlin@gmail.com', 'loy46', '467.640.2372 x191', '1972-02-03', '2021-03-06 03:57:39', '2021-03-06 03:57:39'),
(91, 'Milford Lynch', 'mdenesik@raynor.com', 'serenity.blanda', '(668) 898-4197 x2067', '2005-05-10', '2021-03-06 03:57:39', '2021-03-06 03:57:39'),
(92, 'Dr. Allison Bernhard Sr.', 'kcormier@parisian.com', 'karina.hermiston', '332.800.4310 x554', '2019-08-12', '2021-03-06 03:57:39', '2021-03-06 03:57:39'),
(93, 'Hudson O\'Hara DVM', 'joseph.cremin@hotmail.com', 'kohler.retta', '1-801-213-7465 x7903', '1975-07-26', '2021-03-06 03:57:39', '2021-03-06 03:57:39'),
(94, 'Mandy Conn', 'ethan67@gmail.com', 'onikolaus', '1-434-687-9330', '1974-10-06', '2021-03-06 03:57:39', '2021-03-06 03:57:39'),
(95, 'Katrina Grimes', 'wisoky.dylan@gmail.com', 'rshields', '930.505.1168 x1769', '2009-11-03', '2021-03-06 03:57:39', '2021-03-06 03:57:39'),
(96, 'Cydney Bogisich III', 'brice.gibson@hartmann.net', 'vgoodwin', '(736) 469-4214 x951', '2006-07-09', '2021-03-06 03:57:39', '2021-03-06 03:57:39'),
(97, 'Cordelia Goodwin', 'meredith.larson@gmail.com', 'rogahn.tyree', '(490) 564-1587', '1984-05-20', '2021-03-06 03:57:39', '2021-03-06 03:57:39'),
(98, 'Prof. Gilberto Barrows', 'donavon.bahringer@sauer.info', 'tbrown', '780.246.4580', '2017-03-04', '2021-03-06 03:57:39', '2021-03-06 03:57:39'),
(99, 'Sasha Jacobi PhD', 'vesta.doyle@yahoo.com', 'shayne04', '545.409.1861', '1995-10-18', '2021-03-06 03:57:39', '2021-03-06 03:57:39'),
(100, 'Leila Schumm DVM', 'mhalvorson@collier.com', 'stephan.runolfsdottir', '+1.604.732.7520', '1996-09-21', '2021-03-06 03:57:39', '2021-03-06 03:57:39'),
(101, 'Izaiah Will', 'giovanny.dare@weber.com', 'bobby.kunde', '767-452-5461', '1977-10-23', '2021-03-06 03:57:39', '2021-03-06 03:57:39'),
(102, 'Lia Hodkiewicz PhD', 'gaylord.jazlyn@yahoo.com', 'kspinka', '1-526-824-2601 x4409', '1971-09-01', '2021-03-06 03:57:39', '2021-03-06 03:57:39'),
(103, 'Dr. Alene Ziemann Sr.', 'layla06@hotmail.com', 'annette.fahey', '389-957-4214 x5760', '2000-04-04', '2021-03-06 03:57:39', '2021-03-06 03:57:39'),
(104, 'Dustin Lebsack', 'dmiller@hotmail.com', 'marisol.prosacco', '436.631.1444 x942', '1993-06-22', '2021-03-06 03:57:39', '2021-03-06 03:57:39'),
(105, 'Cordell Friesen', 'bart76@bogan.info', 'rhiannon.kihn', '+1.709.567.5698', '2000-04-03', '2021-03-06 03:57:39', '2021-03-06 03:57:39'),
(106, 'Prof. Elian McGlynn', 'gbuckridge@hirthe.biz', 'christiana98', '1-829-934-2473', '2015-09-24', '2021-03-06 03:57:39', '2021-03-06 03:57:39'),
(107, 'Lamont Lubowitz', 'daniella32@hotmail.com', 'ycassin', '1-998-765-4751', '1976-01-13', '2021-03-06 03:57:39', '2021-03-06 03:57:39'),
(108, 'Mrs. Madie Kreiger', 'reichert.arvilla@yahoo.com', 'nkulas', '+1.961.690.9394', '2009-04-13', '2021-03-06 03:57:39', '2021-03-06 03:57:39'),
(109, 'Clement Block', 'ray.crooks@quigley.org', 'jterry', '1-354-410-7892', '2015-05-28', '2021-03-06 03:57:39', '2021-03-06 03:57:39'),
(110, 'Tomasa Leffler DDS', 'margarete61@leuschke.com', 'gkihn', '+1 (526) 215-6779', '2010-03-27', '2021-03-06 03:57:39', '2021-03-06 03:57:39'),
(111, 'Prof. Bryon Hackett MD', 'sabina.ebert@hotmail.com', 'shanny10', '+1.923.815.7721', '2006-12-06', '2021-03-06 03:57:39', '2021-03-06 03:57:39'),
(112, 'Eveline Ledner', 'thaddeus.christiansen@yahoo.com', 'ettie97', '529.222.1985 x3160', '1983-09-29', '2021-03-06 03:57:39', '2021-03-06 03:57:39'),
(113, 'Nash Wiegand', 'jammie31@yahoo.com', 'ayana.shields', '241-616-6177 x722', '1974-02-03', '2021-03-06 03:57:39', '2021-03-06 03:57:39'),
(114, 'Wyatt Beer', 'qhomenick@yahoo.com', 'hauck.alysha', '(654) 671-0443', '2015-11-19', '2021-03-06 03:57:39', '2021-03-06 03:57:39'),
(115, 'Julian Berge', 'rohan.keara@strosin.com', 'wwolff', '542-360-8637', '1990-03-14', '2021-03-06 03:57:39', '2021-03-06 03:57:39'),
(116, 'Maryam Strosin', 'baumbach.golda@paucek.com', 'sylvester88', '+1 (223) 792-3819', '1987-01-21', '2021-03-06 03:57:39', '2021-03-06 03:57:39'),
(117, 'Hyman Pagac', 'kayden.hyatt@stokes.org', 'mills.carlie', '658-992-8741', '2020-03-15', '2021-03-06 03:57:39', '2021-03-06 03:57:39'),
(118, 'Abbigail Wolf', 'polly.gleichner@koelpin.org', 'pklein', '1-856-504-7268', '1975-03-09', '2021-03-06 03:57:39', '2021-03-06 03:57:39'),
(119, 'Mr. Laverna Abbott I', 'elvie58@yahoo.com', 'paris.little', '341-292-8783 x17661', '1985-10-02', '2021-03-06 03:57:39', '2021-03-06 03:57:39'),
(120, 'Elsie Spencer', 'ethan.beatty@rogahn.com', 'seichmann', '+1.246.727.3847', '1989-12-14', '2021-03-06 03:57:39', '2021-03-06 03:57:39'),
(121, 'Marcia Olson', 'bgoldner@hotmail.com', 'eluettgen', '1-794-492-0520', '1972-02-27', '2021-03-06 03:57:39', '2021-03-06 03:57:39'),
(122, 'Mr. Garry Schulist II', 'cordelia.beatty@gmail.com', 'owilderman', '989.353.2929 x19210', '1981-07-30', '2021-03-06 03:57:39', '2021-03-06 03:57:39'),
(123, 'Delores Hackett', 'brielle.rowe@bauch.com', 'kaden.orn', '+1-417-488-8237', '1994-10-04', '2021-03-06 03:57:39', '2021-03-06 03:57:39'),
(124, 'Curtis Pagac', 'wunsch.liam@hotmail.com', 'bernier.miles', '(485) 749-4097', '1974-08-20', '2021-03-06 03:57:40', '2021-03-06 03:57:40'),
(125, 'Delpha Kling III', 'mable74@hotmail.com', 'kelsi.waelchi', '(243) 770-9903 x09622', '1980-08-01', '2021-03-06 03:57:40', '2021-03-06 03:57:40'),
(126, 'Clara Leuschke', 'ankunding.boyd@yahoo.com', 'doyle.braulio', '806-925-4166 x935', '1980-10-08', '2021-03-06 03:57:40', '2021-03-06 03:57:40'),
(127, 'Prof. Juwan Kutch', 'kling.crystal@hotmail.com', 'kolby38', '1-307-910-4533 x900', '1975-05-09', '2021-03-06 03:57:40', '2021-03-06 03:57:40'),
(128, 'Kasey Eichmann', 'bayer.adriel@jenkins.biz', 'ksipes', '1-857-935-8161 x98942', '2008-12-04', '2021-03-06 03:57:40', '2021-03-06 03:57:40'),
(129, 'Audie Weber DVM', 'west.sedrick@conroy.info', 'hillard08', '+18802180872', '2000-03-21', '2021-03-06 03:57:40', '2021-03-06 03:57:40'),
(130, 'Domingo Lind', 'yessenia52@hotmail.com', 'lbayer', '+12017914955', '1987-11-04', '2021-03-06 03:57:40', '2021-03-06 03:57:40'),
(131, 'Damien Tremblay', 'lemuel38@gmail.com', 'leffler.laury', '705.242.1856', '2020-12-01', '2021-03-06 03:57:40', '2021-03-06 03:57:40'),
(132, 'Rosie Barton PhD', 'travon31@wolff.com', 'madge.williamson', '236.677.5083', '2001-06-02', '2021-03-06 03:57:40', '2021-03-06 03:57:40'),
(133, 'Alda White PhD', 'russ56@bernhard.com', 'rempel.jarrett', '432-467-4533 x851', '1974-05-02', '2021-03-06 03:57:40', '2021-03-06 03:57:40'),
(134, 'Providenci Morissette', 'sydney99@raynor.info', 'jaqueline35', '(980) 854-0540', '1981-06-21', '2021-03-06 03:57:40', '2021-03-06 03:57:40'),
(135, 'Joel Franecki Jr.', 'cynthia23@howe.biz', 'melisa54', '1-973-456-2886 x5399', '1976-07-07', '2021-03-06 03:57:40', '2021-03-06 03:57:40'),
(136, 'Dr. Ellis Legros DDS', 'osinski.makayla@herman.com', 'carleton19', '+1 (763) 525-1131', '1999-04-17', '2021-03-06 03:57:40', '2021-03-06 03:57:40'),
(137, 'Enos Skiles', 'hertha78@miller.org', 'dharvey', '667.676.1864 x4246', '1976-09-01', '2021-03-06 03:57:40', '2021-03-06 03:57:40'),
(138, 'Madonna Purdy', 'crona.toney@gmail.com', 'zhills', '1-204-268-9504', '1996-11-14', '2021-03-06 03:57:40', '2021-03-06 03:57:40'),
(139, 'Alexa Williamson', 'oconnell.aida@fahey.com', 'cary.quigley', '1-303-548-6024 x11549', '2006-08-14', '2021-03-06 03:57:40', '2021-03-06 03:57:40'),
(140, 'Wilber Trantow', 'hayley33@labadie.info', 'kovacek.maybelle', '656.794.7845 x16683', '2008-07-23', '2021-03-06 03:57:40', '2021-03-06 03:57:40'),
(141, 'Lemuel Lakin', 'wwalter@sauer.com', 'katelin.bashirian', '720-906-4077 x5851', '1987-08-21', '2021-03-06 03:57:40', '2021-03-06 03:57:40'),
(142, 'Mr. Armando McKenzie', 'giovanna.nicolas@yahoo.com', 'abbott.judy', '925-993-9809 x6561', '1974-02-01', '2021-03-06 03:57:40', '2021-03-06 03:57:40'),
(143, 'Mr. Robin Robel', 'kristoffer79@gmail.com', 'xstark', '+1-526-609-6174', '1999-09-26', '2021-03-06 03:57:40', '2021-03-06 03:57:40'),
(144, 'Fermin Prosacco', 'kadin.connelly@gmail.com', 'scot.parker', '876.303.8568', '1978-08-19', '2021-03-06 03:57:40', '2021-03-06 03:57:40'),
(145, 'Angelo Hessel', 'goyette.kory@collins.com', 'kirlin.darren', '(990) 767-3182 x8504', '1983-10-18', '2021-03-06 03:57:40', '2021-03-06 03:57:40'),
(146, 'Prof. Milan Cruickshank', 'xratke@gmail.com', 'kylie.legros', '1-368-803-0680', '1972-03-24', '2021-03-06 03:57:40', '2021-03-06 03:57:40'),
(147, 'Maximilian Lesch', 'jaclyn37@yahoo.com', 'ohara.raheem', '(670) 268-7360', '2015-04-11', '2021-03-06 03:57:40', '2021-03-06 03:57:40'),
(148, 'Mr. Ali Mitchell', 'xaufderhar@kovacek.com', 'gnikolaus', '+13246706121', '2008-01-28', '2021-03-06 03:57:40', '2021-03-06 03:57:40'),
(149, 'Karson Harvey', 'jakubowski.kallie@mcclure.com', 'ward.ebony', '+1.870.312.2583', '1988-01-05', '2021-03-06 03:57:40', '2021-03-06 03:57:40'),
(150, 'Sofia Huel', 'jany98@adams.com', 'rosalind.frami', '663.228.0879 x6928', '1971-08-29', '2021-03-06 03:57:40', '2021-03-06 03:57:40'),
(151, 'Yesenia Hauck', 'oreilly.al@gmail.com', 'ktillman', '+1 (756) 727-4710', '2018-10-26', '2021-03-06 03:57:40', '2021-03-06 03:57:40'),
(152, 'Rosina Zemlak', 'rogers26@yahoo.com', 'mazie77', '978.507.7945', '1989-07-02', '2021-03-06 03:57:40', '2021-03-06 03:57:40'),
(153, 'Prof. Meggie Yost II', 'karolann.runte@gmail.com', 'cortney.welch', '(850) 439-5378 x94573', '1981-01-24', '2021-03-06 03:57:40', '2021-03-06 03:57:40'),
(154, 'Malachi Douglas', 'damon36@mosciski.com', 'edd63', '867-333-3745', '1996-08-23', '2021-03-06 03:57:40', '2021-03-06 03:57:40'),
(155, 'Luna Wolf', 'bette.harris@kiehn.com', 'dorris.blanda', '1-675-823-7753', '1982-04-24', '2021-03-06 03:57:40', '2021-03-06 03:57:40'),
(156, 'Barton Dooley', 'dickinson.arely@gmail.com', 'romaguera.hillary', '242.218.0487', '1994-08-20', '2021-03-06 03:57:40', '2021-03-06 03:57:40'),
(157, 'Aniyah Harris DVM', 'lawrence83@hyatt.com', 'henderson.muller', '372-716-6403 x7579', '1978-11-26', '2021-03-06 03:57:40', '2021-03-06 03:57:40'),
(158, 'Rosanna McCullough', 'telly.jaskolski@emard.com', 'dannie81', '(670) 384-8396 x2950', '2003-09-09', '2021-03-06 03:57:40', '2021-03-06 03:57:40'),
(159, 'Rebekah Jones', 'flavio01@marvin.com', 'gaylord.everett', '590-842-1866 x552', '1981-05-26', '2021-03-06 03:57:40', '2021-03-06 03:57:40'),
(160, 'Mrs. Gloria Prosacco DVM', 'mackenzie.blick@sipes.biz', 'albin.gleichner', '954.416.1491', '1989-05-29', '2021-03-06 03:57:40', '2021-03-06 03:57:40'),
(161, 'Ara Donnelly', 'dorothy.dare@mclaughlin.biz', 'ustrosin', '862.461.4861 x4326', '2018-06-20', '2021-03-06 03:57:40', '2021-03-06 03:57:40'),
(162, 'Miss Marcia Weimann', 'ortiz.josefa@hotmail.com', 'kreiger.rowan', '+1-636-264-4882', '1986-02-06', '2021-03-06 03:57:40', '2021-03-06 03:57:40'),
(163, 'Prof. Jena Torphy V', 'qcasper@gmail.com', 'davon38', '952.449.0059 x4961', '2007-01-29', '2021-03-06 03:57:41', '2021-03-06 03:57:41'),
(164, 'Micheal Anderson II', 'gemmerich@gmail.com', 'megane16', '970-262-9499 x4079', '1984-06-12', '2021-03-06 03:57:41', '2021-03-06 03:57:41'),
(165, 'Hailey Larson II', 'tbatz@hotmail.com', 'bswift', '285.278.5084 x14672', '1971-12-25', '2021-03-06 03:57:41', '2021-03-06 03:57:41'),
(166, 'Hazle Bruen', 'zhamill@durgan.com', 'nstoltenberg', '704-446-5997 x19504', '1987-11-15', '2021-03-06 03:57:41', '2021-03-06 03:57:41'),
(167, 'Hudson Champlin', 'deron.quitzon@stanton.com', 'rowena.ortiz', '482.567.3246 x471', '1973-03-07', '2021-03-06 03:57:41', '2021-03-06 03:57:41'),
(168, 'Dr. Jed Prosacco', 'lbauch@langosh.org', 'rex26', '+1-805-232-5221', '1995-03-13', '2021-03-06 03:57:41', '2021-03-06 03:57:41'),
(169, 'Margaret DuBuque', 'cartwright.joanie@gmail.com', 'arlie22', '+13565470529', '1991-03-05', '2021-03-06 03:57:41', '2021-03-06 03:57:41'),
(170, 'Ruben Cruickshank', 'heidenreich.christiana@jones.com', 'cole.bins', '+1-448-720-6201', '2000-11-07', '2021-03-06 03:57:41', '2021-03-06 03:57:41'),
(171, 'Amari Rath Jr.', 'yasmine23@gmail.com', 'utillman', '+1-779-575-6760', '1998-12-30', '2021-03-06 03:57:41', '2021-03-06 03:57:41'),
(172, 'Marlee Eichmann', 'schoen.oscar@hotmail.com', 'ricky54', '+1.378.255.4134', '2009-11-26', '2021-03-06 03:57:41', '2021-03-06 03:57:41'),
(173, 'Milton Pouros', 'jalen.dibbert@schumm.info', 'kmraz', '405.855.9673 x3805', '1987-08-02', '2021-03-06 03:57:41', '2021-03-06 03:57:41'),
(174, 'Jeff Ritchie', 'hoppe.garrick@gmail.com', 'luigi.bosco', '748-304-0675 x48476', '1974-05-11', '2021-03-06 03:57:41', '2021-03-06 03:57:41'),
(175, 'Ramon Ruecker', 'mdaniel@smitham.com', 'wunsch.armani', '+1-561-354-1323', '1972-03-20', '2021-03-06 03:57:41', '2021-03-06 03:57:41'),
(176, 'Mr. Makenna Beer', 'bechtelar.harley@gmail.com', 'qmcdermott', '(923) 497-2349', '1986-08-06', '2021-03-06 03:57:41', '2021-03-06 03:57:41'),
(177, 'Khalil Roob II', 'dchamplin@heaney.org', 'jwehner', '1-908-227-1984 x9732', '1975-09-24', '2021-03-06 03:57:41', '2021-03-06 03:57:41'),
(178, 'Breanne Casper DVM', 'xsmitham@gmail.com', 'charley27', '297-719-4713 x012', '2010-12-21', '2021-03-06 03:57:41', '2021-03-06 03:57:41'),
(179, 'Don Emard', 'percival.ohara@rath.com', 'gleichner.jesus', '461.760.4065 x49290', '2011-07-02', '2021-03-06 03:57:41', '2021-03-06 03:57:41'),
(180, 'Isabel Stiedemann', 'cremin.rogers@skiles.net', 'xbecker', '(792) 673-9074', '2004-08-28', '2021-03-06 03:57:41', '2021-03-06 03:57:41'),
(181, 'Shemar Sauer', 'bobby61@yahoo.com', 'abarrows', '(523) 824-8392 x327', '2012-04-06', '2021-03-06 03:57:41', '2021-03-06 03:57:41'),
(182, 'Letha Schinner DDS', 'bstroman@yundt.com', 'kberge', '1-404-226-3884 x297', '1992-06-14', '2021-03-06 03:57:41', '2021-03-06 03:57:41'),
(183, 'Cydney Raynor', 'jeffrey.batz@hotmail.com', 'lenna.doyle', '502-473-2912 x287', '1989-10-17', '2021-03-06 03:57:41', '2021-03-06 03:57:41'),
(184, 'Cody McClure', 'nikki.sporer@hotmail.com', 'richie.wisoky', '628-576-2661 x422', '2015-08-08', '2021-03-06 03:57:41', '2021-03-06 03:57:41'),
(185, 'Felix Jenkins', 'legros.spencer@wiegand.com', 'volkman.heaven', '(749) 358-3390 x09868', '2018-04-30', '2021-03-06 03:57:41', '2021-03-06 03:57:41'),
(186, 'Mrs. Bria Jacobi', 'larkin.kristoffer@hotmail.com', 'tkling', '206.832.4001', '1987-04-10', '2021-03-06 03:57:41', '2021-03-06 03:57:41'),
(187, 'Prof. Brennon Wiza', 'travis.bailey@renner.com', 'wisoky.issac', '1-963-391-6534', '1981-05-07', '2021-03-06 03:57:41', '2021-03-06 03:57:41'),
(188, 'Bert Doyle', 'nedra05@yahoo.com', 'walsh.moshe', '296.720.2872 x58487', '2016-06-22', '2021-03-06 03:57:41', '2021-03-06 03:57:41'),
(189, 'Prof. Dino Kris', 'wintheiser.richard@yahoo.com', 'cassandra09', '336-877-8570 x585', '1986-08-26', '2021-03-06 03:57:41', '2021-03-06 03:57:41'),
(190, 'Dr. Urban Balistreri I', 'gsporer@hotmail.com', 'schinner.kira', '353-568-2931 x8787', '2020-09-18', '2021-03-06 03:57:41', '2021-03-06 03:57:41'),
(191, 'Alize Gulgowski Jr.', 'cheyenne54@hotmail.com', 'hjones', '561.638.3413 x001', '1979-08-02', '2021-03-06 03:57:41', '2021-03-06 03:57:41'),
(192, 'Kaycee Carroll', 'elliot.crist@gislason.info', 'dana.mckenzie', '1-813-896-3424', '2001-11-10', '2021-03-06 03:57:41', '2021-03-06 03:57:41'),
(193, 'Moriah Dibbert', 'yluettgen@altenwerth.com', 'ada.purdy', '210.547.6658 x4848', '1991-12-14', '2021-03-06 03:57:41', '2021-03-06 03:57:41'),
(194, 'Wilmer Treutel', 'dhomenick@hotmail.com', 'benjamin87', '1-861-687-9080 x5340', '1999-07-08', '2021-03-06 03:57:41', '2021-03-06 03:57:41'),
(195, 'Gisselle Schmeler', 'vmurazik@murphy.org', 'vita.dickinson', '846-309-5377 x5848', '1999-03-20', '2021-03-06 03:57:42', '2021-03-06 03:57:42'),
(196, 'Therese Sawayn', 'jules.lakin@pouros.com', 'miller.alyson', '431.833.9420 x073', '1977-04-22', '2021-03-06 03:57:42', '2021-03-06 03:57:42'),
(197, 'Amira Huel', 'onie.zulauf@padberg.org', 'jmacejkovic', '1-980-788-4224 x58210', '2001-04-18', '2021-03-06 03:57:42', '2021-03-06 03:57:42'),
(198, 'Marielle Bosco', 'alfonso.hagenes@block.com', 'arturo90', '531.401.3446 x15152', '2000-08-06', '2021-03-06 03:57:42', '2021-03-06 03:57:42'),
(199, 'Ettie Yundt', 'schmeler.della@toy.org', 'sheridan35', '(789) 875-0733 x356', '1980-03-31', '2021-03-06 03:57:42', '2021-03-06 03:57:42'),
(200, 'Wallace Johns', 'armstrong.orpha@nikolaus.com', 'rosenbaum.golden', '502.816.1371 x83255', '2002-07-20', '2021-03-06 03:57:42', '2021-03-06 03:57:42'),
(201, 'Laron Blick', 'oberbrunner.roger@yahoo.com', 'rbruen', '(784) 271-1438', '2012-03-02', '2021-03-06 03:57:42', '2021-03-06 03:57:42'),
(202, 'Carissa Robel', 'qkuphal@hotmail.com', 'elmo.effertz', '568-714-6314 x941', '1983-04-09', '2021-03-06 03:57:42', '2021-03-06 03:57:42'),
(203, 'Prof. Milo Hegmann Sr.', 'hardy.monahan@towne.com', 'cathryn.torphy', '1-857-348-2525 x940', '2011-02-16', '2021-03-06 03:57:42', '2021-03-06 03:57:42'),
(204, 'Natalie Crooks', 'linda.rutherford@yahoo.com', 'asa.krajcik', '326.763.4111 x3695', '2003-08-22', '2021-03-06 03:57:42', '2021-03-06 03:57:42'),
(205, 'Simone Deckow', 'otilia.rath@hotmail.com', 'omiller', '1-492-602-6510 x1149', '1970-06-02', '2021-03-06 03:57:42', '2021-03-06 03:57:42'),
(206, 'Emie Mann', 'haag.aniya@gmail.com', 'spencer.geoffrey', '1-996-581-8621', '2003-07-23', '2021-03-06 03:57:42', '2021-03-06 03:57:42'),
(207, 'Florida Hickle', 'xdare@hotmail.com', 'rwalter', '+1-828-407-0048', '1980-10-12', '2021-03-06 03:57:42', '2021-03-06 03:57:42'),
(208, 'Sarai Rutherford', 'perry74@hotmail.com', 'shields.jensen', '1-206-530-3576 x6976', '1992-06-15', '2021-03-06 03:57:42', '2021-03-06 03:57:42'),
(209, 'Cora Ledner III', 'weissnat.unique@hotmail.com', 'ward.ines', '1-464-255-7357', '2009-01-28', '2021-03-06 03:57:42', '2021-03-06 03:57:42'),
(210, 'Jarred Stamm', 'lenora.champlin@gmail.com', 'alejandra69', '+12417089103', '1986-03-15', '2021-03-06 03:57:42', '2021-03-06 03:57:42'),
(211, 'Kayden Schroeder PhD', 'craig.emmerich@oberbrunner.com', 'hermann.judy', '(710) 656-6402', '1974-05-22', '2021-03-06 03:57:42', '2021-03-06 03:57:42'),
(212, 'Lester Kshlerin', 'lrutherford@hotmail.com', 'tiara.nicolas', '(361) 336-0408 x171', '1989-08-20', '2021-03-06 03:57:42', '2021-03-06 03:57:42'),
(213, 'Emery Douglas Sr.', 'deanna.wintheiser@hotmail.com', 'ogreenfelder', '1-834-977-9450 x7738', '1977-07-31', '2021-03-06 03:57:42', '2021-03-06 03:57:42'),
(214, 'Sierra Jakubowski', 'paris24@shanahan.org', 'camilla.bartoletti', '1-761-798-0386 x434', '2016-11-17', '2021-03-06 03:57:42', '2021-03-06 03:57:42'),
(215, 'Dr. Mozell Welch II', 'maximus.cummings@gmail.com', 'charlotte.roob', '1-613-951-8735 x9094', '2009-07-30', '2021-03-06 03:57:42', '2021-03-06 03:57:42'),
(216, 'Coleman Schmitt IV', 'marcos.simonis@yahoo.com', 'horacio70', '1-252-351-1985 x370', '1995-06-17', '2021-03-06 03:57:42', '2021-03-06 03:57:42'),
(217, 'Wilfredo Schneider', 'marion39@stark.com', 'bart89', '716-561-7115 x87096', '1981-06-23', '2021-03-06 03:57:42', '2021-03-06 03:57:42'),
(218, 'Prof. Willard Kling', 'cummerata.leone@gmail.com', 'celine64', '1-794-840-0137 x059', '1975-08-20', '2021-03-06 03:57:42', '2021-03-06 03:57:42'),
(219, 'Don Kohler', 'zupton@gmail.com', 'annalise.abshire', '1-493-946-0055', '2019-10-24', '2021-03-06 03:57:42', '2021-03-06 03:57:42'),
(220, 'Maiya Hauck', 'hayden53@gmail.com', 'xabbott', '674-990-4509', '2004-05-16', '2021-03-06 03:57:42', '2021-03-06 03:57:42'),
(221, 'Ms. Valentine Feil', 'missouri.grant@howell.com', 'hkeebler', '(682) 882-4517 x7601', '1986-11-15', '2021-03-06 03:57:42', '2021-03-06 03:57:42'),
(222, 'Prof. Edmond Bashirian V', 'bulah.romaguera@gmail.com', 'timmothy.langworth', '326-924-5757', '2014-08-18', '2021-03-06 03:57:42', '2021-03-06 03:57:42'),
(223, 'Prof. Jordi Bartell IV', 'kautzer.luther@yahoo.com', 'zveum', '535-493-9948 x164', '2013-07-18', '2021-03-06 03:57:42', '2021-03-06 03:57:42'),
(224, 'Ms. Abby Turcotte', 'madaline.hintz@hotmail.com', 'joy.kris', '+1-892-303-3587', '1985-09-27', '2021-03-06 03:57:42', '2021-03-06 03:57:42'),
(225, 'Mr. Efren Blick V', 'deontae.kling@block.com', 'walker91', '857.882.5610', '1991-09-11', '2021-03-06 03:57:42', '2021-03-06 03:57:42'),
(226, 'Keshaun Raynor', 'afton65@schinner.info', 'cleta.hartmann', '525-592-2440', '1986-11-08', '2021-03-06 03:57:42', '2021-03-06 03:57:42'),
(227, 'Destini Sawayn', 'mozelle44@gmail.com', 'wsmith', '370.739.4837', '2007-12-12', '2021-03-06 03:57:42', '2021-03-06 03:57:42'),
(228, 'Prof. Ike Gibson', 'madeline.greenholt@yahoo.com', 'kristian.conn', '331-351-3063', '2018-09-27', '2021-03-06 03:57:42', '2021-03-06 03:57:42'),
(229, 'Prof. Myrtice Klocko V', 'lori.bednar@koch.com', 'marjory85', '(969) 581-6136 x678', '2007-11-17', '2021-03-06 03:57:42', '2021-03-06 03:57:42'),
(230, 'Pamela Hudson', 'yvette61@yahoo.com', 'angeline81', '+1.914.387.0030', '1980-05-18', '2021-03-06 03:57:42', '2021-03-06 03:57:42'),
(231, 'Serenity Heller', 'ratke.kellie@veum.biz', 'tressie.wisozk', '464-855-5257', '1982-12-25', '2021-03-06 03:57:43', '2021-03-06 03:57:43'),
(232, 'Genoveva Cartwright', 'bridget.predovic@gmail.com', 'lindgren.velma', '1-902-594-8556', '2016-05-01', '2021-03-06 03:57:43', '2021-03-06 03:57:43'),
(233, 'Alison Bogisich DVM', 'ohoeger@yahoo.com', 'dariana.douglas', '1-316-925-2236', '2018-11-15', '2021-03-06 03:57:43', '2021-03-06 03:57:43'),
(234, 'Antonio Runolfsdottir', 'ttorp@gmail.com', 'west.carissa', '1-991-735-2296 x43958', '1997-06-29', '2021-03-06 03:57:43', '2021-03-06 03:57:43'),
(235, 'Haley Heaney', 'brook.hamill@gmail.com', 'carolina98', '+1-841-384-3014', '1999-04-25', '2021-03-06 03:57:43', '2021-03-06 03:57:43'),
(236, 'Dr. Gayle Sawayn', 'dheller@hotmail.com', 'icrooks', '386-270-5429 x5017', '2003-08-21', '2021-03-06 03:57:43', '2021-03-06 03:57:43'),
(237, 'Dr. Levi Dietrich', 'janiya77@hotmail.com', 'hammes.dante', '263-210-4086', '2002-10-25', '2021-03-06 03:57:43', '2021-03-06 03:57:43'),
(238, 'Prof. John Powlowski I', 'iroberts@bruen.com', 'rjerde', '+1 (989) 926-4202', '1995-01-15', '2021-03-06 03:57:43', '2021-03-06 03:57:43'),
(239, 'Murray Braun', 'enos70@hotmail.com', 'dianna.weimann', '907-693-8529', '2014-12-15', '2021-03-06 03:57:43', '2021-03-06 03:57:43'),
(240, 'Orin Cronin', 'lavada.marvin@hotmail.com', 'zhills', '(214) 746-8252', '2002-12-17', '2021-03-06 03:57:43', '2021-03-06 03:57:43'),
(241, 'Ethel Cole', 'fritsch.ivory@walker.org', 'marcelina29', '229-462-6480', '1990-12-26', '2021-03-06 03:57:43', '2021-03-06 03:57:43'),
(242, 'Miss Jany Barrows II', 'uschaefer@gislason.biz', 'major90', '+1-690-578-4028', '1970-09-28', '2021-03-06 03:57:43', '2021-03-06 03:57:43'),
(243, 'Luis Carroll', 'myrtle.hoppe@yahoo.com', 'tyrell92', '1-504-799-7471', '2002-10-21', '2021-03-06 03:57:43', '2021-03-06 03:57:43'),
(244, 'Dr. Adan Dooley MD', 'uvandervort@rempel.org', 'lschroeder', '503.555.1252 x52691', '1994-06-17', '2021-03-06 03:57:43', '2021-03-06 03:57:43'),
(245, 'Mike Hand', 'lhamill@reichel.org', 'mkessler', '934-224-5333 x7105', '2021-01-08', '2021-03-06 03:57:43', '2021-03-06 03:57:43'),
(246, 'Ransom Dach', 'lelah.kerluke@cremin.info', 'gianni.green', '997-656-3998 x31551', '1989-06-06', '2021-03-06 03:57:43', '2021-03-06 03:57:43'),
(247, 'Edd Quigley', 'dcorwin@schoen.net', 'marcel.treutel', '1-706-845-6604 x75559', '1974-08-08', '2021-03-06 03:57:43', '2021-03-06 03:57:43'),
(248, 'Dr. Vilma Romaguera', 'bayer.hubert@hotmail.com', 'hoeger.alda', '965-916-9359', '2012-08-17', '2021-03-06 03:57:43', '2021-03-06 03:57:43'),
(249, 'Myron Abbott', 'jany.keeling@dickens.com', 'jacinthe40', '1-930-331-1969', '2011-08-05', '2021-03-06 03:57:43', '2021-03-06 03:57:43'),
(250, 'Herminia Dach', 'murray.russel@terry.info', 'alva.yost', '685.453.0287 x5335', '1978-06-07', '2021-03-06 03:57:43', '2021-03-06 03:57:43'),
(251, 'Cleo Monahan', 'kreiger.emory@graham.com', 'wbode', '+1 (770) 263-2148', '1978-03-30', '2021-03-06 03:57:43', '2021-03-06 03:57:43'),
(252, 'Favian Pacocha', 'grimes.nedra@gmail.com', 'kylee29', '723.269.0813', '2001-11-06', '2021-03-06 03:57:43', '2021-03-06 03:57:43'),
(253, 'Ms. Onie Schinner V', 'gtoy@hotmail.com', 'koelpin.lionel', '+1-296-934-1183', '1975-10-24', '2021-03-06 03:57:43', '2021-03-06 03:57:43'),
(254, 'Prof. Edgardo Schroeder', 'henri.robel@yahoo.com', 'ulices23', '+1-205-471-2409', '2016-01-12', '2021-03-06 03:57:43', '2021-03-06 03:57:43'),
(255, 'Dewitt Rice', 'jfeeney@hotmail.com', 'meda73', '1-996-409-4619 x125', '1988-12-17', '2021-03-06 03:57:43', '2021-03-06 03:57:43'),
(256, 'Ms. Teagan Bogan', 'schaden.damion@funk.com', 'ywilderman', '(403) 592-8915 x81850', '1983-12-21', '2021-03-06 03:57:43', '2021-03-06 03:57:43'),
(257, 'Easton McLaughlin PhD', 'samantha57@hotmail.com', 'ccummings', '(675) 272-0343', '2000-04-15', '2021-03-06 03:57:43', '2021-03-06 03:57:43'),
(258, 'Ivah O\'Conner', 'nader.damon@gmail.com', 'swaniawski.murl', '(827) 635-2700 x740', '1978-05-08', '2021-03-06 03:57:43', '2021-03-06 03:57:43'),
(259, 'Ms. Pearline Jenkins PhD', 'lindgren.damian@fay.com', 'viviane.boyer', '(286) 762-1359 x7004', '1978-03-18', '2021-03-06 03:57:43', '2021-03-06 03:57:43'),
(260, 'Prof. Myrl Nienow II', 'hoppe.asia@green.com', 'eva20', '+1.407.924.2806', '1973-08-27', '2021-03-06 03:57:43', '2021-03-06 03:57:43'),
(261, 'Prof. Edna Kuhlman', 'mckenzie.connor@gmail.com', 'hyatt.bell', '1-214-638-2593', '2016-05-05', '2021-03-06 03:57:43', '2021-03-06 03:57:43'),
(262, 'Remington Shanahan', 'selena04@kassulke.info', 'ghaley', '410.473.4930 x81253', '1998-01-31', '2021-03-06 03:57:43', '2021-03-06 03:57:43'),
(263, 'Mrs. Esther O\'Keefe', 'lincoln28@hotmail.com', 'will.herzog', '1-645-660-8836', '1988-04-30', '2021-03-06 03:57:43', '2021-03-06 03:57:43'),
(264, 'Noemie Collier III', 'obie88@hotmail.com', 'fahey.dave', '1-457-259-8382', '1972-09-24', '2021-03-06 03:57:43', '2021-03-06 03:57:43'),
(265, 'Prof. Lowell Ferry', 'antoinette88@yahoo.com', 'guy.von', '+1-313-390-2777', '1977-11-22', '2021-03-06 03:57:43', '2021-03-06 03:57:43'),
(266, 'Edwardo Lesch', 'stracke.bernadette@schroeder.com', 'stuart.berge', '318-966-1763', '2014-12-04', '2021-03-06 03:57:43', '2021-03-06 03:57:43'),
(267, 'Cecelia Bosco', 'woconner@gmail.com', 'mwuckert', '+1 (234) 755-3356', '2002-08-24', '2021-03-06 03:57:43', '2021-03-06 03:57:43'),
(268, 'Mrs. Lilla Dickens', 'ewalsh@schuster.org', 'bret.kunde', '+13517572061', '1999-11-15', '2021-03-06 03:57:44', '2021-03-06 03:57:44'),
(269, 'Alvis Hyatt', 'don53@graham.com', 'rstark', '+1-594-503-1800', '2019-08-23', '2021-03-06 03:57:44', '2021-03-06 03:57:44'),
(270, 'Mose Kautzer', 'hjohnson@fadel.com', 'mylene.heathcote', '787.606.5637 x2032', '1981-04-14', '2021-03-06 03:57:44', '2021-03-06 03:57:44'),
(271, 'Laurence Conn', 'sanford.jeromy@yahoo.com', 'elliott64', '(358) 555-4939 x641', '2000-10-19', '2021-03-06 03:57:44', '2021-03-06 03:57:44'),
(272, 'Jeramie Durgan', 'howe.maynard@wisoky.net', 'marilou.langosh', '+1-708-406-0956', '1970-02-03', '2021-03-06 03:57:44', '2021-03-06 03:57:44'),
(273, 'Miss Trycia Bartell', 'grant.aurelio@ohara.com', 'piper.upton', '1-237-928-5348 x6734', '1980-02-11', '2021-03-06 03:57:44', '2021-03-06 03:57:44'),
(274, 'Lyla Kuhn', 'okshlerin@graham.org', 'nikolaus.arnoldo', '356-545-4104', '1988-03-16', '2021-03-06 03:57:44', '2021-03-06 03:57:44'),
(275, 'Lela Swaniawski', 'armani60@klocko.com', 'roscoe.harvey', '991-306-8295 x6556', '2014-05-17', '2021-03-06 03:57:44', '2021-03-06 03:57:44'),
(276, 'Prof. Halie Lindgren', 'stroman.sallie@casper.com', 'wiza.dan', '(860) 695-2206', '2001-10-11', '2021-03-06 03:57:44', '2021-03-06 03:57:44'),
(277, 'Phyllis Christiansen', 'feest.daija@hotmail.com', 'pkulas', '1-203-744-0441 x01097', '1976-01-09', '2021-03-06 03:57:44', '2021-03-06 03:57:44'),
(278, 'Mr. Erick Ward I', 'rboehm@blick.com', 'terry.alek', '+19583357635', '2006-04-21', '2021-03-06 03:57:44', '2021-03-06 03:57:44'),
(279, 'Agustina Pollich', 'gstiedemann@kerluke.com', 'bayer.renee', '1-824-478-2378', '1972-01-11', '2021-03-06 03:57:44', '2021-03-06 03:57:44'),
(280, 'Dorris Lockman', 'ohamill@roberts.com', 'kaelyn13', '(489) 687-8775', '1987-11-16', '2021-03-06 03:57:44', '2021-03-06 03:57:44'),
(281, 'Prof. Evans Schmidt', 'art.treutel@dubuque.com', 'jedediah91', '746.508.8692 x9376', '1985-11-08', '2021-03-06 03:57:44', '2021-03-06 03:57:44'),
(282, 'Alexandre Effertz', 'filomena85@yahoo.com', 'kane53', '338-264-4824', '1979-07-28', '2021-03-06 03:57:44', '2021-03-06 03:57:44'),
(283, 'Myrna VonRueden', 'orobel@yahoo.com', 'klein.kyra', '1-596-276-9688 x648', '1992-09-17', '2021-03-06 03:57:44', '2021-03-06 03:57:44'),
(284, 'Brendan Kuvalis PhD', 'feest.vidal@gmail.com', 'alvah.shanahan', '+1-793-736-1947', '1975-01-22', '2021-03-06 03:57:44', '2021-03-06 03:57:44'),
(285, 'Prof. Flavio Tillman', 'crooks.cesar@moen.net', 'gusikowski.jennyfer', '+17146754355', '1999-11-04', '2021-03-06 03:57:44', '2021-03-06 03:57:44'),
(286, 'Karlee Mosciski', 'vprohaska@hotmail.com', 'fjohnson', '(591) 704-5091', '1987-05-15', '2021-03-06 03:57:44', '2021-03-06 03:57:44'),
(287, 'Sophie Dietrich IV', 'green.gibson@gmail.com', 'okuneva.lilly', '(765) 397-2297 x57784', '2002-04-16', '2021-03-06 03:57:44', '2021-03-06 03:57:44'),
(288, 'Hal Gleason', 'kuvalis.devin@yahoo.com', 'leslie.heaney', '871.456.9903 x71664', '1977-05-07', '2021-03-06 03:57:44', '2021-03-06 03:57:44'),
(289, 'Tyra Feest', 'okuneva.brittany@schimmel.com', 'gondricka', '1-383-260-1783 x83340', '1977-06-08', '2021-03-06 03:57:44', '2021-03-06 03:57:44'),
(290, 'Judd Harber', 'bergstrom.devin@gmail.com', 'lexi.keeling', '245-915-2004 x92029', '1992-05-02', '2021-03-06 03:57:44', '2021-03-06 03:57:44'),
(291, 'Prof. Cornelius Kunze IV', 'mfritsch@gmail.com', 'kdavis', '(948) 885-4301 x4021', '2018-08-18', '2021-03-06 03:57:44', '2021-03-06 03:57:44'),
(292, 'Eloy Treutel', 'rose.dibbert@williamson.com', 'kale.steuber', '(958) 604-7170 x04546', '2007-10-21', '2021-03-06 03:57:44', '2021-03-06 03:57:44'),
(293, 'Dr. Deven Vandervort', 'lconroy@sipes.com', 'kiley44', '214.782.1690', '1987-01-05', '2021-03-06 03:57:44', '2021-03-06 03:57:44'),
(294, 'Gretchen Braun', 'morar.frederic@gmail.com', 'keon.wolf', '301.449.4856 x4553', '1988-06-08', '2021-03-06 03:57:44', '2021-03-06 03:57:44'),
(295, 'Ariane Wolf', 'xtowne@schmidt.com', 'maxie.beahan', '+1 (826) 951-6706', '1976-02-24', '2021-03-06 03:57:44', '2021-03-06 03:57:44'),
(296, 'Prof. Eloy Friesen', 'mleffler@yahoo.com', 'adams.uriel', '+1-464-398-6965', '1979-01-20', '2021-03-06 03:57:44', '2021-03-06 03:57:44'),
(297, 'Royce Abshire', 'imorar@hotmail.com', 'scartwright', '895-373-6696 x083', '2001-02-04', '2021-03-06 03:57:44', '2021-03-06 03:57:44'),
(298, 'Micah Wintheiser', 'imelda.rohan@hotmail.com', 'flavio77', '617-721-8248', '2013-06-08', '2021-03-06 03:57:44', '2021-03-06 03:57:44'),
(299, 'Tomasa O\'Conner', 'hammes.rosanna@hotmail.com', 'caleigh.goldner', '720.649.7599', '2011-03-26', '2021-03-06 03:57:44', '2021-03-06 03:57:44'),
(300, 'Leonel Schowalter', 'rschmitt@gmail.com', 'ben71', '(428) 647-9076 x295', '1975-06-29', '2021-03-06 03:57:44', '2021-03-06 03:57:44'),
(301, 'Alison Rau', 'considine.golda@nader.com', 'carson77', '543-886-4198', '2007-12-07', '2021-03-06 03:57:44', '2021-03-06 03:57:44'),
(302, 'Mose Beatty', 'ratke.sylvan@yahoo.com', 'brippin', '+1-664-602-9593', '1975-08-30', '2021-03-06 03:57:45', '2021-03-06 03:57:45'),
(303, 'Eleanore Nikolaus', 'alanis.koelpin@runte.info', 'mckenzie09', '789.597.5193 x26543', '1974-06-24', '2021-03-06 03:57:45', '2021-03-06 03:57:45'),
(304, 'Gennaro Schiller', 'andreanne43@larson.com', 'jessica.hagenes', '+1 (439) 642-8615', '2018-12-15', '2021-03-06 03:57:45', '2021-03-06 03:57:45'),
(305, 'Marion Kuhic', 'bruen.jerry@gmail.com', 'liana.thompson', '1-271-658-8951 x60052', '2009-07-29', '2021-03-06 03:57:45', '2021-03-06 03:57:45'),
(306, 'Jaclyn Breitenberg DVM', 'clair.harris@hotmail.com', 'lgorczany', '(463) 924-8060 x875', '1981-04-19', '2021-03-06 03:57:45', '2021-03-06 03:57:45'),
(307, 'Retta Bogisich', 'claude.feeney@ullrich.info', 'leannon.reginald', '654-771-2762', '2020-09-24', '2021-03-06 03:57:45', '2021-03-06 03:57:45'),
(308, 'Marianne Rice III', 'vivienne.schultz@yahoo.com', 'uking', '729.915.5408 x72148', '2003-07-16', '2021-03-06 03:57:45', '2021-03-06 03:57:45'),
(309, 'Mrs. Zoila Berge', 'jules.schuppe@yahoo.com', 'pink.stamm', '(670) 482-0870 x326', '1991-02-16', '2021-03-06 03:57:45', '2021-03-06 03:57:45'),
(310, 'Euna Predovic', 'gilberto.prosacco@wolff.com', 'kwisoky', '635.738.7386', '1988-03-21', '2021-03-06 03:57:45', '2021-03-06 03:57:45'),
(311, 'Braxton Zieme MD', 'alarson@hotmail.com', 'witting.cassidy', '1-742-718-6765', '2019-03-14', '2021-03-06 03:57:45', '2021-03-06 03:57:45'),
(312, 'Delfina Shields', 'layne77@hamill.com', 'keon40', '+1.364.731.5282', '1983-02-19', '2021-03-06 03:57:45', '2021-03-06 03:57:45'),
(313, 'Ismael Farrell DVM', 'demond64@yahoo.com', 'lelia.murphy', '295.378.0653 x55272', '1983-01-09', '2021-03-06 03:57:45', '2021-03-06 03:57:45'),
(314, 'Mrs. Shyanne Franecki', 'bruen.marcella@yahoo.com', 'nikko.stracke', '225.302.4053', '2006-08-19', '2021-03-06 03:57:45', '2021-03-06 03:57:45'),
(315, 'Savanna Gottlieb', 'sboehm@schmeler.net', 'pcollins', '975-477-1580', '1985-10-22', '2021-03-06 03:57:45', '2021-03-06 03:57:45'),
(316, 'Heaven Weber II', 'towne.rosendo@ankunding.biz', 'plynch', '+1.775.975.2568', '1976-04-29', '2021-03-06 03:57:45', '2021-03-06 03:57:45'),
(317, 'Alice Mertz', 'kbrakus@stark.com', 'jeffrey.morar', '654-448-9118 x050', '2015-10-23', '2021-03-06 03:57:45', '2021-03-06 03:57:45'),
(318, 'Ms. Kaylin Kemmer', 'pfeffer.aaliyah@mayer.com', 'conroy.larue', '732.567.8677', '2009-03-16', '2021-03-06 03:57:45', '2021-03-06 03:57:45'),
(319, 'Tomasa Bernhard', 'johns.eldridge@yahoo.com', 'gusikowski.fermin', '(954) 333-3839', '1990-06-16', '2021-03-06 03:57:45', '2021-03-06 03:57:45'),
(320, 'Garret Bergstrom', 'mathias07@yahoo.com', 'oschroeder', '+1-503-584-2832', '1971-01-30', '2021-03-06 03:57:45', '2021-03-06 03:57:45'),
(321, 'Ms. Karelle Wiegand V', 'sadye23@gmail.com', 'larry96', '(391) 643-3487 x7136', '2003-03-17', '2021-03-06 03:57:45', '2021-03-06 03:57:45'),
(322, 'Mariela Collier', 'rhoda62@hotmail.com', 'ward.maximillia', '1-747-791-1523 x642', '1998-07-31', '2021-03-06 03:57:45', '2021-03-06 03:57:45'),
(323, 'Prof. Katherine Barton', 'wdavis@powlowski.com', 'arno85', '1-879-529-8715 x07816', '2003-01-06', '2021-03-06 03:57:45', '2021-03-06 03:57:45'),
(324, 'Dallin Weimann', 'lizeth54@gmail.com', 'strosin.jovany', '1-967-864-2105 x4182', '1982-07-22', '2021-03-06 03:57:45', '2021-03-06 03:57:45'),
(325, 'Tomas Kemmer', 'treva.beier@hotmail.com', 'eroberts', '261.342.5304', '2000-07-05', '2021-03-06 03:57:45', '2021-03-06 03:57:45'),
(326, 'Hobart Gleason', 'mohr.katheryn@olson.com', 'jessie.friesen', '(829) 263-8170 x418', '1993-04-13', '2021-03-06 03:57:45', '2021-03-06 03:57:45'),
(327, 'Conrad Torp', 'korey.lueilwitz@yahoo.com', 'hartmann.keshaun', '824.207.7069 x1813', '1983-09-28', '2021-03-06 03:57:45', '2021-03-06 03:57:45'),
(328, 'Vesta Rice II', 'royal77@gmail.com', 'dominic11', '351.580.8414 x38656', '1986-04-11', '2021-03-06 03:57:45', '2021-03-06 03:57:45'),
(329, 'Nelle Schaden', 'jasmin.moore@kreiger.com', 'thuel', '219-892-5480', '1982-04-17', '2021-03-06 03:57:45', '2021-03-06 03:57:45'),
(330, 'Jodie Kirlin', 'barry.heidenreich@hotmail.com', 'qklocko', '1-959-798-3627', '2010-03-27', '2021-03-06 03:57:45', '2021-03-06 03:57:45'),
(331, 'Arvel Thiel DDS', 'huels.tristin@bahringer.biz', 'deon22', '782.377.4629', '1970-01-16', '2021-03-06 03:57:45', '2021-03-06 03:57:45'),
(332, 'Sibyl Abshire', 'kklein@kreiger.net', 'jarret.williamson', '(595) 614-8425', '1979-12-11', '2021-03-06 03:57:45', '2021-03-06 03:57:45'),
(333, 'Prof. Bryce Runolfsson', 'dimitri.strosin@hotmail.com', 'botsford.meredith', '1-586-405-2488', '1996-04-19', '2021-03-06 03:57:45', '2021-03-06 03:57:45'),
(334, 'Mrs. Jazmyne Bins III', 'rosina81@gmail.com', 'prosacco.ryann', '424.412.9395', '2012-06-24', '2021-03-06 03:57:45', '2021-03-06 03:57:45'),
(335, 'Matilde Reichert', 'vincent02@hotmail.com', 'eugenia.kunze', '690-248-5028', '2000-06-23', '2021-03-06 03:57:46', '2021-03-06 03:57:46'),
(336, 'Koby Lind', 'nconnelly@kuhlman.com', 'ada.ebert', '(589) 223-5051 x636', '1971-07-27', '2021-03-06 03:57:46', '2021-03-06 03:57:46'),
(337, 'Callie Ledner', 'amelie20@corwin.com', 'ssenger', '815.306.5487', '1982-08-28', '2021-03-06 03:57:46', '2021-03-06 03:57:46'),
(338, 'Koby Frami PhD', 'witting.frieda@tremblay.com', 'jarrod76', '+1-808-561-0517', '1979-12-29', '2021-03-06 03:57:46', '2021-03-06 03:57:46'),
(339, 'Keyon Dickens DDS', 'ccorkery@king.info', 'melyssa.rolfson', '+1.928.808.9325', '1997-09-03', '2021-03-06 03:57:46', '2021-03-06 03:57:46'),
(340, 'Zella Tillman', 'jaskolski.damion@prohaska.biz', 'schimmel.trisha', '1-876-837-7770 x4687', '1977-10-18', '2021-03-06 03:57:46', '2021-03-06 03:57:46'),
(341, 'Ms. Domenica McGlynn PhD', 'vena.koepp@kuhlman.com', 'ruthe36', '+1-545-878-2512', '1999-10-30', '2021-03-06 03:57:46', '2021-03-06 03:57:46'),
(342, 'Rick Orn', 'parker.roselyn@yahoo.com', 'thad70', '+1.640.721.0103', '1997-05-26', '2021-03-06 03:57:46', '2021-03-06 03:57:46'),
(343, 'Helga Heathcote I', 'noe.russel@ritchie.org', 'witting.braeden', '535.760.5342', '2007-02-09', '2021-03-06 03:57:46', '2021-03-06 03:57:46'),
(344, 'Prof. Sheridan Mitchell DDS', 'spinka.vesta@gmail.com', 'ncollier', '1-408-505-3746 x0472', '2007-11-25', '2021-03-06 03:57:46', '2021-03-06 03:57:46');
INSERT INTO `students` (`id`, `name`, `email`, `username`, `phone`, `dob`, `created_at`, `updated_at`) VALUES
(345, 'Zoila Stark', 'cormier.dennis@gmail.com', 'jruecker', '1-820-327-1430', '1976-03-14', '2021-03-06 03:57:46', '2021-03-06 03:57:46'),
(346, 'Alexis Klein', 'buddy54@yahoo.com', 'aiyana.padberg', '658.901.2717 x9454', '1993-08-27', '2021-03-06 03:57:46', '2021-03-06 03:57:46'),
(347, 'Kendrick Keebler', 'sheila.bosco@gmail.com', 'xnicolas', '+14526680430', '1987-10-09', '2021-03-06 03:57:46', '2021-03-06 03:57:46'),
(348, 'Bryana Mills', 'rosa41@yahoo.com', 'paucek.rosetta', '+13639169631', '1979-01-27', '2021-03-06 03:57:46', '2021-03-06 03:57:46'),
(349, 'Monique Wunsch PhD', 'moen.jamarcus@lind.com', 'preston.morissette', '1-597-472-2790 x85394', '2009-03-30', '2021-03-06 03:57:46', '2021-03-06 03:57:46'),
(350, 'Lucile Moore MD', 'sstiedemann@gottlieb.biz', 'levi69', '1-680-486-0755 x0505', '1979-09-27', '2021-03-06 03:57:46', '2021-03-06 03:57:46'),
(351, 'Prof. Adrien Kutch IV', 'cathy59@gmail.com', 'conn.vladimir', '486-224-1515 x41479', '1979-02-10', '2021-03-06 03:57:46', '2021-03-06 03:57:46'),
(352, 'Herminia Bailey', 'devyn.batz@hartmann.com', 'kendrick.collier', '1-516-985-8095', '1980-01-06', '2021-03-06 03:57:46', '2021-03-06 03:57:46'),
(353, 'Julius Hackett', 'rarmstrong@rath.com', 'zgreenholt', '647.952.0181', '2016-09-13', '2021-03-06 03:57:46', '2021-03-06 03:57:46'),
(354, 'Dr. Eleazar Fahey', 'lowe.teresa@yahoo.com', 'bechtelar.guy', '1-930-986-6447 x28984', '2011-01-02', '2021-03-06 03:57:46', '2021-03-06 03:57:46'),
(355, 'Leonora Daniel', 'langworth.savanah@sanford.com', 'schmeler.ignacio', '1-679-527-5203 x528', '1988-01-17', '2021-03-06 03:57:46', '2021-03-06 03:57:46'),
(356, 'Eunice Christiansen', 'rusty.pfannerstill@hotmail.com', 'djacobson', '623.599.4655', '2016-10-18', '2021-03-06 03:57:46', '2021-03-06 03:57:46'),
(357, 'Rebeca Robel', 'beatrice.zboncak@daniel.com', 'qreinger', '501-996-9115', '1970-01-09', '2021-03-06 03:57:46', '2021-03-06 03:57:46'),
(358, 'Millie Wolff', 'cgraham@yahoo.com', 'fwest', '+1 (628) 335-1015', '1991-05-21', '2021-03-06 03:57:46', '2021-03-06 03:57:46'),
(359, 'Terry Wisozk', 'murray.jermain@hotmail.com', 'thiel.dante', '694-862-8157', '1985-10-07', '2021-03-06 03:57:46', '2021-03-06 03:57:46'),
(360, 'Pearline DuBuque II', 'kari24@hotmail.com', 'cooper41', '(280) 622-4817', '2004-07-30', '2021-03-06 03:57:46', '2021-03-06 03:57:46'),
(361, 'Darrell Stamm', 'archibald.brown@gmail.com', 'qgutmann', '706.658.2535', '2020-06-27', '2021-03-06 03:57:46', '2021-03-06 03:57:46'),
(362, 'Ulices Windler', 'hallie70@gmail.com', 'bobbie.jakubowski', '319-332-0323 x6767', '1978-12-03', '2021-03-06 03:57:46', '2021-03-06 03:57:46'),
(363, 'Jedidiah Schroeder', 'pschneider@hansen.biz', 'dorris88', '+1 (325) 521-5440', '2019-05-13', '2021-03-06 03:57:46', '2021-03-06 03:57:46'),
(364, 'Prof. Emanuel Koch', 'zrogahn@gerhold.org', 'marvin.delpha', '672.784.7323 x807', '1975-02-09', '2021-03-06 03:57:47', '2021-03-06 03:57:47'),
(365, 'Clifton Feil', 'makenzie48@abbott.com', 'mireya46', '917.360.0101 x8609', '1981-01-11', '2021-03-06 03:57:47', '2021-03-06 03:57:47'),
(366, 'Lucinda Marquardt', 'jenkins.clovis@denesik.com', 'smitham.norbert', '1-615-410-6386 x452', '1979-11-15', '2021-03-06 03:57:47', '2021-03-06 03:57:47'),
(367, 'Otto Gutmann', 'prohan@hotmail.com', 'anya.leffler', '+1-246-252-1011', '1975-12-28', '2021-03-06 03:57:47', '2021-03-06 03:57:47'),
(368, 'Rashad King', 'abbie48@streich.biz', 'hammes.theodore', '1-532-757-9548', '1974-09-27', '2021-03-06 03:57:47', '2021-03-06 03:57:47'),
(369, 'Kaylie Carroll', 'watsica.marco@hotmail.com', 'marc.hessel', '216.247.6124', '2010-07-15', '2021-03-06 03:57:47', '2021-03-06 03:57:47'),
(370, 'Bianka Harber', 'gerlach.tierra@shields.com', 'dubuque.ellen', '+1.489.400.4062', '1978-09-22', '2021-03-06 03:57:47', '2021-03-06 03:57:47'),
(371, 'Vivien Ledner IV', 'julia.price@hotmail.com', 'maud.kunde', '440.450.7355 x6427', '1990-07-06', '2021-03-06 03:57:47', '2021-03-06 03:57:47'),
(372, 'Maegan Lindgren', 'cindy89@okeefe.net', 'martin.daniel', '839.226.6058 x9531', '2005-12-03', '2021-03-06 03:57:47', '2021-03-06 03:57:47'),
(373, 'Prof. Lorenza Abernathy IV', 'wiza.sienna@gmail.com', 'gennaro02', '440-368-6611 x561', '1984-10-23', '2021-03-06 03:57:47', '2021-03-06 03:57:47'),
(374, 'Augustine Schiller', 'kylie83@gmail.com', 'jaren.sporer', '+1-489-394-9785', '1994-07-31', '2021-03-06 03:57:47', '2021-03-06 03:57:47'),
(375, 'Lavada Bailey', 'adelbert60@yahoo.com', 'schultz.madge', '(243) 872-6066', '1996-09-27', '2021-03-06 03:57:47', '2021-03-06 03:57:47'),
(376, 'Easter Torphy', 'rodrick11@stokes.com', 'dasia.osinski', '513.852.6810 x43459', '1987-02-07', '2021-03-06 03:57:47', '2021-03-06 03:57:47'),
(377, 'Rubie Kling', 'berge.maryse@yahoo.com', 'pgerhold', '289-886-7680', '2007-06-26', '2021-03-06 03:57:47', '2021-03-06 03:57:47'),
(378, 'Mrs. Sabryna Rogahn', 'white.aurore@hudson.com', 'stokes.octavia', '(638) 603-2179 x91380', '2010-06-19', '2021-03-06 03:57:47', '2021-03-06 03:57:47'),
(379, 'Justyn Beahan', 'kamille36@yahoo.com', 'raynor.bennie', '748.264.6066 x5677', '1996-08-28', '2021-03-06 03:57:47', '2021-03-06 03:57:47'),
(380, 'Ollie Fisher Jr.', 'helmer.roob@hotmail.com', 'rhermiston', '(894) 376-5373', '1971-09-06', '2021-03-06 03:57:47', '2021-03-06 03:57:47'),
(381, 'Wava O\'Hara DVM', 'corn@bogan.com', 'petra.langworth', '(335) 406-9843', '2000-08-29', '2021-03-06 03:57:47', '2021-03-06 03:57:47'),
(382, 'Virgie Bednar', 'hudson.osborne@waelchi.com', 'zulauf.joanne', '+1 (875) 734-2610', '2017-02-13', '2021-03-06 03:57:47', '2021-03-06 03:57:47'),
(383, 'Andy DuBuque', 'elias.abernathy@grimes.com', 'vbalistreri', '(276) 744-2372', '1999-08-12', '2021-03-06 03:57:47', '2021-03-06 03:57:47'),
(384, 'Antwan Kris', 'leonie65@abernathy.net', 'dubuque.trevion', '293-374-5428 x89783', '1998-01-19', '2021-03-06 03:57:47', '2021-03-06 03:57:47'),
(385, 'Katrine Wolf', 'jessyca45@schuppe.com', 'pondricka', '(321) 294-7895 x091', '2005-06-03', '2021-03-06 03:57:47', '2021-03-06 03:57:47'),
(386, 'Prof. Layla Torp IV', 'coby.stiedemann@hotmail.com', 'zsawayn', '+1 (641) 751-1928', '1990-03-02', '2021-03-06 03:57:47', '2021-03-06 03:57:47'),
(387, 'Verner Howe', 'hquigley@lakin.com', 'kozey.ashly', '(959) 571-7541 x9284', '1987-08-09', '2021-03-06 03:57:47', '2021-03-06 03:57:47'),
(388, 'Dr. Osbaldo Ratke III', 'elijah01@yahoo.com', 'alberto00', '(610) 234-2882', '1980-07-14', '2021-03-06 03:57:47', '2021-03-06 03:57:47'),
(389, 'Paolo Sauer', 'feil.talon@gmail.com', 'toney.gaylord', '(380) 829-5073', '1980-04-20', '2021-03-06 03:57:47', '2021-03-06 03:57:47'),
(390, 'Orville Schoen', 'otis.cruickshank@gmail.com', 'bcarter', '+1 (367) 686-6502', '2006-02-06', '2021-03-06 03:57:47', '2021-03-06 03:57:47'),
(391, 'Vicky Greenfelder PhD', 'glangosh@rohan.com', 'hoeger.summer', '+1.701.417.8645', '2004-07-09', '2021-03-06 03:57:47', '2021-03-06 03:57:47'),
(392, 'Vernice Ritchie', 'harber.sandra@yahoo.com', 'qturner', '1-638-651-1213 x1797', '2002-12-07', '2021-03-06 03:57:47', '2021-03-06 03:57:47'),
(393, 'Mrs. Cydney Boehm PhD', 'hazel53@hartmann.org', 'gottlieb.yessenia', '461-783-8183', '1973-12-27', '2021-03-06 03:57:47', '2021-03-06 03:57:47'),
(394, 'Mr. Judge Hagenes II', 'cassin.marguerite@hegmann.com', 'donnelly.immanuel', '(514) 222-9860', '1970-01-23', '2021-03-06 03:57:47', '2021-03-06 03:57:47'),
(395, 'Aurelio Donnelly', 'violet31@cronin.com', 'bogisich.bailey', '252-415-4698 x231', '1982-11-24', '2021-03-06 03:57:47', '2021-03-06 03:57:47'),
(396, 'Mitchell Hintz', 'jody.shields@hotmail.com', 'lavonne.dach', '1-326-907-5634 x4135', '1984-08-08', '2021-03-06 03:57:47', '2021-03-06 03:57:47'),
(397, 'Dax Hegmann IV', 'pgoyette@gmail.com', 'ubaldo.koss', '+1-846-935-6161', '1998-04-09', '2021-03-06 03:57:47', '2021-03-06 03:57:47'),
(398, 'Myrtie Prohaska', 'kian.durgan@hotmail.com', 'prosacco.toy', '1-907-963-9054', '1991-09-04', '2021-03-06 03:57:47', '2021-03-06 03:57:47'),
(399, 'Yazmin Wehner', 'zboncak.everett@treutel.com', 'leopoldo.brekke', '340.725.3655', '1986-05-09', '2021-03-06 03:57:47', '2021-03-06 03:57:47'),
(400, 'Prof. Nellie Balistreri', 'chris.walker@harvey.net', 'noah64', '335.862.8866 x5895', '1998-06-21', '2021-03-06 03:57:47', '2021-03-06 03:57:47'),
(401, 'Matilde Hegmann', 'collier.gianni@johns.com', 'malcolm.schowalter', '+1-397-432-1587', '1970-11-08', '2021-03-06 03:57:47', '2021-03-06 03:57:47'),
(402, 'Miss Ottilie Kunze', 'kerluke.antonetta@hotmail.com', 'jerome.senger', '+1-831-813-2996', '1976-01-21', '2021-03-06 03:57:48', '2021-03-06 03:57:48'),
(403, 'Dr. Rex Friesen DVM', 'rolfson.jerald@gmail.com', 'graciela.conn', '687-714-7028 x6412', '1984-07-02', '2021-03-06 03:57:48', '2021-03-06 03:57:48'),
(404, 'Mr. Vance Hayes', 'jacquelyn33@hotmail.com', 'bethany.jacobi', '752-645-8459 x866', '1976-10-17', '2021-03-06 03:57:48', '2021-03-06 03:57:48'),
(405, 'Kassandra Beier', 'ezequiel.gaylord@bruen.biz', 'elangworth', '(837) 588-3052 x826', '1975-02-13', '2021-03-06 03:57:48', '2021-03-06 03:57:48'),
(406, 'Mr. Guiseppe Kilback III', 'lavinia38@bernier.com', 'hettinger.demario', '+1.850.934.8107', '1986-02-14', '2021-03-06 03:57:48', '2021-03-06 03:57:48'),
(407, 'Prof. Jillian Ryan DDS', 'samson93@yahoo.com', 'moore.eldridge', '738-952-2270', '2019-05-23', '2021-03-06 03:57:48', '2021-03-06 03:57:48'),
(408, 'Mario Marquardt', 'mwaters@haley.info', 'catherine37', '+1-881-369-7286', '2000-11-30', '2021-03-06 03:57:48', '2021-03-06 03:57:48'),
(409, 'Ms. Lucienne Wolff Sr.', 'fannie88@yahoo.com', 'jameson08', '927-881-6887 x41301', '1985-04-05', '2021-03-06 03:57:48', '2021-03-06 03:57:48'),
(410, 'Ebba Hoppe', 'ena67@yahoo.com', 'fredrick38', '681-476-9656 x468', '1994-01-03', '2021-03-06 03:57:48', '2021-03-06 03:57:48'),
(411, 'Terrence Eichmann', 'ophelia.stamm@carroll.biz', 'bins.christine', '+1-460-707-6975', '1979-03-29', '2021-03-06 03:57:48', '2021-03-06 03:57:48'),
(412, 'Mr. Domenico Gibson', 'gregg.williamson@moen.com', 'ankunding.harry', '402.708.8947 x473', '1974-11-30', '2021-03-06 03:57:48', '2021-03-06 03:57:48'),
(413, 'Junior Denesik', 'kenyon.goldner@turcotte.com', 'garrett.aufderhar', '+1.973.915.4790', '2010-07-01', '2021-03-06 03:57:48', '2021-03-06 03:57:48'),
(414, 'Prof. Maximilian Sporer IV', 'ygerlach@bernhard.com', 'cade.ankunding', '+1-284-251-7107', '2000-01-09', '2021-03-06 03:57:48', '2021-03-06 03:57:48'),
(415, 'Cydney Bruen', 'kayla68@bartell.com', 'nicolas06', '1-976-783-8108 x670', '1996-09-22', '2021-03-06 03:57:48', '2021-03-06 03:57:48'),
(416, 'Antonia Stark', 'sidney20@hotmail.com', 'ithompson', '+1.554.827.0190', '1976-08-30', '2021-03-06 03:57:48', '2021-03-06 03:57:48'),
(417, 'Chelsea Ferry Sr.', 'shayna.boyer@kuvalis.com', 'isai.lang', '1-331-940-6528 x750', '1984-11-05', '2021-03-06 03:57:48', '2021-03-06 03:57:48'),
(418, 'Madilyn Eichmann', 'pagac.sven@gmail.com', 'rosalind74', '929.262.7323 x720', '1993-06-01', '2021-03-06 03:57:48', '2021-03-06 03:57:48'),
(419, 'Leila Bechtelar', 'mcdermott.peyton@cole.com', 'tremblay.tanya', '(416) 591-5977 x712', '1993-04-11', '2021-03-06 03:57:48', '2021-03-06 03:57:48'),
(420, 'Dr. Jaylen Zboncak', 'dayton.lueilwitz@yahoo.com', 'hagenes.shirley', '+1-998-651-0802', '2002-06-12', '2021-03-06 03:57:48', '2021-03-06 03:57:48'),
(421, 'Jude Predovic', 'armstrong.hassie@hotmail.com', 'mya.nitzsche', '802.654.8197 x404', '1985-01-24', '2021-03-06 03:57:48', '2021-03-06 03:57:48'),
(422, 'Marisa Roberts', 'khalil.gutmann@schmeler.com', 'kenneth.goyette', '1-681-840-7250', '1987-08-31', '2021-03-06 03:57:48', '2021-03-06 03:57:48'),
(423, 'Miss Annamae Kiehn PhD', 'moore.omari@okuneva.biz', 'libbie.moore', '1-320-207-4962 x89373', '2009-10-23', '2021-03-06 03:57:48', '2021-03-06 03:57:48'),
(424, 'Keely Weissnat DDS', 'runte.jayden@blick.com', 'thuels', '(658) 821-7905 x037', '2017-07-27', '2021-03-06 03:57:48', '2021-03-06 03:57:48'),
(425, 'Miss Trisha Considine Jr.', 'boyer.sincere@gmail.com', 'jgrady', '1-601-373-4054', '2000-04-09', '2021-03-06 03:57:48', '2021-03-06 03:57:48'),
(426, 'Zoila West', 'general.krajcik@parisian.com', 'justyn57', '+1-232-565-1284', '2002-03-27', '2021-03-06 03:57:48', '2021-03-06 03:57:48'),
(427, 'Theron Leffler', 'milo.parisian@ernser.net', 'wanda94', '+1-448-735-6951', '1982-08-12', '2021-03-06 03:57:48', '2021-03-06 03:57:48'),
(428, 'Ms. Elisabeth Beer I', 'pmorissette@franecki.org', 'nschmitt', '546-320-8997', '2014-07-08', '2021-03-06 03:57:48', '2021-03-06 03:57:48'),
(429, 'Jenifer Fahey', 'oconnell.dereck@gmail.com', 'macejkovic.jarrell', '903.495.3368 x812', '1997-08-11', '2021-03-06 03:57:48', '2021-03-06 03:57:48'),
(430, 'Baby Langworth', 'gavin.lind@stokes.info', 'qwest', '859-679-0925', '2007-10-22', '2021-03-06 03:57:48', '2021-03-06 03:57:48'),
(431, 'Mr. Terry Streich PhD', 'yemmerich@hotmail.com', 'rkunze', '+1 (449) 604-6565', '1996-09-26', '2021-03-06 03:57:48', '2021-03-06 03:57:48'),
(432, 'Graciela Jacobi', 'earnest.legros@hotmail.com', 'marlen48', '1-836-387-4238', '1979-07-01', '2021-03-06 03:57:48', '2021-03-06 03:57:48'),
(433, 'Guillermo Smitham', 'odessa.wuckert@harris.com', 'destini80', '(297) 486-4822', '1971-11-30', '2021-03-06 03:57:48', '2021-03-06 03:57:48'),
(434, 'Prof. Josiah Wintheiser', 'emarquardt@mraz.com', 'spencer.marlen', '916-737-4357 x1972', '2015-03-12', '2021-03-06 03:57:48', '2021-03-06 03:57:48'),
(435, 'Antonia Lesch', 'joana.baumbach@daniel.info', 'nshanahan', '(898) 979-0442 x440', '1989-05-14', '2021-03-06 03:57:48', '2021-03-06 03:57:48'),
(436, 'Gregorio Pollich', 'otis20@yahoo.com', 'lstehr', '(241) 449-2831 x9365', '1981-05-22', '2021-03-06 03:57:48', '2021-03-06 03:57:48'),
(437, 'Eugenia Rath', 'cathryn90@vandervort.com', 'ford30', '972.477.1999 x015', '2015-04-25', '2021-03-06 03:57:48', '2021-03-06 03:57:48'),
(438, 'Cordell Steuber', 'reinger.kiara@yahoo.com', 'klein.shirley', '+19713442988', '2010-08-05', '2021-03-06 03:57:48', '2021-03-06 03:57:48'),
(439, 'Kasandra Grimes Jr.', 'jeramie.zulauf@cormier.net', 'emil20', '1-437-857-2501 x083', '1973-06-21', '2021-03-06 03:57:48', '2021-03-06 03:57:48'),
(440, 'Raymundo Schoen', 'philip24@tillman.org', 'proberts', '(416) 677-5014 x6716', '1994-06-06', '2021-03-06 03:57:49', '2021-03-06 03:57:49'),
(441, 'Rashawn Rice', 'rachel80@yahoo.com', 'lindgren.charlotte', '+1 (617) 902-7237', '2012-07-24', '2021-03-06 03:57:49', '2021-03-06 03:57:49'),
(442, 'Gerardo Hand', 'bethel.runolfsdottir@lang.com', 'jenkins.erling', '+13677265449', '1972-07-29', '2021-03-06 03:57:49', '2021-03-06 03:57:49'),
(443, 'Mr. Jarret Barton DDS', 'terrence68@yahoo.com', 'spfeffer', '1-513-219-4205 x544', '1981-04-10', '2021-03-06 03:57:49', '2021-03-06 03:57:49'),
(444, 'Brayan Marvin', 'wunsch.ulises@stokes.biz', 'nitzsche.maynard', '1-468-506-9748 x88464', '1994-05-12', '2021-03-06 03:57:49', '2021-03-06 03:57:49'),
(445, 'Hazle Swift', 'harber.lillian@yahoo.com', 'edgardo09', '729.879.6245', '2014-10-23', '2021-03-06 03:57:49', '2021-03-06 03:57:49'),
(446, 'Marquise Brekke', 'golda.cole@oreilly.com', 'jaunita.padberg', '(850) 945-6638 x573', '2012-08-31', '2021-03-06 03:57:49', '2021-03-06 03:57:49'),
(447, 'Dr. Vernice Heaney Sr.', 'tokuneva@quigley.org', 'francesca01', '887-345-3513', '2009-09-13', '2021-03-06 03:57:49', '2021-03-06 03:57:49'),
(448, 'Ryley Herman', 'glover.maudie@ledner.com', 'electa46', '1-323-699-0565', '1996-03-20', '2021-03-06 03:57:49', '2021-03-06 03:57:49'),
(449, 'Damion Towne', 'noemie.torp@yahoo.com', 'cjakubowski', '+1 (531) 379-9926', '2000-01-30', '2021-03-06 03:57:49', '2021-03-06 03:57:49'),
(450, 'Aleen Crist', 'zkilback@hotmail.com', 'larson.angelita', '(265) 727-3144', '1983-08-10', '2021-03-06 03:57:49', '2021-03-06 03:57:49'),
(451, 'Nickolas Reichert', 'columbus67@pouros.com', 'demarcus38', '1-526-345-7600 x7810', '2011-04-18', '2021-03-06 03:57:49', '2021-03-06 03:57:49'),
(452, 'Prof. Althea McDermott IV', 'demarco85@murphy.biz', 'heathcote.velma', '+1.832.900.6720', '1988-04-05', '2021-03-06 03:57:49', '2021-03-06 03:57:49'),
(453, 'Amy Legros', 'turner.kaylah@hotmail.com', 'qrunolfsdottir', '1-340-868-0390 x15577', '2006-07-26', '2021-03-06 03:57:49', '2021-03-06 03:57:49'),
(454, 'Henriette Ortiz Jr.', 'radams@gmail.com', 'kuhlman.claire', '324.818.5235', '2007-12-20', '2021-03-06 03:57:49', '2021-03-06 03:57:49'),
(455, 'Mr. Rosario Sawayn Sr.', 'sbuckridge@hintz.com', 'ifriesen', '+16362275824', '1981-12-29', '2021-03-06 03:57:49', '2021-03-06 03:57:49'),
(456, 'Prof. Nakia Wunsch Jr.', 'camille95@turner.biz', 'zhill', '341-848-8643', '1976-01-24', '2021-03-06 03:57:49', '2021-03-06 03:57:49'),
(457, 'Mr. Lorenzo Paucek I', 'talon57@wehner.org', 'christy.bartoletti', '984-812-8446 x1733', '2013-04-21', '2021-03-06 03:57:49', '2021-03-06 03:57:49'),
(458, 'Vernice Schowalter', 'price.sean@hotmail.com', 'amina.ward', '845-905-0286 x9144', '1974-02-16', '2021-03-06 03:57:49', '2021-03-06 03:57:49'),
(459, 'Miss Avis Zemlak MD', 'barrows.logan@gmail.com', 'fgleason', '1-438-592-2538 x9237', '2014-11-10', '2021-03-06 03:57:49', '2021-03-06 03:57:49'),
(460, 'Alda Schinner III', 'mathew.mann@beer.info', 'israel.halvorson', '441-263-2134', '2002-06-03', '2021-03-06 03:57:49', '2021-03-06 03:57:49'),
(461, 'Dr. Stevie Reichert Jr.', 'frederik.erdman@willms.biz', 'efeest', '+1-380-422-4737', '1971-05-19', '2021-03-06 03:57:49', '2021-03-06 03:57:49'),
(462, 'Emmanuel Denesik', 'gcummerata@yahoo.com', 'rjohnson', '1-253-967-2484 x53654', '1998-05-16', '2021-03-06 03:57:49', '2021-03-06 03:57:49'),
(463, 'Reagan Rau', 'hauck.corine@jerde.com', 'rice.myrtie', '(794) 575-3222 x66252', '2018-05-21', '2021-03-06 03:57:49', '2021-03-06 03:57:49'),
(464, 'Jean Ortiz', 'wunsch.victoria@gmail.com', 'tstroman', '234-480-1501 x7837', '2001-01-29', '2021-03-06 03:57:49', '2021-03-06 03:57:49'),
(465, 'Miss Margret Gorczany', 'ndach@kautzer.com', 'howe.calista', '(952) 644-7262', '1972-07-25', '2021-03-06 03:57:49', '2021-03-06 03:57:49'),
(466, 'Martina Towne', 'ferry.frederik@dach.com', 'johnathan41', '+16644449459', '1988-03-14', '2021-03-06 03:57:49', '2021-03-06 03:57:49'),
(467, 'Lesley Gusikowski', 'hschaden@hotmail.com', 'heaney.orval', '+1-729-250-4332', '1999-06-04', '2021-03-06 03:57:49', '2021-03-06 03:57:49'),
(468, 'Oran Robel', 'mia.parker@gmail.com', 'stremblay', '(401) 655-5633', '1989-04-06', '2021-03-06 03:57:49', '2021-03-06 03:57:49'),
(469, 'Nicolas Collier', 'morissette.fausto@yahoo.com', 'nicolas.floyd', '231.726.9087 x463', '2000-02-20', '2021-03-06 03:57:49', '2021-03-06 03:57:49'),
(470, 'Eleanora Thompson', 'haleigh.legros@parisian.info', 'cortez34', '+1-790-419-0809', '1981-08-03', '2021-03-06 03:57:49', '2021-03-06 03:57:49'),
(471, 'Hailee Sipes I', 'mcclure.steve@gmail.com', 'bayer.esmeralda', '210.492.5206 x47625', '1980-10-15', '2021-03-06 03:57:49', '2021-03-06 03:57:49'),
(472, 'Stephen Quigley', 'johns.emmett@gmail.com', 'claire.erdman', '1-553-555-0451 x14001', '1980-12-05', '2021-03-06 03:57:49', '2021-03-06 03:57:49'),
(473, 'Ellis Wehner', 'gonzalo98@gmail.com', 'stephan82', '819.603.3001 x831', '1983-10-03', '2021-03-06 03:57:49', '2021-03-06 03:57:49'),
(474, 'Karine Gerhold', 'max.conn@sipes.com', 'dtremblay', '770.865.7957 x270', '2013-11-19', '2021-03-06 03:57:49', '2021-03-06 03:57:49'),
(475, 'Dr. Myrtie Barrows', 'mckayla26@yahoo.com', 'emard.prince', '1-224-962-9752', '1979-12-13', '2021-03-06 03:57:49', '2021-03-06 03:57:49'),
(476, 'Caterina Goyette', 'albin76@yahoo.com', 'lkessler', '1-439-464-5645 x24485', '2005-08-02', '2021-03-06 03:57:49', '2021-03-06 03:57:49'),
(477, 'Justine Streich', 'kkiehn@okeefe.biz', 'kari.steuber', '1-764-623-3955 x13517', '2006-06-30', '2021-03-06 03:57:50', '2021-03-06 03:57:50'),
(478, 'Dr. Kevin McLaughlin', 'rdeckow@gmail.com', 'krista86', '597.856.0608', '1974-01-17', '2021-03-06 03:57:50', '2021-03-06 03:57:50'),
(479, 'Dr. Adaline Wilkinson PhD', 'angelina26@balistreri.com', 'casper.ada', '212-244-7577 x12656', '1979-04-07', '2021-03-06 03:57:50', '2021-03-06 03:57:50'),
(480, 'Mitchell Upton', 'shanahan.erna@gmail.com', 'lynn.jones', '(554) 653-7021', '2011-03-02', '2021-03-06 03:57:50', '2021-03-06 03:57:50'),
(481, 'Marvin Hickle DDS', 'sage49@yost.com', 'lebsack.kianna', '783.961.4564 x589', '1999-09-17', '2021-03-06 03:57:50', '2021-03-06 03:57:50'),
(482, 'Frida Williamson', 'koelpin.dorris@kozey.com', 'schumm.delia', '+1-479-407-8004', '1984-07-11', '2021-03-06 03:57:50', '2021-03-06 03:57:50'),
(483, 'Ola Marks', 'ursula91@ebert.biz', 'tom.boyer', '+1-701-875-4846', '1996-11-02', '2021-03-06 03:57:50', '2021-03-06 03:57:50'),
(484, 'Prof. Jake Hand Jr.', 'laisha45@cormier.org', 'otis.morissette', '+1-407-466-9139', '1994-12-16', '2021-03-06 03:57:50', '2021-03-06 03:57:50'),
(485, 'Unique Feil DVM', 'nico39@hotmail.com', 'shakira.brown', '1-701-572-3546 x22509', '1988-04-06', '2021-03-06 03:57:50', '2021-03-06 03:57:50'),
(486, 'Miss Camille Heaney Jr.', 'khahn@hotmail.com', 'demario.moen', '452-948-6720 x00132', '2015-02-26', '2021-03-06 03:57:50', '2021-03-06 03:57:50'),
(487, 'Dejon Fisher', 'wilkinson.maci@ledner.com', 'laurie.dare', '457-455-5983 x512', '1984-06-18', '2021-03-06 03:57:50', '2021-03-06 03:57:50'),
(488, 'Winston Medhurst I', 'selina.barton@bradtke.com', 'zulauf.rolando', '1-550-785-6517', '1989-01-10', '2021-03-06 03:57:50', '2021-03-06 03:57:50'),
(489, 'Dr. Antwan Kshlerin', 'bparisian@turcotte.com', 'walker73', '+15755444897', '1994-01-14', '2021-03-06 03:57:50', '2021-03-06 03:57:50'),
(490, 'Francesco O\'Conner', 'coy.schuster@hills.net', 'deonte.dietrich', '485-552-6908', '1996-10-08', '2021-03-06 03:57:50', '2021-03-06 03:57:50'),
(491, 'Jammie Hill', 'jonathon11@rempel.com', 'fwunsch', '(239) 819-4138 x976', '1994-05-02', '2021-03-06 03:57:50', '2021-03-06 03:57:50'),
(492, 'Elisa Zulauf', 'jon.sanford@yundt.com', 'considine.davonte', '(491) 339-3132 x22744', '2011-06-02', '2021-03-06 03:57:50', '2021-03-06 03:57:50'),
(493, 'Tracey Lueilwitz', 'hoeger.clemens@funk.com', 'katarina.krajcik', '1-801-857-2352', '1994-03-24', '2021-03-06 03:57:50', '2021-03-06 03:57:50'),
(494, 'Gus Farrell', 'maegan96@hotmail.com', 'ernser.kamille', '(797) 968-1439', '2007-12-02', '2021-03-06 03:57:50', '2021-03-06 03:57:50'),
(495, 'Mr. Javon D\'Amore', 'nwindler@gmail.com', 'anderson.fletcher', '449-482-8533 x284', '1989-06-29', '2021-03-06 03:57:50', '2021-03-06 03:57:50'),
(496, 'Miss Myrtis Stokes', 'alexzander90@yahoo.com', 'magnolia.runte', '1-335-756-4326', '1997-05-24', '2021-03-06 03:57:50', '2021-03-06 03:57:50'),
(497, 'Lenna Lubowitz PhD', 'natasha35@smitham.info', 'jean82', '(948) 599-5375', '1972-07-05', '2021-03-06 03:57:50', '2021-03-06 03:57:50'),
(498, 'Maurine Ondricka', 'hills.esperanza@crist.com', 'gmedhurst', '1-881-207-2979 x76244', '1995-05-26', '2021-03-06 03:57:50', '2021-03-06 03:57:50'),
(499, 'Jermaine Huels', 'cordell23@tremblay.biz', 'carlotta40', '(990) 938-8903 x44973', '1985-06-26', '2021-03-06 03:57:50', '2021-03-06 03:57:50'),
(500, 'Richie Casper', 'dexter58@gmail.com', 'keebler.kenyatta', '601-494-0651 x472', '2003-09-06', '2021-03-06 03:57:50', '2021-03-06 03:57:50'),
(501, 'Rolando Mante Sr.', 'elaina.maggio@greenfelder.biz', 'vkshlerin', '(928) 989-0739', '2018-07-03', '2021-03-06 03:57:50', '2021-03-06 03:57:50'),
(502, 'Lorenz Kassulke', 'juliana44@yahoo.com', 'alize83', '498-982-8387 x25376', '1974-02-17', '2021-03-06 03:57:50', '2021-03-06 03:57:50'),
(503, 'Lonzo Luettgen', 'vkemmer@gmail.com', 'blick.tyra', '996.232.5932 x35215', '1993-03-25', '2021-03-06 03:57:50', '2021-03-06 03:57:50'),
(504, 'Waylon Yundt', 'jpurdy@hotmail.com', 'vbeier', '540-814-5763 x801', '2018-07-17', '2021-03-06 03:57:50', '2021-03-06 03:57:50'),
(505, 'Prof. Jaren Wunsch', 'schultz.helen@gmail.com', 'ernesto.weissnat', '1-413-700-5897 x4540', '2009-09-16', '2021-03-06 03:57:50', '2021-03-06 03:57:50'),
(506, 'Jace Jenkins PhD', 'laila.sauer@altenwerth.com', 'anya19', '437.981.5996', '2012-05-21', '2021-03-06 03:57:50', '2021-03-06 03:57:50'),
(507, 'Mr. Nicklaus Heidenreich', 'luis69@hotmail.com', 'myundt', '(884) 820-5046', '1978-06-14', '2021-03-06 03:57:50', '2021-03-06 03:57:50'),
(508, 'Issac Dach DVM', 'rlockman@durgan.com', 'seth.carroll', '+1-793-574-0058', '1977-03-18', '2021-03-06 03:57:50', '2021-03-06 03:57:50'),
(509, 'Mr. Sam Dooley DVM', 'dmitchell@yahoo.com', 'uzemlak', '505.629.1319 x92484', '1977-01-17', '2021-03-06 03:57:50', '2021-03-06 03:57:50'),
(510, 'Kaylin Johnston III', 'carroll67@kilback.com', 'kirk83', '1-249-569-2577 x811', '1988-11-13', '2021-03-06 03:57:50', '2021-03-06 03:57:50'),
(511, 'Prof. Duncan Buckridge V', 'christiansen.frederick@yahoo.com', 'mikel43', '304-562-8861', '1978-01-01', '2021-03-06 03:57:50', '2021-03-06 03:57:50'),
(512, 'Marcelle Kuvalis', 'henriette.kuphal@hotmail.com', 'qfeil', '+16298236414', '2000-04-06', '2021-03-06 03:57:50', '2021-03-06 03:57:50'),
(513, 'Mabel Cruickshank', 'vstanton@hotmail.com', 'shaina.zulauf', '1-210-381-3091 x4308', '1974-08-28', '2021-03-06 03:57:50', '2021-03-06 03:57:50'),
(514, 'Katrine Spinka PhD', 'belle.larson@kihn.com', 'nya.goldner', '(614) 593-3762 x03013', '2020-05-31', '2021-03-06 03:57:50', '2021-03-06 03:57:50'),
(515, 'Augusta O\'Connell', 'terry.maxwell@corwin.com', 'yschuppe', '1-424-577-3174 x24645', '1978-07-03', '2021-03-06 03:57:50', '2021-03-06 03:57:50'),
(516, 'Miss Earnestine Zieme I', 'jonatan.farrell@volkman.com', 'gerson63', '+1-565-654-0283', '2001-04-04', '2021-03-06 03:57:50', '2021-03-06 03:57:50'),
(517, 'Dr. Sherwood Will', 'schaefer.clint@hotmail.com', 'kianna01', '998-723-8438 x797', '2002-08-06', '2021-03-06 03:57:51', '2021-03-06 03:57:51'),
(518, 'Elenor Hauck', 'bret.zulauf@yahoo.com', 'nedra.ferry', '1-243-962-6207 x3716', '1970-09-09', '2021-03-06 03:57:51', '2021-03-06 03:57:51'),
(519, 'Leonel Lockman', 'ally90@okon.com', 'bode.janae', '1-820-243-7719 x202', '1979-11-12', '2021-03-06 03:57:51', '2021-03-06 03:57:51'),
(520, 'Mr. Jeremy Koepp Sr.', 'bosco.emery@yahoo.com', 'clement.watsica', '905-596-5235', '1978-07-13', '2021-03-06 03:57:51', '2021-03-06 03:57:51'),
(521, 'Domenica Littel', 'ratke.fredy@turner.info', 'beatty.cleora', '+1-330-501-4505', '1972-02-01', '2021-03-06 03:57:51', '2021-03-06 03:57:51'),
(522, 'Ofelia Dach DVM', 'dharber@yahoo.com', 'howell.sherwood', '603.607.3270', '1972-06-16', '2021-03-06 03:57:51', '2021-03-06 03:57:51'),
(523, 'Prof. D\'angelo Mayert DDS', 'julien82@gmail.com', 'kwatsica', '724-788-2456', '1999-12-26', '2021-03-06 03:57:51', '2021-03-06 03:57:51'),
(524, 'Carissa Lynch', 'judson56@rempel.org', 'olowe', '450.664.6864 x959', '2006-05-09', '2021-03-06 03:57:51', '2021-03-06 03:57:51'),
(525, 'Jordyn Nitzsche', 'dtromp@oreilly.biz', 'audra.crooks', '+1.647.818.1708', '2005-11-12', '2021-03-06 03:57:51', '2021-03-06 03:57:51'),
(526, 'Dr. Kenya Steuber II', 'braun.gladyce@hotmail.com', 'jarvis.hermiston', '893-766-1831', '2020-11-12', '2021-03-06 03:57:51', '2021-03-06 03:57:51'),
(527, 'Mrs. Alexane Walker V', 'yjakubowski@gmail.com', 'weissnat.giovani', '1-821-949-1242', '2011-10-15', '2021-03-06 03:57:51', '2021-03-06 03:57:51'),
(528, 'Oren Keebler', 'stephanie.borer@auer.com', 'luettgen.teagan', '+1.396.340.1851', '1973-09-04', '2021-03-06 03:57:51', '2021-03-06 03:57:51'),
(529, 'Mr. Kay Blanda Jr.', 'leffler.russel@hotmail.com', 'mann.betty', '(935) 234-6876 x08334', '1978-10-02', '2021-03-06 03:57:51', '2021-03-06 03:57:51'),
(530, 'Mr. Andy Crona', 'warren58@yahoo.com', 'shaun.mohr', '+1.206.522.4946', '1973-04-10', '2021-03-06 03:57:51', '2021-03-06 03:57:51'),
(531, 'Moses Rempel Jr.', 'vonrueden.bella@zulauf.com', 'schaden.alyce', '685.349.9920', '2010-09-17', '2021-03-06 03:57:51', '2021-03-06 03:57:51'),
(532, 'Mr. Dane Altenwerth V', 'milan46@yahoo.com', 'tony92', '(832) 921-3191 x4860', '1996-09-02', '2021-03-06 03:57:51', '2021-03-06 03:57:51'),
(533, 'Mr. Judah Steuber Jr.', 'jenifer.beatty@gmail.com', 'brown97', '(894) 722-7678', '2004-07-04', '2021-03-06 03:57:51', '2021-03-06 03:57:51'),
(534, 'Mr. Jo Kuhlman IV', 'bria47@yahoo.com', 'daniel.floy', '636.275.3198 x291', '1990-10-06', '2021-03-06 03:57:51', '2021-03-06 03:57:51'),
(535, 'Name Weimann', 'mkshlerin@heathcote.com', 'feil.coty', '1-445-556-4485', '1991-05-29', '2021-03-06 03:57:51', '2021-03-06 03:57:51'),
(536, 'Mason Luettgen', 'hdare@koepp.com', 'kody59', '1-671-844-8992 x224', '1982-03-14', '2021-03-06 03:57:51', '2021-03-06 03:57:51'),
(537, 'Rogelio Altenwerth', 'keith.herman@prosacco.info', 'rutherford.mortimer', '1-710-447-5441', '1985-11-26', '2021-03-06 03:57:51', '2021-03-06 03:57:51'),
(538, 'Dr. Dortha Kihn II', 'kpollich@feil.com', 'pwalker', '463-272-2608', '1992-08-22', '2021-03-06 03:57:51', '2021-03-06 03:57:51'),
(539, 'Kaylin Macejkovic', 'danielle.crooks@hotmail.com', 'taylor30', '+1.731.984.3435', '1974-07-13', '2021-03-06 03:57:51', '2021-03-06 03:57:51'),
(540, 'Miss Vivienne Douglas', 'korbin.lowe@yahoo.com', 'taurean76', '+1-604-610-6652', '2017-01-25', '2021-03-06 03:57:51', '2021-03-06 03:57:51'),
(541, 'Pauline Collins', 'keeling.tressie@frami.net', 'libby.hayes', '+1 (983) 248-8348', '2016-05-16', '2021-03-06 03:57:51', '2021-03-06 03:57:51'),
(542, 'Roslyn Gutkowski', 'gleichner.rhoda@hoeger.biz', 'candace05', '956-573-8229', '1992-04-29', '2021-03-06 03:57:51', '2021-03-06 03:57:51'),
(543, 'Hallie Brakus', 'balistreri.etha@ziemann.com', 'katlyn78', '+1 (760) 920-5505', '1973-07-23', '2021-03-06 03:57:51', '2021-03-06 03:57:51'),
(544, 'Karianne Abbott', 'justice70@veum.org', 'little.issac', '693-931-9901', '2008-06-16', '2021-03-06 03:57:51', '2021-03-06 03:57:51'),
(545, 'Kenneth Graham', 'trisha.reilly@gmail.com', 'thauck', '510-328-5838', '1997-04-24', '2021-03-06 03:57:51', '2021-03-06 03:57:51'),
(546, 'Melvin Thompson III', 'kasey64@yahoo.com', 'margarett.wehner', '389.356.6879 x38422', '1986-08-04', '2021-03-06 03:57:51', '2021-03-06 03:57:51'),
(547, 'Dimitri Heathcote', 'welch.maryam@yahoo.com', 'blair.gorczany', '+1-391-782-7336', '2017-06-03', '2021-03-06 03:57:51', '2021-03-06 03:57:51'),
(548, 'Mrs. Laura Trantow', 'kylee.jenkins@gottlieb.org', 'lgoodwin', '457.728.8897', '1971-05-10', '2021-03-06 03:57:51', '2021-03-06 03:57:51'),
(549, 'Jannie Heidenreich I', 'umurphy@hagenes.com', 'eryn.pouros', '(831) 431-9703 x8804', '2014-03-30', '2021-03-06 03:57:51', '2021-03-06 03:57:51'),
(550, 'Coleman Kunze', 'willard.roberts@stokes.com', 'carter.teresa', '731-962-5951 x9801', '1980-07-24', '2021-03-06 03:57:51', '2021-03-06 03:57:51'),
(551, 'Miss Jazmyne Wilderman Sr.', 'aullrich@lubowitz.com', 'gutmann.brooks', '673-609-9970 x23440', '1996-12-20', '2021-03-06 03:57:51', '2021-03-06 03:57:51'),
(552, 'Leland Luettgen I', 'felix.bosco@yahoo.com', 'cluettgen', '+1 (890) 950-9820', '1975-02-13', '2021-03-06 03:57:51', '2021-03-06 03:57:51'),
(553, 'Geraldine Turcotte Sr.', 'alva.mitchell@hotmail.com', 'rebecca97', '(372) 614-0204 x67241', '2018-03-07', '2021-03-06 03:57:51', '2021-03-06 03:57:51'),
(554, 'Roxanne Heathcote', 'qrolfson@bernhard.biz', 'stefanie95', '(282) 917-2229', '1998-08-06', '2021-03-06 03:57:52', '2021-03-06 03:57:52'),
(555, 'Prof. Bennie Batz MD', 'cassin.colby@marks.com', 'madelynn.renner', '316-320-5296', '2000-12-05', '2021-03-06 03:57:52', '2021-03-06 03:57:52'),
(556, 'Prof. Lulu Lesch', 'darmstrong@yahoo.com', 'hoconner', '552.227.1951', '1980-11-28', '2021-03-06 03:57:52', '2021-03-06 03:57:52'),
(557, 'Dewayne Bednar', 'craig07@gmail.com', 'jennie02', '+1-704-903-8581', '1977-10-25', '2021-03-06 03:57:52', '2021-03-06 03:57:52'),
(558, 'Renee Monahan', 'ettie78@steuber.com', 'blanca44', '953.402.0966 x99344', '1970-10-22', '2021-03-06 03:57:52', '2021-03-06 03:57:52'),
(559, 'Reymundo Price Jr.', 'brianne.considine@hotmail.com', 'dbaumbach', '876.208.0916 x65232', '1981-03-24', '2021-03-06 03:57:52', '2021-03-06 03:57:52'),
(560, 'Sierra Krajcik', 'mann.brant@yahoo.com', 'halvorson.krystina', '728-953-6143 x92019', '1994-11-02', '2021-03-06 03:57:52', '2021-03-06 03:57:52'),
(561, 'Olaf Considine', 'nikki91@gmail.com', 'bhowell', '651.624.0286', '1992-06-02', '2021-03-06 03:57:52', '2021-03-06 03:57:52'),
(562, 'Pearl Wisoky', 'sydni87@yahoo.com', 'wjacobson', '(763) 899-1241 x2171', '2006-02-02', '2021-03-06 03:57:52', '2021-03-06 03:57:52'),
(563, 'Dr. Cyril Pfeffer IV', 'joelle68@yahoo.com', 'nfranecki', '984.264.1577 x01794', '1995-10-31', '2021-03-06 03:57:52', '2021-03-06 03:57:52'),
(564, 'Laney Trantow', 'jakubowski.omari@gmail.com', 'rlabadie', '1-372-729-2731', '1985-03-17', '2021-03-06 03:57:52', '2021-03-06 03:57:52'),
(565, 'Jamey Auer DVM', 'hyatt.lenny@hettinger.com', 'daniela.gislason', '1-230-410-4628 x590', '1989-01-28', '2021-03-06 03:57:52', '2021-03-06 03:57:52'),
(566, 'Jonas Grimes', 'tcrooks@nicolas.com', 'selina.volkman', '(746) 631-5763 x953', '2003-08-06', '2021-03-06 03:57:52', '2021-03-06 03:57:52'),
(567, 'Miss Whitney Predovic', 'amos83@brakus.com', 'keebler.avery', '948.266.5697 x77496', '1985-06-11', '2021-03-06 03:57:52', '2021-03-06 03:57:52'),
(568, 'Benjamin Macejkovic', 'dmurazik@mraz.net', 'gjakubowski', '+1-542-618-0950', '1986-01-20', '2021-03-06 03:57:52', '2021-03-06 03:57:52'),
(569, 'Prof. Robyn Bruen', 'kristina.waelchi@franecki.com', 'emely.purdy', '474-822-9883', '1972-10-21', '2021-03-06 03:57:52', '2021-03-06 03:57:52'),
(570, 'Mr. Friedrich Orn DDS', 'senger.joanny@gmail.com', 'nbahringer', '1-940-723-9423 x69481', '2003-06-25', '2021-03-06 03:57:52', '2021-03-06 03:57:52'),
(571, 'Ms. Romaine Wintheiser PhD', 'badams@hotmail.com', 'prince.beier', '+1 (920) 500-8510', '2005-05-24', '2021-03-06 03:57:52', '2021-03-06 03:57:52'),
(572, 'Ceasar Kuhlman', 'graciela.sauer@yundt.com', 'blebsack', '313-897-1821 x67200', '1975-06-13', '2021-03-06 03:57:52', '2021-03-06 03:57:52'),
(573, 'Ines Rau', 'bkessler@rice.com', 'ortiz.herbert', '+12516768220', '2000-03-09', '2021-03-06 03:57:52', '2021-03-06 03:57:52'),
(574, 'Lexus Buckridge', 'rowena.weissnat@ratke.com', 'frankie64', '767.697.4437', '2000-12-05', '2021-03-06 03:57:52', '2021-03-06 03:57:52'),
(575, 'Mrs. Katarina Hammes', 'laverne.mohr@boehm.info', 'chesley.mertz', '995.936.3380 x964', '1988-02-24', '2021-03-06 03:57:52', '2021-03-06 03:57:52'),
(576, 'Benny Veum', 'dmarquardt@yahoo.com', 'esta85', '349-342-5988', '2010-02-22', '2021-03-06 03:57:52', '2021-03-06 03:57:52'),
(577, 'Grace Sipes', 'makenna.skiles@moen.com', 'devin.langworth', '+1-631-574-0484', '1980-08-19', '2021-03-06 03:57:52', '2021-03-06 03:57:52'),
(578, 'Ewell Huel', 'gino.gusikowski@denesik.com', 'savanah17', '1-257-412-4398 x26975', '1986-12-03', '2021-03-06 03:57:52', '2021-03-06 03:57:52'),
(579, 'Kelley Pagac', 'ischaden@yahoo.com', 'evelyn39', '(631) 710-8406', '1979-04-26', '2021-03-06 03:57:52', '2021-03-06 03:57:52'),
(580, 'Jerald Lemke Sr.', 'bill68@yahoo.com', 'genevieve.koepp', '(634) 882-7090 x367', '1970-11-04', '2021-03-06 03:57:52', '2021-03-06 03:57:52'),
(581, 'Mr. Ricardo O\'Kon DDS', 'nebert@lang.net', 'jacynthe.roberts', '386.797.5084', '2010-06-09', '2021-03-06 03:57:52', '2021-03-06 03:57:52'),
(582, 'Miss Earlene Cremin V', 'haley.frank@oconner.info', 'rhahn', '1-528-845-3629 x851', '2018-02-23', '2021-03-06 03:57:52', '2021-03-06 03:57:52'),
(583, 'Ms. Kaylah Koelpin', 'pfannerstill.kaleigh@hilpert.com', 'wwiegand', '+1-640-659-1732', '1998-03-29', '2021-03-06 03:57:52', '2021-03-06 03:57:52'),
(584, 'Leilani Reilly Jr.', 'lakin.ismael@swaniawski.org', 'swaniawski.kaela', '+1 (305) 481-8758', '2006-05-30', '2021-03-06 03:57:52', '2021-03-06 03:57:52'),
(585, 'Mrs. Judy Farrell V', 'fschinner@yahoo.com', 'odie58', '726-678-5751', '1979-05-08', '2021-03-06 03:57:52', '2021-03-06 03:57:52'),
(586, 'Prof. Sonny Hagenes', 'garry59@hotmail.com', 'graham.maymie', '1-405-478-7017 x786', '2014-04-21', '2021-03-06 03:57:52', '2021-03-06 03:57:52'),
(587, 'Mauricio Bartoletti', 'lafayette.wolff@walter.com', 'ldurgan', '+1-409-383-0480', '2013-11-26', '2021-03-06 03:57:52', '2021-03-06 03:57:52'),
(588, 'Clint Runolfsson', 'maybell.oconnell@sipes.com', 'rheaney', '403-710-4254 x679', '2010-06-23', '2021-03-06 03:57:53', '2021-03-06 03:57:53'),
(589, 'Jennings Ebert', 'andreanne.aufderhar@hand.com', 'gutmann.zoie', '+1-704-558-9547', '1973-08-10', '2021-03-06 03:57:53', '2021-03-06 03:57:53'),
(590, 'Jamal Kilback', 'santina25@breitenberg.com', 'isadore.krajcik', '+18404096176', '1973-10-09', '2021-03-06 03:57:53', '2021-03-06 03:57:53'),
(591, 'Sheridan Von', 'rogahn.gavin@gmail.com', 'natalie.dickinson', '1-857-204-5826 x435', '2020-10-03', '2021-03-06 03:57:53', '2021-03-06 03:57:53'),
(592, 'Trudie Jast III', 'maia.heathcote@hotmail.com', 'rachel89', '483.607.1019', '2020-12-26', '2021-03-06 03:57:53', '2021-03-06 03:57:53'),
(593, 'Kamren Rau', 'hudson.orland@anderson.biz', 'adoyle', '1-373-770-9371', '1990-02-17', '2021-03-06 03:57:53', '2021-03-06 03:57:53'),
(594, 'Lynn Armstrong', 'schamberger.janiya@sipes.com', 'westley.baumbach', '+1-317-803-1665', '1992-04-19', '2021-03-06 03:57:53', '2021-03-06 03:57:53'),
(595, 'Sim Stark', 'isaac.kuhic@wisoky.biz', 'nelda26', '335-505-0738', '2016-10-08', '2021-03-06 03:57:53', '2021-03-06 03:57:53'),
(596, 'Davin Cummings', 'purdy.elfrieda@hotmail.com', 'pablo55', '(557) 664-1950', '2014-07-02', '2021-03-06 03:57:53', '2021-03-06 03:57:53'),
(597, 'Ethyl Labadie', 'okeefe.marley@anderson.info', 'friedrich31', '+1 (990) 776-4658', '1993-07-15', '2021-03-06 03:57:53', '2021-03-06 03:57:53'),
(598, 'Aric Gleichner', 'gjohnson@auer.com', 'maximilian.dooley', '1-292-992-2619 x6713', '1999-05-01', '2021-03-06 03:57:53', '2021-03-06 03:57:53'),
(599, 'Cortez Dibbert', 'nelle.jerde@marvin.com', 'keyon.keebler', '(301) 774-2134', '2010-11-09', '2021-03-06 03:57:53', '2021-03-06 03:57:53'),
(600, 'Milford Shields', 'louie68@yahoo.com', 'nils58', '643.854.8899', '2020-10-11', '2021-03-06 03:57:53', '2021-03-06 03:57:53'),
(601, 'Desiree Toy IV', 'fkonopelski@hotmail.com', 'neoma69', '+1.723.718.0017', '1970-01-22', '2021-03-06 03:57:53', '2021-03-06 03:57:53'),
(602, 'Prof. Clyde Graham', 'promaguera@effertz.info', 'reva79', '+1.553.501.4388', '1988-01-29', '2021-03-06 03:57:53', '2021-03-06 03:57:53'),
(603, 'Russell Windler', 'alexandrine.keeling@hotmail.com', 'keshawn97', '254-203-5553 x11942', '1995-10-20', '2021-03-06 03:57:53', '2021-03-06 03:57:53'),
(604, 'Jaylon Jacobi', 'hettie41@steuber.biz', 'nthompson', '(614) 516-9200 x4011', '1985-08-25', '2021-03-06 03:57:53', '2021-03-06 03:57:53'),
(605, 'Irving Batz DVM', 'caterina86@jacobi.com', 'olson.gaston', '+19039840126', '1980-11-17', '2021-03-06 03:57:53', '2021-03-06 03:57:53'),
(606, 'Ms. Audie Durgan III', 'laurence14@hackett.com', 'tgoldner', '508.673.9594', '1981-09-01', '2021-03-06 03:57:53', '2021-03-06 03:57:53'),
(607, 'Dr. Yasmeen O\'Conner DDS', 'xbailey@ledner.info', 'paris49', '786.369.4145', '2003-05-21', '2021-03-06 03:57:53', '2021-03-06 03:57:53'),
(608, 'Kieran Durgan III', 'mervin75@gmail.com', 'laurel82', '849-359-9851 x9699', '1974-06-29', '2021-03-06 03:57:53', '2021-03-06 03:57:53'),
(609, 'Mr. Einar Hyatt', 'uschowalter@hotmail.com', 'zula.mante', '508-794-4248', '1980-10-05', '2021-03-06 03:57:53', '2021-03-06 03:57:53'),
(610, 'Jalon Abernathy I', 'shanel.bailey@hayes.com', 'ledner.randy', '1-689-755-9665', '2010-08-04', '2021-03-06 03:57:53', '2021-03-06 03:57:53'),
(611, 'Ms. Gwen Farrell Sr.', 'ifay@dicki.com', 'furman75', '1-413-437-5304 x5797', '1994-01-26', '2021-03-06 03:57:53', '2021-03-06 03:57:53'),
(612, 'Miss Elisabeth Becker', 'beier.ned@roob.com', 'ratke.ferne', '+1 (510) 829-6326', '1978-07-06', '2021-03-06 03:57:53', '2021-03-06 03:57:53'),
(613, 'Kay O\'Hara', 'kovacek.prudence@hotmail.com', 'ellis73', '258-771-3573', '1999-01-24', '2021-03-06 03:57:53', '2021-03-06 03:57:53'),
(614, 'Lurline Friesen', 'abshire.keara@bradtke.com', 'kirlin.brielle', '(320) 373-5971 x52194', '2011-08-24', '2021-03-06 03:57:53', '2021-03-06 03:57:53'),
(615, 'Freda Ryan', 'minnie.bechtelar@sawayn.biz', 'holly84', '(610) 877-7127 x963', '1996-01-03', '2021-03-06 03:57:53', '2021-03-06 03:57:53'),
(616, 'Al Rolfson DVM', 'lyric73@hotmail.com', 'jolie40', '929-995-8929', '2019-05-29', '2021-03-06 03:57:53', '2021-03-06 03:57:53'),
(617, 'Grant Konopelski', 'aorn@bednar.com', 'zelma85', '743.509.9390', '1994-09-08', '2021-03-06 03:57:53', '2021-03-06 03:57:53'),
(618, 'Newell Lemke', 'mike71@yahoo.com', 'porter.krajcik', '532-896-7771', '1989-02-14', '2021-03-06 03:57:53', '2021-03-06 03:57:53'),
(619, 'Prof. Charlotte Bayer', 'kovacek.harley@kilback.com', 'libbie38', '+1.612.384.1401', '1978-12-17', '2021-03-06 03:57:53', '2021-03-06 03:57:53'),
(620, 'Mrs. Brandy Deckow', 'claudine.schneider@farrell.biz', 'llebsack', '1-573-816-5171 x57265', '1982-05-06', '2021-03-06 03:57:53', '2021-03-06 03:57:53'),
(621, 'Dr. Francis Kozey', 'kreiger.dahlia@yahoo.com', 'van65', '(962) 613-0632', '2009-11-21', '2021-03-06 03:57:53', '2021-03-06 03:57:53'),
(622, 'Prof. Ettie Kohler DVM', 'deshaun.frami@olson.com', 'jefferey.mosciski', '(684) 753-0136 x24942', '1990-04-05', '2021-03-06 03:57:53', '2021-03-06 03:57:53'),
(623, 'Creola Rodriguez', 'mcclure.barry@pfeffer.net', 'isai.spencer', '1-953-783-9248 x28216', '2000-12-24', '2021-03-06 03:57:54', '2021-03-06 03:57:54'),
(624, 'Dr. Alyson Weber', 'steuber.katelyn@yahoo.com', 'lakin.maiya', '513.430.3106', '2018-02-27', '2021-03-06 03:57:54', '2021-03-06 03:57:54'),
(625, 'Mrs. Lexi Harber I', 'doyle.kurt@hotmail.com', 'chance14', '428-899-8065 x1077', '1994-01-15', '2021-03-06 03:57:54', '2021-03-06 03:57:54'),
(626, 'Mrs. Araceli Sauer', 'damore.crystal@yahoo.com', 'purdy.celia', '868-871-3497', '1986-10-08', '2021-03-06 03:57:54', '2021-03-06 03:57:54'),
(627, 'Mr. Leopold O\'Hara', 'jaiden.hegmann@yahoo.com', 'yschultz', '661-445-0230 x035', '2013-03-23', '2021-03-06 03:57:54', '2021-03-06 03:57:54'),
(628, 'Tianna Feest MD', 'evie61@zboncak.com', 'bergstrom.maria', '1-537-370-9769 x6369', '1980-01-14', '2021-03-06 03:57:54', '2021-03-06 03:57:54'),
(629, 'Rodger Kutch', 'mwest@larkin.info', 'bell61', '+1-348-660-6808', '1994-09-01', '2021-03-06 03:57:54', '2021-03-06 03:57:54'),
(630, 'Aurelie Bahringer', 'pkshlerin@rath.org', 'estel06', '994.244.1401 x04549', '1972-04-06', '2021-03-06 03:57:54', '2021-03-06 03:57:54'),
(631, 'Prof. Cielo Wehner', 'dejon.carter@gaylord.biz', 'weimann.finn', '454-489-4903 x9923', '1998-07-05', '2021-03-06 03:57:54', '2021-03-06 03:57:54'),
(632, 'Lexi Rutherford Sr.', 'camilla.terry@yahoo.com', 'maya.feeney', '+1 (271) 667-4602', '1990-03-14', '2021-03-06 03:57:54', '2021-03-06 03:57:54'),
(633, 'Alize Kassulke', 'juliana38@hotmail.com', 'nikolaus.garfield', '292.696.5429 x4145', '1980-01-10', '2021-03-06 03:57:54', '2021-03-06 03:57:54'),
(634, 'Prof. Catharine Bednar', 'stamm.theo@hessel.com', 'loy.douglas', '845.925.0660 x0193', '2010-01-23', '2021-03-06 03:57:54', '2021-03-06 03:57:54'),
(635, 'Trent Heller', 'shields.roxanne@dooley.com', 'lisa.strosin', '(578) 736-5393', '1997-12-29', '2021-03-06 03:57:54', '2021-03-06 03:57:54'),
(636, 'Karelle Lebsack', 'trystan.boyer@hotmail.com', 'albertha.hoppe', '1-357-546-2116 x76933', '2017-06-23', '2021-03-06 03:57:54', '2021-03-06 03:57:54'),
(637, 'Elenora Simonis', 'elsa36@yahoo.com', 'price.rosendo', '625.656.0609 x414', '1994-06-15', '2021-03-06 03:57:54', '2021-03-06 03:57:54'),
(638, 'Prof. Nicolas Turcotte', 'powlowski.elody@gmail.com', 'veum.ida', '689-418-5762 x904', '1987-04-10', '2021-03-06 03:57:54', '2021-03-06 03:57:54'),
(639, 'Dr. Winfield Hahn III', 'dconnelly@gmail.com', 'buster96', '661.228.0470', '1974-05-09', '2021-03-06 03:57:54', '2021-03-06 03:57:54'),
(640, 'Onie Zboncak', 'loyal.marks@hegmann.com', 'jason50', '(810) 270-4850 x5128', '2018-05-12', '2021-03-06 03:57:54', '2021-03-06 03:57:54'),
(641, 'Kevin Bernier', 'rfriesen@king.biz', 'malvina.legros', '1-890-743-7467', '2006-11-25', '2021-03-06 03:57:54', '2021-03-06 03:57:54'),
(642, 'Marlene Reichel', 'nadia.padberg@hotmail.com', 'ezra.shanahan', '+15764840550', '2002-07-03', '2021-03-06 03:57:54', '2021-03-06 03:57:54'),
(643, 'Priscilla Rogahn', 'hilda.nader@koepp.biz', 'tiana86', '+1 (496) 803-2403', '1989-12-25', '2021-03-06 03:57:54', '2021-03-06 03:57:54'),
(644, 'Chelsie Thompson', 'kaela.morar@hotmail.com', 'britchie', '1-538-973-7534 x0821', '1983-11-11', '2021-03-06 03:57:54', '2021-03-06 03:57:54'),
(645, 'Mrs. Karianne Rolfson', 'thaddeus.west@satterfield.org', 'eleazar.wuckert', '+1 (667) 707-4312', '1983-01-15', '2021-03-06 03:57:54', '2021-03-06 03:57:54'),
(646, 'Scot Kuhic', 'ortiz.mauricio@okuneva.com', 'uhickle', '1-972-970-2685 x413', '1980-05-31', '2021-03-06 03:57:54', '2021-03-06 03:57:54'),
(647, 'Terrill Mayert', 'mueller.garry@yahoo.com', 'maximillia.lebsack', '+1 (341) 912-3677', '2002-03-07', '2021-03-06 03:57:54', '2021-03-06 03:57:54'),
(648, 'Zita Denesik', 'mabelle83@kling.org', 'lesch.era', '545-770-7634', '1992-12-13', '2021-03-06 03:57:54', '2021-03-06 03:57:54'),
(649, 'Dr. Pete Towne', 'vivian19@jaskolski.com', 'stracke.gia', '1-558-249-2378 x787', '1972-07-26', '2021-03-06 03:57:54', '2021-03-06 03:57:54'),
(650, 'Estel Dickinson', 'ddonnelly@gmail.com', 'arnaldo.hodkiewicz', '553.599.5958', '2008-09-16', '2021-03-06 03:57:54', '2021-03-06 03:57:54'),
(651, 'Florence Gleichner', 'beryl.lebsack@stracke.com', 'consuelo.pfeffer', '1-634-534-6897', '1989-09-17', '2021-03-06 03:57:54', '2021-03-06 03:57:54'),
(652, 'Grady Kerluke', 'quitzon.marcellus@hotmail.com', 'frami.domingo', '730-530-6861 x55938', '1971-08-11', '2021-03-06 03:57:54', '2021-03-06 03:57:54'),
(653, 'Jaunita Beier MD', 'camryn.koss@hotmail.com', 'waldo.jacobs', '+1.282.606.1309', '1983-05-06', '2021-03-06 03:57:54', '2021-03-06 03:57:54'),
(654, 'Nikko Skiles', 'ollie.lueilwitz@yahoo.com', 'carroll.ava', '+1-841-963-3863', '2008-11-28', '2021-03-06 03:57:54', '2021-03-06 03:57:54'),
(655, 'Prof. Davon Bartell', 'emerson.gutkowski@yahoo.com', 'ywitting', '436.587.0911', '2014-11-05', '2021-03-06 03:57:54', '2021-03-06 03:57:54'),
(656, 'Lela Schinner', 'kbatz@yahoo.com', 'will34', '752.222.5216', '1994-04-04', '2021-03-06 03:57:54', '2021-03-06 03:57:54'),
(657, 'Emerson Breitenberg', 'mccullough.anastasia@gmail.com', 'jspinka', '1-576-534-3368', '1994-11-15', '2021-03-06 03:57:54', '2021-03-06 03:57:54'),
(658, 'Joana Kohler', 'pdurgan@yahoo.com', 'wunsch.isobel', '(384) 448-1537', '2007-08-03', '2021-03-06 03:57:55', '2021-03-06 03:57:55'),
(659, 'Raleigh Miller', 'xconroy@mccullough.net', 'lind.gunnar', '1-749-291-8211 x7964', '1978-09-25', '2021-03-06 03:57:55', '2021-03-06 03:57:55'),
(660, 'Maynard Bechtelar MD', 'drussel@hotmail.com', 'ward55', '1-923-285-5301 x16960', '1993-02-18', '2021-03-06 03:57:55', '2021-03-06 03:57:55'),
(661, 'Miss Pascale Bechtelar IV', 'schimmel.mayra@yahoo.com', 'halvorson.naomie', '+13489303565', '2010-11-18', '2021-03-06 03:57:55', '2021-03-06 03:57:55'),
(662, 'Carmella Schimmel', 'karina05@yahoo.com', 'hagenes.janie', '996-647-8501 x71202', '2006-04-28', '2021-03-06 03:57:55', '2021-03-06 03:57:55'),
(663, 'Ozella Wisozk DVM', 'ooconnell@gmail.com', 'kaylie16', '461-535-8223', '1989-10-03', '2021-03-06 03:57:55', '2021-03-06 03:57:55'),
(664, 'Jacques Buckridge', 'roslyn25@hotmail.com', 'joyce.runolfsson', '893-626-8476 x1827', '2020-11-04', '2021-03-06 03:57:55', '2021-03-06 03:57:55'),
(665, 'Mr. Stephan Marks II', 'macejkovic.samir@jacobi.com', 'clinton83', '825-526-7090 x583', '1982-06-10', '2021-03-06 03:57:55', '2021-03-06 03:57:55'),
(666, 'Summer Harvey PhD', 'chad.koelpin@hackett.com', 'pgottlieb', '1-756-513-3470', '2009-04-11', '2021-03-06 03:57:55', '2021-03-06 03:57:55'),
(667, 'Ally Greenholt', 'tabshire@hotmail.com', 'pfeffer.cleve', '448-381-1314 x41431', '1975-05-13', '2021-03-06 03:57:55', '2021-03-06 03:57:55'),
(668, 'Americo Crona', 'kelsie97@hotmail.com', 'price.kristy', '(245) 853-8271 x21105', '1983-11-27', '2021-03-06 03:57:55', '2021-03-06 03:57:55'),
(669, 'Rhett Gutkowski', 'bgreen@hotmail.com', 'scasper', '+1-701-898-5174', '1987-05-24', '2021-03-06 03:57:55', '2021-03-06 03:57:55'),
(670, 'Maureen Bergnaum PhD', 'jcorkery@gmail.com', 'alyson.lemke', '270-690-6108 x7835', '2017-09-25', '2021-03-06 03:57:55', '2021-03-06 03:57:55'),
(671, 'Dr. Niko Halvorson PhD', 'herzog.roscoe@yahoo.com', 'ole77', '(815) 951-1363', '1976-09-30', '2021-03-06 03:57:55', '2021-03-06 03:57:55'),
(672, 'Reymundo Lesch', 'schmidt.jocelyn@schaden.com', 'anne.braun', '647.515.4607 x47773', '2020-11-03', '2021-03-06 03:57:55', '2021-03-06 03:57:55'),
(673, 'Jaiden Oberbrunner', 'pedro75@gmail.com', 'nadia59', '873.852.4184', '2015-08-11', '2021-03-06 03:57:55', '2021-03-06 03:57:55'),
(674, 'Dr. Elwyn Gibson', 'ynader@gmail.com', 'henderson.turner', '225.853.2653 x4740', '2011-04-30', '2021-03-06 03:57:55', '2021-03-06 03:57:55'),
(675, 'Hadley Mueller', 'nhegmann@raynor.com', 'reinger.viviane', '+1-259-475-2227', '1991-03-26', '2021-03-06 03:57:55', '2021-03-06 03:57:55'),
(676, 'Mrs. Valerie Adams', 'laney.ernser@green.com', 'joyce.steuber', '+1 (538) 382-9076', '1980-03-18', '2021-03-06 03:57:55', '2021-03-06 03:57:55'),
(677, 'Grayce Kunze', 'bode.ezekiel@armstrong.net', 'juliana30', '+1.346.800.2844', '1999-08-04', '2021-03-06 03:57:55', '2021-03-06 03:57:55'),
(678, 'Mr. Emory Brown MD', 'hpollich@white.com', 'rschmitt', '(423) 561-4621 x7379', '2014-05-10', '2021-03-06 03:57:55', '2021-03-06 03:57:55'),
(679, 'Ronny Kutch', 'maude.gerhold@gmail.com', 'wilbert.okon', '1-835-369-2986 x3449', '1981-08-19', '2021-03-06 03:57:55', '2021-03-06 03:57:55'),
(680, 'Amos Witting Sr.', 'lolita57@gmail.com', 'micah.schinner', '490-543-4925', '1978-05-04', '2021-03-06 03:57:55', '2021-03-06 03:57:55'),
(681, 'Cathy Yundt', 'nella53@brekke.com', 'preston60', '779-600-1381', '2010-02-06', '2021-03-06 03:57:55', '2021-03-06 03:57:55'),
(682, 'Barney Koss V', 'langosh.tiara@schowalter.com', 'iabbott', '(329) 669-2629', '1999-12-16', '2021-03-06 03:57:55', '2021-03-06 03:57:55'),
(683, 'Nils Cassin', 'darrion91@hammes.com', 'carolina.wilderman', '1-483-801-7937 x0041', '2015-06-06', '2021-03-06 03:57:55', '2021-03-06 03:57:55'),
(684, 'Madisen Grant', 'champlin.teresa@gmail.com', 'jany75', '650.704.0614', '2019-09-23', '2021-03-06 03:57:55', '2021-03-06 03:57:55'),
(685, 'Pearl Stehr', 'hansen.felton@moore.biz', 'twillms', '1-716-207-4388 x311', '1970-06-22', '2021-03-06 03:57:55', '2021-03-06 03:57:55');
INSERT INTO `students` (`id`, `name`, `email`, `username`, `phone`, `dob`, `created_at`, `updated_at`) VALUES
(686, 'Alfonzo Legros', 'sigmund.gusikowski@wisoky.com', 'flehner', '(778) 463-6867', '2001-10-13', '2021-03-06 03:57:55', '2021-03-06 03:57:55'),
(687, 'Devan Hansen', 'wromaguera@gulgowski.com', 'hills.judd', '+12296001346', '1996-06-02', '2021-03-06 03:57:55', '2021-03-06 03:57:55'),
(688, 'Rylee Baumbach IV', 'garrison.schaefer@gmail.com', 'cordia14', '517.809.5212 x959', '1981-06-04', '2021-03-06 03:57:55', '2021-03-06 03:57:55'),
(689, 'Dr. Anya Keeling DVM', 'allene05@hotmail.com', 'lysanne55', '1-913-786-9608 x006', '2012-04-18', '2021-03-06 03:57:55', '2021-03-06 03:57:55'),
(690, 'Ms. Katherine Witting IV', 'enader@yahoo.com', 'fahey.birdie', '912.637.5823 x82607', '1979-08-26', '2021-03-06 03:57:55', '2021-03-06 03:57:55'),
(691, 'Dr. Koby West', 'klocko.rebekah@hotmail.com', 'johnson.guido', '(735) 534-9868 x5279', '2012-12-07', '2021-03-06 03:57:55', '2021-03-06 03:57:55'),
(692, 'Elinor Yundt V', 'eerdman@ritchie.biz', 'bauch.humberto', '+16497609874', '1977-05-09', '2021-03-06 03:57:55', '2021-03-06 03:57:55'),
(693, 'Lue Parisian Sr.', 'botsford.leonardo@jerde.com', 'odell38', '921.362.0611', '1973-06-04', '2021-03-06 03:57:55', '2021-03-06 03:57:55'),
(694, 'Zion Simonis', 'nichole.reynolds@ohara.com', 'sgorczany', '1-509-896-8437', '2013-05-25', '2021-03-06 03:57:56', '2021-03-06 03:57:56'),
(695, 'Bradford Price', 'lbeatty@yahoo.com', 'telly.damore', '364-527-7206 x07200', '1978-12-20', '2021-03-06 03:57:56', '2021-03-06 03:57:56'),
(696, 'Mr. Henderson Mueller PhD', 'edd.kiehn@hotmail.com', 'nrosenbaum', '950-825-6823 x3895', '2002-02-16', '2021-03-06 03:57:56', '2021-03-06 03:57:56'),
(697, 'Dr. Barney McGlynn III', 'cthiel@herman.com', 'batz.alisha', '1-791-780-6210', '2019-01-31', '2021-03-06 03:57:56', '2021-03-06 03:57:56'),
(698, 'Easton Kerluke', 'spollich@yahoo.com', 'kaia40', '937-417-0638 x43616', '2014-02-09', '2021-03-06 03:57:56', '2021-03-06 03:57:56'),
(699, 'Ricardo Smitham DVM', 'hermiston.elisha@witting.com', 'stevie28', '1-682-533-9778', '1981-08-19', '2021-03-06 03:57:56', '2021-03-06 03:57:56'),
(700, 'Anne Fritsch', 'joanie78@hotmail.com', 'hoyt99', '+1-873-507-2682', '1993-10-07', '2021-03-06 03:57:56', '2021-03-06 03:57:56'),
(701, 'Prof. Brant Schmidt', 'vhane@yahoo.com', 'hillard18', '(354) 652-7880', '2010-03-14', '2021-03-06 03:57:56', '2021-03-06 03:57:56'),
(702, 'Prof. Magdalena Ondricka', 'ritchie.lorenz@gmail.com', 'schaefer.shyann', '416.367.6001 x367', '1984-09-16', '2021-03-06 03:57:56', '2021-03-06 03:57:56'),
(703, 'Greta Klein MD', 'wbartoletti@mills.com', 'pablo94', '1-862-619-9959', '1979-04-08', '2021-03-06 03:57:56', '2021-03-06 03:57:56'),
(704, 'Tom Lindgren', 'sigmund.bartoletti@hotmail.com', 'waelchi.bertrand', '303-769-7519 x199', '2006-02-26', '2021-03-06 03:57:56', '2021-03-06 03:57:56'),
(705, 'Armando Erdman', 'jerod.osinski@yahoo.com', 'leopold.powlowski', '+1-664-900-0987', '2013-08-30', '2021-03-06 03:57:56', '2021-03-06 03:57:56'),
(706, 'Mr. Laverne Mueller', 'virginie85@zulauf.com', 'stark.jarrod', '1-681-378-7222', '1972-09-15', '2021-03-06 03:57:56', '2021-03-06 03:57:56'),
(707, 'Dr. Kay Howe V', 'maxie.effertz@thompson.biz', 'kprohaska', '+1 (721) 936-9858', '2014-04-27', '2021-03-06 03:57:56', '2021-03-06 03:57:56'),
(708, 'Sonny Nader', 'boyer.keely@nitzsche.com', 'feest.judd', '+12915666105', '1970-08-27', '2021-03-06 03:57:56', '2021-03-06 03:57:56'),
(709, 'Dr. Dorris Keebler I', 'kemmer.heaven@yahoo.com', 'jazmin77', '1-983-995-0422 x3423', '1977-01-27', '2021-03-06 03:57:56', '2021-03-06 03:57:56'),
(710, 'Katrine Walsh', 'coby.rosenbaum@greenholt.com', 'domingo.renner', '(971) 545-7584', '1984-06-16', '2021-03-06 03:57:56', '2021-03-06 03:57:56'),
(711, 'Dr. Magali Lockman', 'vcummings@crooks.com', 'julius.kiehn', '+1-543-699-2173', '2018-08-11', '2021-03-06 03:57:56', '2021-03-06 03:57:56'),
(712, 'Ervin Larkin IV', 'marquise84@jacobson.biz', 'gina.christiansen', '(462) 386-4457', '1988-09-11', '2021-03-06 03:57:56', '2021-03-06 03:57:56'),
(713, 'Maxwell Grimes', 'drutherford@fritsch.biz', 'vandervort.alfredo', '1-695-691-9961', '1978-03-15', '2021-03-06 03:57:56', '2021-03-06 03:57:56'),
(714, 'Britney Bergstrom', 'naomi.crooks@bartoletti.com', 'keebler.boyd', '1-603-540-5408 x734', '2019-08-10', '2021-03-06 03:57:56', '2021-03-06 03:57:56'),
(715, 'Daisy Bechtelar', 'lavada56@gmail.com', 'gbednar', '921.244.4272 x186', '2012-03-10', '2021-03-06 03:57:56', '2021-03-06 03:57:56'),
(716, 'Mr. Rylan Johnson PhD', 'audreanne34@hotmail.com', 'sherman.hane', '520-556-7336 x455', '1993-10-25', '2021-03-06 03:57:56', '2021-03-06 03:57:56'),
(717, 'Brielle Hammes DVM', 'denesik.ephraim@heidenreich.com', 'ziemann.matilda', '1-457-578-2948 x57357', '1981-05-21', '2021-03-06 03:57:56', '2021-03-06 03:57:56'),
(718, 'Tevin Schoen I', 'marilie99@gleichner.com', 'molly.larson', '(809) 302-8711 x6430', '1980-09-02', '2021-03-06 03:57:56', '2021-03-06 03:57:56'),
(719, 'Monserrat Schmitt', 'bashirian.glen@miller.com', 'dbailey', '592-959-7221', '1999-06-18', '2021-03-06 03:57:56', '2021-03-06 03:57:56'),
(720, 'Mr. Glennie Hane', 'milton70@becker.org', 'larry.runte', '953-235-9641', '2000-12-04', '2021-03-06 03:57:56', '2021-03-06 03:57:56'),
(721, 'Jeanette Waters I', 'xhettinger@gusikowski.biz', 'dayne88', '+1 (991) 633-8434', '2009-02-19', '2021-03-06 03:57:56', '2021-03-06 03:57:56'),
(722, 'Prof. Shaun Ebert', 'lilla32@ondricka.biz', 'monte94', '1-462-287-8238 x759', '2002-09-16', '2021-03-06 03:57:56', '2021-03-06 03:57:56'),
(723, 'Neha Grant', 'joe.heathcote@bahringer.com', 'anastacio52', '+1.584.898.4256', '1990-03-05', '2021-03-06 03:57:56', '2021-03-06 03:57:56'),
(724, 'Barrett Stoltenberg', 'uhoppe@hotmail.com', 'tyreek92', '1-892-749-4101 x19718', '2016-09-03', '2021-03-06 03:57:57', '2021-03-06 03:57:57'),
(725, 'Jamel Kuhlman DVM', 'perdman@yahoo.com', 'kkoelpin', '648.577.1286 x38406', '1981-03-06', '2021-03-06 03:57:57', '2021-03-06 03:57:57'),
(726, 'Annabelle Howell', 'heller.rossie@gmail.com', 'iva11', '(740) 427-1095 x86575', '1977-02-13', '2021-03-06 03:57:57', '2021-03-06 03:57:57'),
(727, 'Dayne Ritchie', 'bryon.beatty@hotmail.com', 'laurie31', '(434) 692-6104', '2020-04-16', '2021-03-06 03:57:57', '2021-03-06 03:57:57'),
(728, 'Dr. Otto Walsh Sr.', 'esta.franecki@goodwin.com', 'eldon.zieme', '+1-638-628-1701', '2009-08-30', '2021-03-06 03:57:57', '2021-03-06 03:57:57'),
(729, 'Paul Schmitt', 'morar.vicky@frami.com', 'johnston.jackson', '664.655.3482 x3453', '2017-04-09', '2021-03-06 03:57:57', '2021-03-06 03:57:57'),
(730, 'Reginald Armstrong', 'umedhurst@yahoo.com', 'ynicolas', '440-760-3852 x45836', '2011-06-11', '2021-03-06 03:57:57', '2021-03-06 03:57:57'),
(731, 'Alexandro Johnston', 'onie.stehr@gmail.com', 'gwilliamson', '226-762-4222 x49170', '2004-09-13', '2021-03-06 03:57:57', '2021-03-06 03:57:57'),
(732, 'Junior Volkman', 'pdonnelly@gmail.com', 'marcelina.herman', '275.802.8869 x31642', '1993-10-06', '2021-03-06 03:57:57', '2021-03-06 03:57:57'),
(733, 'Audie Blick II', 'harvey63@gmail.com', 'cecelia.lebsack', '1-459-918-4822', '2001-05-11', '2021-03-06 03:57:57', '2021-03-06 03:57:57'),
(734, 'Elda Ritchie', 'sanford.florence@hotmail.com', 'jmayert', '412.502.3448 x31996', '1989-06-12', '2021-03-06 03:57:57', '2021-03-06 03:57:57'),
(735, 'Shaun Jakubowski', 'pacocha.wilfrid@hotmail.com', 'claudine.lebsack', '969.977.1540', '1998-07-04', '2021-03-06 03:57:57', '2021-03-06 03:57:57'),
(736, 'Mittie Roberts MD', 'zswaniawski@gmail.com', 'jaqueline.barton', '834-388-1863 x4060', '2007-08-25', '2021-03-06 03:57:57', '2021-03-06 03:57:57'),
(737, 'Rhiannon Farrell', 'dbrown@hotmail.com', 'cschinner', '+1 (658) 771-8353', '2021-01-16', '2021-03-06 03:57:57', '2021-03-06 03:57:57'),
(738, 'Zelda Nienow', 'bartoletti.rozella@yahoo.com', 'fstreich', '1-452-281-6342 x10089', '2009-12-18', '2021-03-06 03:57:57', '2021-03-06 03:57:57'),
(739, 'Jessica Kertzmann MD', 'kohler.roberta@hotmail.com', 'hreynolds', '(648) 716-8720 x756', '1993-11-27', '2021-03-06 03:57:57', '2021-03-06 03:57:57'),
(740, 'Lawrence Weimann', 'jameson.bayer@gmail.com', 'brown.leonie', '+1.647.961.6066', '1973-08-26', '2021-03-06 03:57:57', '2021-03-06 03:57:57'),
(741, 'Gilda West', 'ohara.meagan@gmail.com', 'moses.upton', '480.449.8470 x2501', '1979-09-20', '2021-03-06 03:57:57', '2021-03-06 03:57:57'),
(742, 'Melany Langosh', 'ethan.gulgowski@jerde.biz', 'feil.emiliano', '923.681.2583', '1988-09-18', '2021-03-06 03:57:57', '2021-03-06 03:57:57'),
(743, 'Muriel McDermott', 'kihn.danial@yahoo.com', 'michelle95', '781.245.7024', '1976-10-16', '2021-03-06 03:57:57', '2021-03-06 03:57:57'),
(744, 'Jovan VonRueden', 'lemke.roy@hotmail.com', 'sokon', '+1 (697) 278-7822', '1973-09-05', '2021-03-06 03:57:57', '2021-03-06 03:57:57'),
(745, 'Prof. Lorenzo Hane PhD', 'oliver.gislason@gmail.com', 'jenifer.volkman', '369.808.0328', '1973-02-19', '2021-03-06 03:57:57', '2021-03-06 03:57:57'),
(746, 'Orie Tremblay', 'mekhi.reichel@hirthe.com', 'pearline08', '+1-236-534-3501', '2011-07-22', '2021-03-06 03:57:57', '2021-03-06 03:57:57'),
(747, 'Ryley Herzog V', 'adriel.hammes@franecki.org', 'fadel.maci', '906-808-6470 x5751', '2015-11-16', '2021-03-06 03:57:57', '2021-03-06 03:57:57'),
(748, 'Lenna Schultz', 'darryl.witting@stanton.biz', 'cremin.landen', '(384) 288-7778 x8058', '1980-12-28', '2021-03-06 03:57:57', '2021-03-06 03:57:57'),
(749, 'Weston Fay', 'kessler.deanna@kirlin.com', 'wuckert.vergie', '359.521.7427 x9590', '2006-07-01', '2021-03-06 03:57:57', '2021-03-06 03:57:57'),
(750, 'Mr. Dedrick Grimes', 'dan60@hotmail.com', 'reynold.hayes', '291.761.0889', '2015-06-12', '2021-03-06 03:57:57', '2021-03-06 03:57:57'),
(751, 'Dr. Junius Swift', 'will04@dubuque.biz', 'nlakin', '658.866.7206', '2006-06-06', '2021-03-06 03:57:57', '2021-03-06 03:57:57'),
(752, 'Alexane Cole', 'yasmin.braun@gmail.com', 'ofelia75', '539-791-8143', '2013-06-25', '2021-03-06 03:57:57', '2021-03-06 03:57:57'),
(753, 'Bernita Senger', 'akeebler@gmail.com', 'collin16', '886-348-4650', '2013-12-23', '2021-03-06 03:57:57', '2021-03-06 03:57:57'),
(754, 'Adalberto Schiller', 'albin48@sauer.com', 'maynard78', '(402) 994-8266 x541', '2008-05-21', '2021-03-06 03:57:57', '2021-03-06 03:57:57'),
(755, 'Prof. Tyrell Eichmann DDS', 'goodwin.lyric@deckow.com', 'salvatore.lang', '(318) 350-2048 x10813', '2021-02-09', '2021-03-06 03:57:57', '2021-03-06 03:57:57'),
(756, 'Ellis Sauer V', 'lennie.dickens@braun.info', 'agustina.crona', '+1.263.847.8399', '2006-03-31', '2021-03-06 03:57:57', '2021-03-06 03:57:57'),
(757, 'Nicola Jacobi', 'geovanny.von@gmail.com', 'alvera.kohler', '294.809.8422 x4156', '2009-03-27', '2021-03-06 03:57:57', '2021-03-06 03:57:57'),
(758, 'Margarete Lueilwitz IV', 'damaris.schmitt@kunde.com', 'josephine59', '+1-903-776-8000', '2005-03-17', '2021-03-06 03:57:57', '2021-03-06 03:57:57'),
(759, 'Javonte Bernhard Sr.', 'esatterfield@daugherty.com', 'pierre23', '+1.465.219.8870', '2003-01-13', '2021-03-06 03:57:57', '2021-03-06 03:57:57'),
(760, 'Rosemary Osinski', 'treutel.mark@hotmail.com', 'qrosenbaum', '996-420-8798 x820', '1995-08-17', '2021-03-06 03:57:57', '2021-03-06 03:57:57'),
(761, 'Dr. Bertha Spinka V', 'leonie.hauck@stehr.net', 'lehner.raphael', '278.945.5264', '2014-01-03', '2021-03-06 03:57:57', '2021-03-06 03:57:57'),
(762, 'Dr. Bud Monahan', 'pfeffer.antonio@yahoo.com', 'eli.auer', '209.922.0123', '1997-05-16', '2021-03-06 03:57:57', '2021-03-06 03:57:57'),
(763, 'Ceasar Mertz', 'jcorkery@kuvalis.com', 'moen.dakota', '+1-685-413-7853', '1984-03-08', '2021-03-06 03:57:57', '2021-03-06 03:57:57'),
(764, 'Miss Vena Barrows', 'krystal93@emmerich.com', 'robyn72', '639.360.9495', '2000-07-11', '2021-03-06 03:57:58', '2021-03-06 03:57:58'),
(765, 'Edna Romaguera', 'lflatley@blanda.net', 'parisian.zaria', '862-997-8243', '2019-03-17', '2021-03-06 03:57:58', '2021-03-06 03:57:58'),
(766, 'Prof. Jasen Hickle MD', 'douglas.johnny@yahoo.com', 'constantin.frami', '693-530-3719', '1979-01-09', '2021-03-06 03:57:58', '2021-03-06 03:57:58'),
(767, 'Rosalia Tromp PhD', 'rickey.kilback@volkman.com', 'cleuschke', '(357) 777-8799', '2006-03-19', '2021-03-06 03:57:58', '2021-03-06 03:57:58'),
(768, 'Mr. Nick Gulgowski', 'khudson@gmail.com', 'robb.prohaska', '+1 (643) 614-2226', '2007-05-27', '2021-03-06 03:57:58', '2021-03-06 03:57:58'),
(769, 'Rubye Pfannerstill', 'lprohaska@hansen.org', 'rkshlerin', '1-623-209-5416 x619', '1981-10-08', '2021-03-06 03:57:58', '2021-03-06 03:57:58'),
(770, 'Mozelle Lynch', 'jasper.dubuque@schmidt.com', 'uheathcote', '+17197629688', '2011-09-13', '2021-03-06 03:57:58', '2021-03-06 03:57:58'),
(771, 'Prof. Jamir Hand', 'hbeer@carter.com', 'kbeatty', '645-885-6530 x5880', '2005-06-11', '2021-03-06 03:57:58', '2021-03-06 03:57:58'),
(772, 'Madonna Nikolaus', 'oliver73@gmail.com', 'abe.jenkins', '(867) 762-4930 x30158', '2017-11-13', '2021-03-06 03:57:58', '2021-03-06 03:57:58'),
(773, 'Sid Swaniawski', 'schmeler.josefina@yahoo.com', 'schumm.melany', '545-659-8210 x507', '1979-08-11', '2021-03-06 03:57:58', '2021-03-06 03:57:58'),
(774, 'Emily Kreiger IV', 'ftorphy@gmail.com', 'zsenger', '(810) 943-0804 x76161', '2005-04-12', '2021-03-06 03:57:58', '2021-03-06 03:57:58'),
(775, 'Neal Cummings V', 'rath.cesar@toy.biz', 'okuhlman', '485-368-3762 x7914', '1985-11-02', '2021-03-06 03:57:58', '2021-03-06 03:57:58'),
(776, 'Destinee Berge', 'reggie.lindgren@hodkiewicz.com', 'ibartell', '(885) 233-0272 x929', '1980-06-06', '2021-03-06 03:57:58', '2021-03-06 03:57:58'),
(777, 'Kelvin Collier II', 'runte.zackary@powlowski.info', 'megane.hegmann', '665-201-5103 x00244', '2009-03-29', '2021-03-06 03:57:58', '2021-03-06 03:57:58'),
(778, 'Jennyfer Runte', 'bwalker@kihn.biz', 'gfahey', '+1.454.238.9057', '1989-01-06', '2021-03-06 03:57:58', '2021-03-06 03:57:58'),
(779, 'Ryleigh Effertz', 'irwin24@gmail.com', 'williamson.reece', '764.513.9166 x27981', '1983-12-09', '2021-03-06 03:57:58', '2021-03-06 03:57:58'),
(780, 'Rodrigo Kozey', 'esther61@toy.com', 'torp.mercedes', '+14693824278', '1995-07-01', '2021-03-06 03:57:58', '2021-03-06 03:57:58'),
(781, 'Danika Pfeffer Sr.', 'devin66@yahoo.com', 'jkirlin', '(329) 450-4583 x514', '1991-01-01', '2021-03-06 03:57:58', '2021-03-06 03:57:58'),
(782, 'Karianne Rempel Jr.', 'kautzer.phyllis@yahoo.com', 'klocko.daisy', '871.551.4823 x480', '1974-11-22', '2021-03-06 03:57:58', '2021-03-06 03:57:58'),
(783, 'Andreane Reilly', 'edwina.quigley@hotmail.com', 'esatterfield', '+19474862733', '2014-05-04', '2021-03-06 03:57:58', '2021-03-06 03:57:58'),
(784, 'Julia Hayes', 'aerdman@hotmail.com', 'russel58', '649.521.8768', '2017-04-16', '2021-03-06 03:57:58', '2021-03-06 03:57:58'),
(785, 'Alvera Veum III', 'giuseppe.deckow@carter.net', 'kbotsford', '(714) 296-3275', '1980-10-03', '2021-03-06 03:57:58', '2021-03-06 03:57:58'),
(786, 'Rosemarie Robel', 'crowe@schmidt.com', 'kdonnelly', '1-435-259-1932 x3781', '1997-02-03', '2021-03-06 03:57:58', '2021-03-06 03:57:58'),
(787, 'Marisol Corkery', 'fblanda@harber.net', 'thurman06', '(649) 676-4782 x0411', '2002-05-28', '2021-03-06 03:57:58', '2021-03-06 03:57:58'),
(788, 'Prof. Connor Cremin', 'drogahn@crona.info', 'gcremin', '+1 (407) 935-5476', '1975-01-02', '2021-03-06 03:57:58', '2021-03-06 03:57:58'),
(789, 'Ludwig Cummings', 'saul98@gmail.com', 'gladys.adams', '+1.791.507.3306', '1986-12-20', '2021-03-06 03:57:58', '2021-03-06 03:57:58'),
(790, 'Prof. Litzy Wolf III', 'eulah53@yahoo.com', 'hbradtke', '+1.260.338.1047', '1989-04-10', '2021-03-06 03:57:58', '2021-03-06 03:57:58'),
(791, 'Hoyt O\'Connell', 'elta62@hotmail.com', 'abogan', '609-230-1847 x69694', '1992-09-25', '2021-03-06 03:57:58', '2021-03-06 03:57:58'),
(792, 'Jeffrey Grady', 'wendy54@hotmail.com', 'blockman', '(809) 253-0237 x23155', '1994-04-02', '2021-03-06 03:57:58', '2021-03-06 03:57:58'),
(793, 'Prof. Jettie Herzog', 'cheyanne.damore@kunze.org', 'arnulfo35', '542-628-0669 x19247', '1996-08-17', '2021-03-06 03:57:58', '2021-03-06 03:57:58'),
(794, 'Adela Kunze', 'tillman.dominic@gmail.com', 'pkub', '(571) 289-2396 x882', '1991-02-14', '2021-03-06 03:57:58', '2021-03-06 03:57:58'),
(795, 'Jerrold Roberts', 'kling.leslie@gmail.com', 'shanelle.schinner', '(579) 989-9949 x8068', '2003-03-25', '2021-03-06 03:57:58', '2021-03-06 03:57:58'),
(796, 'Estrella Little', 'sally.keeling@nolan.com', 'ulabadie', '484.204.0897', '1997-03-23', '2021-03-06 03:57:58', '2021-03-06 03:57:58'),
(797, 'Dr. Pierre Halvorson', 'balistreri.archibald@yahoo.com', 'treutel.tanner', '729-564-9248 x8215', '2005-09-26', '2021-03-06 03:57:58', '2021-03-06 03:57:58'),
(798, 'Mr. Rodrigo Heaney', 'eliezer58@hotmail.com', 'qaltenwerth', '316.986.3935', '2012-06-29', '2021-03-06 03:57:58', '2021-03-06 03:57:58'),
(799, 'Mr. Tyrique Wuckert', 'hermiston.myrtie@roberts.net', 'hildegard.dubuque', '234.362.7965 x73359', '1975-06-23', '2021-03-06 03:57:59', '2021-03-06 03:57:59'),
(800, 'Kylee Doyle III', 'yasmin.friesen@gmail.com', 'wilderman.elsa', '(575) 955-2007', '2003-12-05', '2021-03-06 03:57:59', '2021-03-06 03:57:59'),
(801, 'Mozelle Blanda DDS', 'kamryn.ryan@hotmail.com', 'osauer', '824-255-2478', '2010-06-08', '2021-03-06 03:57:59', '2021-03-06 03:57:59'),
(802, 'Brody Kris IV', 'lavina.dubuque@mraz.com', 'volkman.miracle', '1-778-616-8409', '2002-02-11', '2021-03-06 03:57:59', '2021-03-06 03:57:59'),
(803, 'Karianne Haag', 'thora45@hotmail.com', 'medhurst.ransom', '1-325-275-8269', '2002-04-21', '2021-03-06 03:57:59', '2021-03-06 03:57:59'),
(804, 'Nicolette Runte MD', 'baby.bosco@carroll.org', 'nicolas.watson', '356-830-3722 x7194', '2019-05-30', '2021-03-06 03:57:59', '2021-03-06 03:57:59'),
(805, 'Janet Moen', 'qfranecki@veum.com', 'pollich.regan', '806.271.4118', '1991-09-16', '2021-03-06 03:57:59', '2021-03-06 03:57:59'),
(806, 'Jaquelin Morissette', 'kmaggio@lang.net', 'beahan.wilber', '1-780-279-6520 x7570', '2018-12-19', '2021-03-06 03:57:59', '2021-03-06 03:57:59'),
(807, 'Keyon Kutch Jr.', 'jonathon31@gmail.com', 'dorris39', '615-360-6510 x9738', '1995-03-22', '2021-03-06 03:57:59', '2021-03-06 03:57:59'),
(808, 'Amanda Davis', 'gerda97@yahoo.com', 'xschulist', '(519) 216-1047 x82478', '2020-02-08', '2021-03-06 03:57:59', '2021-03-06 03:57:59'),
(809, 'Ellis Moore', 'tess58@gmail.com', 'christiansen.bridgette', '+17504599345', '2012-11-28', '2021-03-06 03:57:59', '2021-03-06 03:57:59'),
(810, 'Moses Ritchie', 'bethel19@nitzsche.com', 'hyatt.edwin', '+16896352388', '1970-02-24', '2021-03-06 03:57:59', '2021-03-06 03:57:59'),
(811, 'Sim Koch', 'ziemann.mariah@gmail.com', 'gaston54', '854.935.4471 x17827', '2011-11-19', '2021-03-06 03:57:59', '2021-03-06 03:57:59'),
(812, 'Zion Bogisich MD', 'rtillman@beer.biz', 'madge.heathcote', '639-737-2918', '1994-06-14', '2021-03-06 03:57:59', '2021-03-06 03:57:59'),
(813, 'Laurine Nolan Jr.', 'igrady@hyatt.com', 'kirlin.stephanie', '(737) 422-8392', '1988-09-23', '2021-03-06 03:57:59', '2021-03-06 03:57:59'),
(814, 'Mr. Rocky Schimmel', 'qledner@gmail.com', 'santiago.yost', '791-585-3481 x68197', '1992-10-30', '2021-03-06 03:57:59', '2021-03-06 03:57:59'),
(815, 'Marley Mitchell I', 'mills.cade@cruickshank.biz', 'rbahringer', '839-471-8245', '2007-10-13', '2021-03-06 03:57:59', '2021-03-06 03:57:59'),
(816, 'Gertrude Kuphal', 'chyna.towne@hotmail.com', 'hirthe.bradford', '279-377-8856', '2000-09-19', '2021-03-06 03:57:59', '2021-03-06 03:57:59'),
(817, 'Percy Lynch Sr.', 'giovanni.weber@yahoo.com', 'lueilwitz.lolita', '370.962.5255', '1990-12-26', '2021-03-06 03:57:59', '2021-03-06 03:57:59'),
(818, 'Odell Hayes DDS', 'tyra04@green.com', 'houston04', '676.956.6922', '1972-07-25', '2021-03-06 03:57:59', '2021-03-06 03:57:59'),
(819, 'Mozell Durgan', 'xbahringer@hotmail.com', 'lwunsch', '+15793254033', '1993-09-23', '2021-03-06 03:57:59', '2021-03-06 03:57:59'),
(820, 'Mr. Nikolas Harber', 'sophie57@gmail.com', 'bfunk', '215.686.3477', '1971-08-22', '2021-03-06 03:57:59', '2021-03-06 03:57:59'),
(821, 'Seamus Kuphal', 'duane.hane@gmail.com', 'omoore', '1-732-594-4031 x280', '1971-07-21', '2021-03-06 03:57:59', '2021-03-06 03:57:59'),
(822, 'Ethan Buckridge I', 'loyce72@ruecker.com', 'ihermann', '1-242-978-7683', '2013-11-20', '2021-03-06 03:57:59', '2021-03-06 03:57:59'),
(823, 'Samir Rempel', 'lowe.anna@yahoo.com', 'morar.daisha', '457.292.5702 x570', '1975-07-21', '2021-03-06 03:57:59', '2021-03-06 03:57:59'),
(824, 'Prof. Madilyn Hegmann DDS', 'prempel@gmail.com', 'hackett.wilfred', '(470) 895-5147', '2013-12-28', '2021-03-06 03:57:59', '2021-03-06 03:57:59'),
(825, 'Brianne Sanford', 'runolfsson.eldon@hotmail.com', 'carter.wisozk', '925.638.0435', '2016-11-04', '2021-03-06 03:57:59', '2021-03-06 03:57:59'),
(826, 'Ms. Shayna Koch III', 'nikolaus.julian@hotmail.com', 'mitchel.daniel', '+17703219696', '1993-06-29', '2021-03-06 03:57:59', '2021-03-06 03:57:59'),
(827, 'Bryana Windler', 'astracke@hintz.biz', 'xrath', '279-565-7273 x98508', '1982-01-04', '2021-03-06 03:57:59', '2021-03-06 03:57:59'),
(828, 'Juston Bashirian', 'sidney99@gleason.biz', 'leta.greenholt', '1-339-731-7505', '1985-11-02', '2021-03-06 03:57:59', '2021-03-06 03:57:59'),
(829, 'Derek Grimes', 'adolph53@wilderman.org', 'kari20', '(852) 498-6895 x9081', '1981-10-21', '2021-03-06 03:57:59', '2021-03-06 03:57:59'),
(830, 'Adah Schroeder III', 'kristofer31@hotmail.com', 'szieme', '521.309.7813', '1986-10-09', '2021-03-06 03:57:59', '2021-03-06 03:57:59'),
(831, 'Jacky Daugherty', 'lenny73@hotmail.com', 'nathaniel.schowalter', '(328) 970-8770 x5278', '1971-05-15', '2021-03-06 03:57:59', '2021-03-06 03:57:59'),
(832, 'Lorna Bartell', 'nhackett@yahoo.com', 'bernardo26', '239-964-5870 x41826', '2011-05-12', '2021-03-06 03:57:59', '2021-03-06 03:57:59'),
(833, 'Amie Ankunding', 'santa.emmerich@predovic.net', 'deckow.belle', '+1-898-429-3623', '1977-10-25', '2021-03-06 03:57:59', '2021-03-06 03:57:59'),
(834, 'Oran Dicki', 'kirsten.denesik@huels.com', 'eunice.vandervort', '+1-312-312-2561', '2017-01-21', '2021-03-06 03:57:59', '2021-03-06 03:57:59'),
(835, 'Emmalee Satterfield', 'liana.stehr@gmail.com', 'clair64', '710.695.5990 x601', '1998-06-03', '2021-03-06 03:57:59', '2021-03-06 03:57:59'),
(836, 'Prof. Zack Rippin IV', 'emard.silas@yahoo.com', 'wuckert.joesph', '1-790-374-2205', '2010-10-19', '2021-03-06 03:57:59', '2021-03-06 03:57:59'),
(837, 'Kacie D\'Amore', 'wilderman.ephraim@hotmail.com', 'corwin.eleazar', '(445) 453-4614', '2013-07-24', '2021-03-06 03:58:00', '2021-03-06 03:58:00'),
(838, 'Mrs. Billie Rohan', 'dayana.bins@wehner.info', 'lois45', '+1.381.434.8000', '1995-03-02', '2021-03-06 03:58:00', '2021-03-06 03:58:00'),
(839, 'Alvis Becker', 'igleichner@yahoo.com', 'hhermiston', '1-790-305-4816', '1995-03-29', '2021-03-06 03:58:00', '2021-03-06 03:58:00'),
(840, 'Javier Oberbrunner', 'okeefe.breana@ondricka.com', 'griffin31', '+1-918-970-1350', '1986-10-23', '2021-03-06 03:58:00', '2021-03-06 03:58:00'),
(841, 'August Tromp', 'fhammes@yahoo.com', 'mwolff', '886-542-7635', '1996-12-22', '2021-03-06 03:58:00', '2021-03-06 03:58:00'),
(842, 'Ms. Ally Wolff', 'winnifred.cronin@bartell.com', 'roscoe.dickens', '379.823.7486 x5950', '1975-03-26', '2021-03-06 03:58:00', '2021-03-06 03:58:00'),
(843, 'Ricardo Davis MD', 'destiney.rempel@hotmail.com', 'estell47', '742-680-2638', '1999-10-05', '2021-03-06 03:58:00', '2021-03-06 03:58:00'),
(844, 'Prof. Emerson Ratke DDS', 'eli.johns@gmail.com', 'bernice.treutel', '937-857-6539 x2787', '2017-10-03', '2021-03-06 03:58:00', '2021-03-06 03:58:00'),
(845, 'Margie Monahan', 'cara00@hotmail.com', 'iromaguera', '279.981.4208 x4862', '1970-12-10', '2021-03-06 03:58:00', '2021-03-06 03:58:00'),
(846, 'Mrs. Ashlynn Schulist', 'swift.kenya@gmail.com', 'valentin.shanahan', '502.566.0749 x0288', '1989-10-22', '2021-03-06 03:58:00', '2021-03-06 03:58:00'),
(847, 'Florian Lowe Sr.', 'peggie89@morissette.net', 'carlie66', '(404) 433-7501', '2003-10-27', '2021-03-06 03:58:00', '2021-03-06 03:58:00'),
(848, 'Skylar Koelpin', 'simonis.furman@smith.com', 'dmoen', '+16056941767', '2004-10-11', '2021-03-06 03:58:00', '2021-03-06 03:58:00'),
(849, 'Dr. Rupert Hirthe', 'oconnell.eudora@hartmann.com', 'trevor08', '(330) 874-2390 x10452', '1983-11-02', '2021-03-06 03:58:00', '2021-03-06 03:58:00'),
(850, 'Bradford Wehner', 'gerhold.raphaelle@cassin.biz', 'ratke.emory', '1-767-994-2671 x541', '2017-03-01', '2021-03-06 03:58:00', '2021-03-06 03:58:00'),
(851, 'Gilda Lubowitz', 'arlo86@robel.org', 'tremayne20', '(351) 888-8500 x0450', '1995-02-17', '2021-03-06 03:58:00', '2021-03-06 03:58:00'),
(852, 'Kamille O\'Conner', 'quitzon.stanley@dicki.com', 'ila36', '(878) 928-5344', '2005-10-07', '2021-03-06 03:58:00', '2021-03-06 03:58:00'),
(853, 'Sallie Mohr', 'kamren13@rowe.com', 'usatterfield', '+1.874.588.0415', '2018-11-08', '2021-03-06 03:58:00', '2021-03-06 03:58:00'),
(854, 'Berry Strosin', 'ecrist@purdy.biz', 'mosciski.jerel', '379-985-1480 x984', '1998-09-26', '2021-03-06 03:58:00', '2021-03-06 03:58:00'),
(855, 'Mr. Carol Ledner Jr.', 'fkuphal@wuckert.com', 'sydnie.waters', '1-975-997-8228', '2001-12-02', '2021-03-06 03:58:00', '2021-03-06 03:58:00'),
(856, 'Dortha Jakubowski', 'demarco28@yahoo.com', 'eileen75', '682-941-4415 x9179', '2003-08-12', '2021-03-06 03:58:00', '2021-03-06 03:58:00'),
(857, 'Miss Tomasa Ferry DVM', 'wilhelm.schaefer@gmail.com', 'brennan.halvorson', '+16725145080', '2008-07-24', '2021-03-06 03:58:00', '2021-03-06 03:58:00'),
(858, 'Josefina Hackett', 'raegan.harris@welch.info', 'cedrick74', '(473) 870-9498 x976', '1989-08-05', '2021-03-06 03:58:00', '2021-03-06 03:58:00'),
(859, 'Mrs. Onie Funk', 'salvatore.ryan@yahoo.com', 'flindgren', '1-828-775-0613 x95983', '2020-04-09', '2021-03-06 03:58:00', '2021-03-06 03:58:00'),
(860, 'Rita Reinger', 'catharine96@rolfson.net', 'mayer.juana', '+12185236737', '1999-04-11', '2021-03-06 03:58:00', '2021-03-06 03:58:00'),
(861, 'Prof. Chad McKenzie', 'carroll10@ullrich.net', 'efarrell', '1-628-824-9332 x90949', '2008-08-08', '2021-03-06 03:58:00', '2021-03-06 03:58:00'),
(862, 'Prof. Dimitri Bogisich III', 'rubye64@gmail.com', 'reid78', '1-417-214-3390 x366', '1994-09-12', '2021-03-06 03:58:00', '2021-03-06 03:58:00'),
(863, 'Dr. Nicole Stamm Jr.', 'johnson.parker@padberg.info', 'zola.ferry', '653.897.4649 x413', '1977-05-19', '2021-03-06 03:58:00', '2021-03-06 03:58:00'),
(864, 'Oren McCullough I', 'schuster.aimee@kiehn.com', 'quigley.edward', '384.528.1937 x2350', '1980-10-03', '2021-03-06 03:58:00', '2021-03-06 03:58:00'),
(865, 'Otto Littel', 'bria.beier@hotmail.com', 'weber.kara', '+1 (392) 693-8627', '1991-12-11', '2021-03-06 03:58:00', '2021-03-06 03:58:00'),
(866, 'Rasheed Hahn', 'laurel57@greenfelder.biz', 'katlyn.brown', '1-641-931-2096', '2009-02-12', '2021-03-06 03:58:00', '2021-03-06 03:58:00'),
(867, 'Prof. Jamel Beatty', 'lavern.haag@yahoo.com', 'showe', '1-514-560-6146 x0271', '1970-04-09', '2021-03-06 03:58:00', '2021-03-06 03:58:00'),
(868, 'Fatima Kozey', 'pearline42@hettinger.org', 'astrosin', '(385) 510-4757 x50741', '1981-07-16', '2021-03-06 03:58:00', '2021-03-06 03:58:00'),
(869, 'Ms. Josie Halvorson', 'wiza.virginia@huels.com', 'gerlach.casandra', '(221) 285-7014', '1995-03-29', '2021-03-06 03:58:00', '2021-03-06 03:58:00'),
(870, 'Alexa Brakus', 'emmerich.marcelina@gmail.com', 'dion74', '(260) 915-8252', '2020-06-24', '2021-03-06 03:58:01', '2021-03-06 03:58:01'),
(871, 'Dr. Justen Blanda', 'oklein@gmail.com', 'wtreutel', '1-765-635-0948', '2014-03-11', '2021-03-06 03:58:01', '2021-03-06 03:58:01'),
(872, 'Reese Muller', 'pankunding@yahoo.com', 'heidenreich.felicia', '(504) 514-8426 x7141', '2015-10-14', '2021-03-06 03:58:01', '2021-03-06 03:58:01'),
(873, 'Mrs. Rosetta Bednar Jr.', 'nratke@smith.com', 'goldner.gabrielle', '272.550.3358', '2014-04-06', '2021-03-06 03:58:01', '2021-03-06 03:58:01'),
(874, 'Kacey Batz', 'ekohler@hotmail.com', 'verla.steuber', '(724) 473-6865 x638', '1987-11-28', '2021-03-06 03:58:01', '2021-03-06 03:58:01'),
(875, 'Rico Kreiger DVM', 'emerald.skiles@hotmail.com', 'scarlett.bartoletti', '1-375-216-8306', '1971-07-28', '2021-03-06 03:58:01', '2021-03-06 03:58:01'),
(876, 'Augustine Conn', 'dangelo.lockman@ferry.com', 'aortiz', '+1-770-825-6607', '2018-10-12', '2021-03-06 03:58:01', '2021-03-06 03:58:01'),
(877, 'Krystina Turcotte', 'cummerata.sasha@hotmail.com', 'tbeatty', '1-684-705-6885', '2005-12-27', '2021-03-06 03:58:01', '2021-03-06 03:58:01'),
(878, 'Miss Kailey Mosciski', 'houston.crona@wehner.info', 'hanna.rohan', '(490) 492-7169 x8309', '1977-03-07', '2021-03-06 03:58:01', '2021-03-06 03:58:01'),
(879, 'Dr. Elvie Rice II', 'olakin@yahoo.com', 'veum.dimitri', '+16298835451', '1999-11-12', '2021-03-06 03:58:01', '2021-03-06 03:58:01'),
(880, 'Ms. Name Dietrich DVM', 'archibald.upton@hotmail.com', 'ubotsford', '1-563-884-0864 x7229', '1971-10-28', '2021-03-06 03:58:01', '2021-03-06 03:58:01'),
(881, 'Reggie Witting', 'blick.libby@ruecker.com', 'ostokes', '1-970-531-2964 x6112', '2020-04-30', '2021-03-06 03:58:01', '2021-03-06 03:58:01'),
(882, 'Rhoda Dickens', 'vturcotte@yahoo.com', 'kiley.vonrueden', '662.695.4794 x7380', '2017-06-22', '2021-03-06 03:58:01', '2021-03-06 03:58:01'),
(883, 'Dimitri O\'Hara', 'kaylin.effertz@weimann.org', 'boyle.gaylord', '854.305.1802', '1999-07-13', '2021-03-06 03:58:01', '2021-03-06 03:58:01'),
(884, 'Mr. Erich Kessler', 'lwisozk@yahoo.com', 'leo.russel', '+1 (853) 714-9302', '2017-04-12', '2021-03-06 03:58:01', '2021-03-06 03:58:01'),
(885, 'Kirk Greenfelder MD', 'jpfannerstill@hotmail.com', 'kbauch', '+1-630-881-7689', '1982-02-11', '2021-03-06 03:58:01', '2021-03-06 03:58:01'),
(886, 'Dr. Muriel Hammes I', 'gina30@brown.com', 'stefan.hagenes', '(261) 700-6663 x25435', '1992-09-22', '2021-03-06 03:58:01', '2021-03-06 03:58:01'),
(887, 'Marjory Shanahan', 'verla43@zemlak.com', 'shirthe', '1-367-588-7838 x95399', '1980-06-15', '2021-03-06 03:58:01', '2021-03-06 03:58:01'),
(888, 'Araceli Hettinger', 'derrick80@hotmail.com', 'fgrady', '815.823.2557 x19849', '1993-06-07', '2021-03-06 03:58:01', '2021-03-06 03:58:01'),
(889, 'Yasmeen Price', 'garrick.gulgowski@hotmail.com', 'daniella90', '323-457-8680', '2019-04-27', '2021-03-06 03:58:01', '2021-03-06 03:58:01'),
(890, 'Brendon Johnson DDS', 'nlockman@yahoo.com', 'gbrakus', '(857) 861-5882 x03668', '2015-12-21', '2021-03-06 03:58:01', '2021-03-06 03:58:01'),
(891, 'Rupert Vandervort', 'madison69@hotmail.com', 'earnest.medhurst', '(324) 781-6076 x3020', '1990-04-19', '2021-03-06 03:58:01', '2021-03-06 03:58:01'),
(892, 'Linnea Wuckert PhD', 'ondricka.lacey@shanahan.org', 'clotilde.rau', '693.621.8243', '1978-05-11', '2021-03-06 03:58:01', '2021-03-06 03:58:01'),
(893, 'Pink Frami', 'enrico.runolfsdottir@frami.com', 'keyon.pacocha', '(589) 301-9655 x221', '1997-05-04', '2021-03-06 03:58:01', '2021-03-06 03:58:01'),
(894, 'Suzanne Koepp', 'marina.monahan@hyatt.com', 'howell85', '382.545.0274 x7982', '1989-09-11', '2021-03-06 03:58:01', '2021-03-06 03:58:01'),
(895, 'Prof. Frieda Hermiston', 'schulist.aliya@hotmail.com', 'precious42', '1-637-476-9781', '2005-09-13', '2021-03-06 03:58:01', '2021-03-06 03:58:01'),
(896, 'Jeanie Olson', 'keely.kohler@yahoo.com', 'gilbert.wintheiser', '1-943-688-6279 x1945', '1976-02-18', '2021-03-06 03:58:01', '2021-03-06 03:58:01'),
(897, 'Miss Nya Kulas PhD', 'franecki.gerhard@yahoo.com', 'grayson09', '559.755.5602 x520', '2005-12-30', '2021-03-06 03:58:01', '2021-03-06 03:58:01'),
(898, 'Eldon Gusikowski', 'theo.senger@hotmail.com', 'art79', '1-941-510-6209 x962', '1977-07-18', '2021-03-06 03:58:01', '2021-03-06 03:58:01'),
(899, 'Mrs. Jermaine Nitzsche', 'farrell.gregg@hotmail.com', 'beer.floy', '+1-265-921-0447', '1980-03-07', '2021-03-06 03:58:01', '2021-03-06 03:58:01'),
(900, 'Braden Ledner', 'dach.norene@balistreri.com', 'claudine98', '836.642.9649 x187', '1996-01-31', '2021-03-06 03:58:01', '2021-03-06 03:58:01'),
(901, 'Norris Rolfson', 'leonor14@hodkiewicz.com', 'robel.tyrique', '1-494-292-3807 x8979', '2010-01-09', '2021-03-06 03:58:02', '2021-03-06 03:58:02'),
(902, 'Prof. Keagan Dicki I', 'jerde.elza@yahoo.com', 'daniella.bayer', '536-960-8488', '1977-05-30', '2021-03-06 03:58:02', '2021-03-06 03:58:02'),
(903, 'Armando Bogisich', 'karina.mills@gmail.com', 'greenholt.novella', '375.382.8200', '1985-12-30', '2021-03-06 03:58:02', '2021-03-06 03:58:02'),
(904, 'Orie Johnston', 'elda24@ruecker.com', 'flatley.robbie', '(212) 899-0328 x5618', '2010-05-29', '2021-03-06 03:58:02', '2021-03-06 03:58:02'),
(905, 'Prof. Lavern Becker I', 'carroll30@morissette.com', 'lebsack.yasmin', '(213) 764-2120', '1989-04-22', '2021-03-06 03:58:02', '2021-03-06 03:58:02'),
(906, 'Jaime Witting', 'georgianna.mcclure@hotmail.com', 'rmacejkovic', '458-337-8849 x892', '1970-03-30', '2021-03-06 03:58:02', '2021-03-06 03:58:02'),
(907, 'Rodolfo Greenfelder', 'kgoldner@yahoo.com', 'skylar28', '742.264.2612 x734', '1983-07-17', '2021-03-06 03:58:02', '2021-03-06 03:58:02'),
(908, 'Mr. Abner Stracke', 'kohler.kali@hotmail.com', 'nyasia69', '1-980-600-4408', '1972-02-13', '2021-03-06 03:58:02', '2021-03-06 03:58:02'),
(909, 'Lewis Moore', 'demetris57@yahoo.com', 'curt.keeling', '975-565-3411 x26625', '1989-05-02', '2021-03-06 03:58:02', '2021-03-06 03:58:02'),
(910, 'Ignacio Trantow Sr.', 'buddy.ryan@hotmail.com', 'wlittel', '1-728-906-7622 x29174', '2016-03-13', '2021-03-06 03:58:02', '2021-03-06 03:58:02'),
(911, 'Mrs. Earnestine Krajcik', 'uswaniawski@yahoo.com', 'fermin.donnelly', '429.443.3264 x52707', '1995-05-15', '2021-03-06 03:58:02', '2021-03-06 03:58:02'),
(912, 'Maida Treutel', 'nayeli32@gmail.com', 'chester45', '(942) 421-1872 x27934', '2004-01-06', '2021-03-06 03:58:02', '2021-03-06 03:58:02'),
(913, 'Mrs. Gwendolyn Bergstrom', 'price.matilde@rempel.org', 'bernier.mario', '689-878-1095 x5116', '2016-05-16', '2021-03-06 03:58:02', '2021-03-06 03:58:02'),
(914, 'Luna Tillman DDS', 'adeckow@gmail.com', 'gus47', '415-465-2043', '1979-05-30', '2021-03-06 03:58:02', '2021-03-06 03:58:02'),
(915, 'Mr. Peter Prosacco PhD', 'emertz@krajcik.net', 'oconner.akeem', '+12098078623', '1970-02-25', '2021-03-06 03:58:02', '2021-03-06 03:58:02'),
(916, 'Dr. Coty Schmidt PhD', 'grant59@olson.org', 'noemi.daugherty', '924-381-5833', '2019-04-25', '2021-03-06 03:58:02', '2021-03-06 03:58:02'),
(917, 'Mrs. Aletha Hayes', 'korbin49@hotmail.com', 'pagac.burley', '1-360-777-9707', '1998-05-07', '2021-03-06 03:58:02', '2021-03-06 03:58:02'),
(918, 'Assunta Conroy', 'hboyle@gmail.com', 'natalie39', '+1.640.335.0744', '1987-04-01', '2021-03-06 03:58:02', '2021-03-06 03:58:02'),
(919, 'Ms. Hannah Greenholt I', 'santina.bayer@nikolaus.com', 'walker.curtis', '448.604.3054 x751', '2010-11-21', '2021-03-06 03:58:02', '2021-03-06 03:58:02'),
(920, 'Jason Hand', 'johnston.loyce@bartoletti.net', 'kmetz', '236.965.7532 x43274', '1970-06-07', '2021-03-06 03:58:02', '2021-03-06 03:58:02'),
(921, 'Heath Cummings I', 'marlin.okeefe@hotmail.com', 'gusikowski.brody', '(609) 540-5351', '2019-11-19', '2021-03-06 03:58:02', '2021-03-06 03:58:02'),
(922, 'Kole Friesen', 'yoshiko22@hotmail.com', 'ortiz.edyth', '(672) 310-5537', '2012-05-01', '2021-03-06 03:58:02', '2021-03-06 03:58:02'),
(923, 'Miss Corine Moore IV', 'ylindgren@gmail.com', 'fleta.auer', '(638) 300-6285 x559', '1990-12-15', '2021-03-06 03:58:02', '2021-03-06 03:58:02'),
(924, 'Jaren Schowalter', 'lesch.annetta@gmail.com', 'barrows.waldo', '+1 (880) 446-4695', '1994-03-18', '2021-03-06 03:58:02', '2021-03-06 03:58:02'),
(925, 'Nia Gislason III', 'qledner@hotmail.com', 'alvah74', '1-802-648-9037 x607', '1970-06-24', '2021-03-06 03:58:02', '2021-03-06 03:58:02'),
(926, 'Gaylord Macejkovic II', 'schmidt.eliane@nitzsche.org', 'thomas75', '(607) 442-0819', '1986-04-18', '2021-03-06 03:58:02', '2021-03-06 03:58:02'),
(927, 'Mrs. Elise Barrows', 'julio.harris@runte.net', 'wisoky.gerard', '1-996-926-0936', '1972-12-23', '2021-03-06 03:58:02', '2021-03-06 03:58:02'),
(928, 'Noemi Wilkinson I', 'kmohr@yahoo.com', 'jarret18', '803-452-2096', '1997-11-13', '2021-03-06 03:58:02', '2021-03-06 03:58:02'),
(929, 'Jeromy Prohaska', 'cameron71@gmail.com', 'bluettgen', '(863) 894-5496', '2003-12-12', '2021-03-06 03:58:02', '2021-03-06 03:58:02'),
(930, 'Franz Kuhlman', 'danial.orn@gmail.com', 'qwalker', '+15344284426', '2020-10-30', '2021-03-06 03:58:02', '2021-03-06 03:58:02'),
(931, 'Abdul Harber', 'howell.nathanael@hill.com', 'altenwerth.keanu', '1-470-355-4767', '1981-09-18', '2021-03-06 03:58:02', '2021-03-06 03:58:02'),
(932, 'Kaleigh Kilback', 'leopoldo14@hotmail.com', 'harvey.amina', '245-302-5860', '1987-09-12', '2021-03-06 03:58:02', '2021-03-06 03:58:02'),
(933, 'Johanna Altenwerth', 'fritsch.bryon@welch.info', 'otilia.king', '780.663.3952 x56916', '2007-02-03', '2021-03-06 03:58:03', '2021-03-06 03:58:03'),
(934, 'Benjamin Wiza', 'percival68@hotmail.com', 'rkling', '798.913.1339', '2007-02-01', '2021-03-06 03:58:03', '2021-03-06 03:58:03'),
(935, 'Prof. Jessyca Crooks II', 'olga.stamm@hotmail.com', 'alia80', '(305) 842-8033', '1997-01-02', '2021-03-06 03:58:03', '2021-03-06 03:58:03'),
(936, 'Bessie Wehner', 'connelly.lon@welch.com', 'nkeeling', '956-942-6562', '1979-02-13', '2021-03-06 03:58:03', '2021-03-06 03:58:03'),
(937, 'Cristal Labadie', 'rosario27@rosenbaum.org', 'cgulgowski', '735.343.4786', '2007-09-10', '2021-03-06 03:58:03', '2021-03-06 03:58:03'),
(938, 'Dr. Elbert Fay III', 'catalina88@champlin.com', 'borer.marty', '1-430-673-9279 x747', '2004-12-26', '2021-03-06 03:58:03', '2021-03-06 03:58:03'),
(939, 'King Wintheiser', 'yferry@gmail.com', 'lauren.turner', '+1-452-959-9172', '2002-08-21', '2021-03-06 03:58:03', '2021-03-06 03:58:03'),
(940, 'Maggie Wolff', 'modesta.champlin@gmail.com', 'dejuan.sanford', '562-588-0943 x75752', '1991-05-18', '2021-03-06 03:58:03', '2021-03-06 03:58:03'),
(941, 'Dr. Zakary Klein', 'cory32@haley.com', 'vpaucek', '1-581-678-8771', '2016-04-30', '2021-03-06 03:58:03', '2021-03-06 03:58:03'),
(942, 'Mr. Merlin Kautzer', 'tgulgowski@hotmail.com', 'champlin.rigoberto', '1-584-367-2306', '1981-07-09', '2021-03-06 03:58:03', '2021-03-06 03:58:03'),
(943, 'Orin Rohan', 'jolie.keeling@considine.biz', 'jeramy.moore', '380.674.7297 x654', '1976-07-11', '2021-03-06 03:58:03', '2021-03-06 03:58:03'),
(944, 'Danyka Kling', 'gbogan@gmail.com', 'fermin.adams', '604.685.0022', '1980-03-29', '2021-03-06 03:58:03', '2021-03-06 03:58:03'),
(945, 'Candido Jakubowski', 'ybrekke@herzog.net', 'bridget97', '1-271-534-0585 x2933', '1992-07-08', '2021-03-06 03:58:03', '2021-03-06 03:58:03'),
(946, 'Ben Hill', 'leone80@bauch.com', 'yessenia79', '276-615-8492 x41035', '1990-11-09', '2021-03-06 03:58:03', '2021-03-06 03:58:03'),
(947, 'Vada Cronin', 'jacobson.viva@raynor.info', 'nakia.price', '(781) 262-2641', '1982-12-21', '2021-03-06 03:58:03', '2021-03-06 03:58:03'),
(948, 'Pasquale Mitchell', 'lillie03@oreilly.org', 'crist.ashtyn', '+1 (213) 236-2292', '1971-11-21', '2021-03-06 03:58:03', '2021-03-06 03:58:03'),
(949, 'Lorenzo Gulgowski', 'odell70@towne.com', 'hoppe.deven', '604-840-4349', '1987-09-08', '2021-03-06 03:58:03', '2021-03-06 03:58:03'),
(950, 'Sonny Ziemann', 'lorenz.cremin@cartwright.net', 'bartell.caterina', '(229) 319-7354 x209', '2020-11-17', '2021-03-06 03:58:03', '2021-03-06 03:58:03'),
(951, 'Bulah Hudson', 'qlemke@gmail.com', 'ischmitt', '+18657888423', '1985-02-03', '2021-03-06 03:58:03', '2021-03-06 03:58:03'),
(952, 'Mrs. Rachel Johnson Sr.', 'quinton.turner@robel.com', 'marley.armstrong', '505-306-8362', '1997-11-12', '2021-03-06 03:58:03', '2021-03-06 03:58:03'),
(953, 'Chaya Kutch', 'hal.gleason@gmail.com', 'ireichel', '598.684.6426', '2008-01-13', '2021-03-06 03:58:03', '2021-03-06 03:58:03'),
(954, 'Israel Pacocha MD', 'ola56@witting.biz', 'abernathy.dahlia', '664.751.5734', '2002-10-18', '2021-03-06 03:58:03', '2021-03-06 03:58:03'),
(955, 'Ladarius Cummerata III', 'cormier.santa@gmail.com', 'wolff.justine', '(810) 352-6679', '2003-12-31', '2021-03-06 03:58:03', '2021-03-06 03:58:03'),
(956, 'Ms. Meda Bernier III', 'runte.estrella@lang.com', 'kayleigh.gutkowski', '1-362-966-5167 x36423', '1992-04-07', '2021-03-06 03:58:03', '2021-03-06 03:58:03'),
(957, 'Lawrence Romaguera', 'gkreiger@gmail.com', 'lindsay03', '1-395-991-5170 x77393', '2008-08-05', '2021-03-06 03:58:03', '2021-03-06 03:58:03'),
(958, 'Ruth Hauck', 'erdman.zachariah@hotmail.com', 'harris.vanessa', '(513) 356-9096 x37501', '1998-04-16', '2021-03-06 03:58:03', '2021-03-06 03:58:03'),
(959, 'Dr. Alphonso Hoppe', 'bailey.alessandro@macejkovic.com', 'daphne57', '1-536-391-7534 x3673', '2000-02-06', '2021-03-06 03:58:03', '2021-03-06 03:58:03'),
(960, 'Amani Towne', 'spencer10@gmail.com', 'terry.melvin', '647.904.8151 x570', '2016-03-06', '2021-03-06 03:58:03', '2021-03-06 03:58:03'),
(961, 'Prof. Bartholome Gibson I', 'murray.berge@hahn.com', 'amanda78', '449.864.7864', '2021-02-04', '2021-03-06 03:58:04', '2021-03-06 03:58:04'),
(962, 'Mrs. Rubie McDermott II', 'neil.donnelly@keebler.com', 'liana26', '(474) 906-0020 x481', '1978-04-11', '2021-03-06 03:58:04', '2021-03-06 03:58:04'),
(963, 'Ramon Terry', 'gusikowski.seamus@yahoo.com', 'jacobs.eddie', '1-568-763-0170', '2008-09-08', '2021-03-06 03:58:04', '2021-03-06 03:58:04'),
(964, 'Alverta Ritchie I', 'okon.martine@lang.biz', 'nicolas.hermina', '+1 (754) 919-9700', '1975-08-20', '2021-03-06 03:58:04', '2021-03-06 03:58:04'),
(965, 'Ms. Alfreda Marks', 'delores55@batz.info', 'leuschke.alberta', '(531) 957-8955 x6370', '2016-11-05', '2021-03-06 03:58:04', '2021-03-06 03:58:04'),
(966, 'Monty Thiel', 'rebeka04@yahoo.com', 'ndenesik', '316-416-9710 x53740', '1988-04-01', '2021-03-06 03:58:04', '2021-03-06 03:58:04'),
(967, 'Miss Maribel Weissnat PhD', 'schinner.yadira@yahoo.com', 'breitenberg.laura', '+1 (569) 757-9439', '2005-04-03', '2021-03-06 03:58:04', '2021-03-06 03:58:04'),
(968, 'Gaylord Cruickshank', 'mohammad57@carter.com', 'sabrina92', '(931) 943-7165', '2002-08-07', '2021-03-06 03:58:04', '2021-03-06 03:58:04'),
(969, 'Mr. Zachariah Conroy', 'morissette.camron@leuschke.biz', 'brent.abshire', '234.340.8396 x874', '1995-11-25', '2021-03-06 03:58:04', '2021-03-06 03:58:04'),
(970, 'Miss Carissa Shields', 'twehner@yahoo.com', 'wilkinson.priscilla', '1-672-535-3017', '1994-07-21', '2021-03-06 03:58:04', '2021-03-06 03:58:04'),
(971, 'Prof. Eileen Bauch', 'kmosciski@botsford.com', 'amaggio', '950.645.4607', '2009-03-02', '2021-03-06 03:58:04', '2021-03-06 03:58:04'),
(972, 'Antonia Swaniawski', 'green.reynold@hotmail.com', 'samir.willms', '1-207-832-1716 x1258', '2005-08-16', '2021-03-06 03:58:04', '2021-03-06 03:58:04'),
(973, 'Ms. Tiana Lubowitz', 'rice.david@gmail.com', 'skiles.nikki', '1-954-893-8120 x057', '1988-04-06', '2021-03-06 03:58:04', '2021-03-06 03:58:04'),
(974, 'Travon Quigley DVM', 'marisol87@schultz.biz', 'bkertzmann', '+19402767948', '2018-06-27', '2021-03-06 03:58:04', '2021-03-06 03:58:04'),
(975, 'Magali Denesik Jr.', 'parisian.doris@hotmail.com', 'zreinger', '(203) 587-3569', '2001-09-12', '2021-03-06 03:58:04', '2021-03-06 03:58:04'),
(976, 'Aryanna Russel', 'reese.predovic@borer.com', 'zora.klein', '(897) 694-6750 x5857', '2009-08-07', '2021-03-06 03:58:04', '2021-03-06 03:58:04'),
(977, 'Ms. Margret Ward Jr.', 'alexie.ebert@gmail.com', 'stiedemann.terrence', '1-410-426-7574 x627', '1983-04-04', '2021-03-06 03:58:04', '2021-03-06 03:58:04'),
(978, 'Caleigh Koch', 'jtoy@lindgren.org', 'remard', '+1-250-604-5812', '1981-08-11', '2021-03-06 03:58:04', '2021-03-06 03:58:04'),
(979, 'Merl Bashirian', 'angela.osinski@maggio.biz', 'acollins', '847-466-5671 x7512', '1997-08-27', '2021-03-06 03:58:04', '2021-03-06 03:58:04'),
(980, 'Francesca Stark', 'cheyenne.lockman@runte.info', 'wkautzer', '1-287-868-4185 x86333', '1995-09-02', '2021-03-06 03:58:04', '2021-03-06 03:58:04'),
(981, 'Kaylee Veum', 'obatz@goyette.com', 'vito74', '+1-984-450-0507', '2010-09-01', '2021-03-06 03:58:04', '2021-03-06 03:58:04'),
(982, 'Prof. Oma Bogisich', 'amiya61@gmail.com', 'adele74', '910-865-2426 x178', '2018-05-04', '2021-03-06 03:58:04', '2021-03-06 03:58:04'),
(983, 'Sigrid Hegmann', 'joan97@gmail.com', 'lebsack.brandt', '392.723.8887', '2018-02-12', '2021-03-06 03:58:04', '2021-03-06 03:58:04'),
(984, 'Mr. Mackenzie Schoen', 'pink.schroeder@marquardt.info', 'hal27', '1-998-725-7945', '1985-08-21', '2021-03-06 03:58:04', '2021-03-06 03:58:04'),
(985, 'Joshuah Predovic', 'corkery.jadon@gmail.com', 'robin.emmerich', '+1 (483) 909-7651', '1989-12-10', '2021-03-06 03:58:04', '2021-03-06 03:58:04'),
(986, 'Mr. Marco Upton', 'khuels@gmail.com', 'felton.stracke', '340-941-2847', '1977-04-21', '2021-03-06 03:58:04', '2021-03-06 03:58:04'),
(987, 'Jacques Weber MD', 'yhills@satterfield.com', 'elroy41', '+1-362-358-0772', '1994-08-09', '2021-03-06 03:58:04', '2021-03-06 03:58:04'),
(988, 'Willa DuBuque DVM', 'leatha.powlowski@gmail.com', 'rsmith', '1-779-341-7776', '1996-01-13', '2021-03-06 03:58:04', '2021-03-06 03:58:04'),
(989, 'Timothy Quitzon', 'jerde.rusty@hotmail.com', 'hmraz', '+1-514-587-1760', '1994-10-09', '2021-03-06 03:58:04', '2021-03-06 03:58:04'),
(990, 'Prof. Madie Murazik', 'fay78@klein.net', 'zoie.lesch', '1-436-605-1141', '1983-06-04', '2021-03-06 03:58:04', '2021-03-06 03:58:04'),
(991, 'Dr. Paul Padberg Sr.', 'wiegand.carli@hotmail.com', 'bruce.krajcik', '1-246-780-5335 x528', '2008-09-08', '2021-03-06 03:58:05', '2021-03-06 03:58:05'),
(992, 'Wiley Bernier', 'maritza.zemlak@buckridge.com', 'jazmyne.mohr', '(760) 476-5477 x69135', '2020-04-24', '2021-03-06 03:58:05', '2021-03-06 03:58:05'),
(993, 'Luz Sawayn', 'langosh.mafalda@hayes.com', 'ayla82', '1-984-730-6675', '1993-02-13', '2021-03-06 03:58:05', '2021-03-06 03:58:05'),
(994, 'Ashlynn Barrows', 'bergstrom.trisha@hotmail.com', 'emie.nader', '(736) 749-8381 x334', '1983-06-26', '2021-03-06 03:58:05', '2021-03-06 03:58:05'),
(995, 'Liam Altenwerth', 'lemke.winnifred@stamm.com', 'abshire.kendrick', '+1 (723) 995-1418', '1976-07-15', '2021-03-06 03:58:05', '2021-03-06 03:58:05'),
(996, 'Dr. Else Reichel', 'therese.windler@yahoo.com', 'veum.marley', '726.222.6905 x447', '2010-11-18', '2021-03-06 03:58:05', '2021-03-06 03:58:05'),
(997, 'Prof. Gideon Greenholt', 'bzulauf@yahoo.com', 'beatty.javonte', '(815) 284-4309', '1990-02-25', '2021-03-06 03:58:05', '2021-03-06 03:58:05'),
(998, 'Dr. Jessy Morar', 'katharina16@yahoo.com', 'rodolfo.ankunding', '420-313-9732', '1970-11-04', '2021-03-06 03:58:05', '2021-03-06 03:58:05'),
(999, 'Jody Runte', 'hvonrueden@gmail.com', 'ashlee69', '+19645092219', '2007-03-06', '2021-03-06 03:58:05', '2021-03-06 03:58:05'),
(1000, 'Marian Tillman', 'mann.terrell@gmail.com', 'justina25', '+19236937402', '1974-10-29', '2021-03-06 03:58:05', '2021-03-06 03:58:05'),
(1001, 'Daron Hoeger V', 'smith.esther@considine.org', 'oceane52', '(878) 484-1086', '2004-03-13', '2021-03-06 03:58:05', '2021-03-06 03:58:05'),
(1002, 'Berneice Gibson', 'urunolfsson@hotmail.com', 'kpacocha', '+1-302-824-1060', '2013-09-11', '2021-03-06 03:58:05', '2021-03-06 03:58:05'),
(1003, 'Mr. Marc Altenwerth', 'keebler.tavares@hoppe.com', 'orin78', '601.268.5959 x53410', '2017-06-04', '2021-03-06 03:58:05', '2021-03-06 03:58:05'),
(1004, 'Shea Kautzer', 'shawn21@auer.com', 'enola.hudson', '963-592-4882', '1988-03-10', '2021-03-06 03:58:05', '2021-03-06 03:58:05'),
(1005, 'Myrtice Zemlak', 'sipes.malvina@yahoo.com', 'nharber', '581-937-9323', '1975-07-08', '2021-03-06 03:58:05', '2021-03-06 03:58:05'),
(1006, 'Hunter Brakus II', 'marquise.cormier@veum.com', 'patrick13', '(642) 393-8831 x06941', '1981-04-17', '2021-03-06 03:58:05', '2021-03-06 03:58:05'),
(1007, 'Sonya Wilkinson', 'mark.franecki@yahoo.com', 'justina81', '1-232-329-6621 x28884', '1990-12-31', '2021-03-06 03:58:05', '2021-03-06 03:58:05'),
(1008, 'Hilma Ward', 'sierra.herman@muller.info', 'katarina40', '+1-268-368-1313', '1987-06-20', '2021-03-06 03:58:05', '2021-03-06 03:58:05'),
(1009, 'Emmie Goyette', 'king.dusty@larson.com', 'margarette.kiehn', '(938) 208-2463', '1994-05-05', '2021-03-06 03:58:05', '2021-03-06 03:58:05'),
(1010, 'Alberto Stiedemann I', 'elody.kutch@okon.com', 'lglover', '(615) 809-2238 x38593', '1995-10-04', '2021-03-06 03:58:05', '2021-03-06 03:58:05'),
(1011, 'Estel Hand', 'jared.ortiz@ratke.com', 'homenick.nico', '629-531-7353', '1981-12-30', '2021-03-06 03:58:05', '2021-03-06 03:58:05'),
(1012, 'Mr. Tyrique Paucek', 'damien63@lueilwitz.com', 'claudia.waters', '1-409-633-2796', '1994-05-29', '2021-03-06 03:58:05', '2021-03-06 03:58:05'),
(1013, 'Prof. Lawrence McLaughlin', 'howell.duane@gutmann.com', 'adan36', '1-754-209-1667 x67555', '1993-09-29', '2021-03-06 03:58:05', '2021-03-06 03:58:05'),
(1014, 'Norene Ryan', 'nat24@gottlieb.com', 'gabe.bednar', '249-704-7361 x24143', '1996-04-07', '2021-03-06 03:58:06', '2021-03-06 03:58:06'),
(1015, 'Ms. Margret Upton PhD', 'grayce.gleichner@gmail.com', 'oabshire', '301-800-7127 x6549', '1973-06-13', '2021-03-06 03:58:06', '2021-03-06 03:58:06'),
(1016, 'Mrs. Eleonore Bailey II', 'pouros.andreane@wolf.com', 'johns.norbert', '796-494-0989', '1993-08-15', '2021-03-06 03:58:06', '2021-03-06 03:58:06'),
(1017, 'Miss Leonor Ruecker', 'carter.octavia@yahoo.com', 'hildegard02', '478-776-9323 x6935', '2007-07-18', '2021-03-06 03:58:06', '2021-03-06 03:58:06'),
(1018, 'Laisha Ernser', 'nella79@shanahan.com', 'isadore.flatley', '663-545-7107', '1974-10-16', '2021-03-06 03:58:06', '2021-03-06 03:58:06'),
(1019, 'Chet McKenzie Jr.', 'vankunding@yahoo.com', 'jrosenbaum', '1-936-863-8509 x96669', '2001-03-16', '2021-03-06 03:58:06', '2021-03-06 03:58:06'),
(1020, 'Dr. Narciso Armstrong', 'hmacejkovic@hintz.com', 'kgoldner', '+12619076994', '1987-01-01', '2021-03-06 03:58:06', '2021-03-06 03:58:06'),
(1021, 'Allen Powlowski', 'zulauf.nannie@gmail.com', 'priscilla24', '1-608-730-9879 x9569', '1998-04-22', '2021-03-06 03:58:06', '2021-03-06 03:58:06'),
(1022, 'Margarette Wintheiser', 'arlene.ullrich@pouros.biz', 'hermann.oral', '290-803-4864', '1972-03-06', '2021-03-06 03:58:06', '2021-03-06 03:58:06'),
(1023, 'Ava Cartwright', 'yost.brenda@strosin.com', 'daryl.friesen', '+1 (765) 900-0493', '2019-10-21', '2021-03-06 03:58:06', '2021-03-06 03:58:06'),
(1024, 'Prof. Ted Schowalter', 'euna.stamm@hotmail.com', 'mante.hershel', '1-821-958-4401 x57880', '1994-12-30', '2021-03-06 03:58:06', '2021-03-06 03:58:06'),
(1025, 'Mr. Travon Wehner', 'jacynthe.beatty@gmail.com', 'qwilliamson', '494.470.5059', '1997-02-07', '2021-03-06 03:58:06', '2021-03-06 03:58:06'),
(1026, 'Shany Dietrich', 'jamarcus.bahringer@dibbert.com', 'cwilkinson', '1-640-889-0157', '2013-08-03', '2021-03-06 03:58:06', '2021-03-06 03:58:06');
INSERT INTO `students` (`id`, `name`, `email`, `username`, `phone`, `dob`, `created_at`, `updated_at`) VALUES
(1027, 'Mr. Marcel Fay I', 'etillman@gmail.com', 'angelita91', '+1-475-647-5794', '1992-09-20', '2021-03-06 03:58:06', '2021-03-06 03:58:06'),
(1028, 'Destiney Boyle IV', 'pagac.dexter@hegmann.net', 'zena.jaskolski', '(541) 825-6798 x1835', '1993-08-30', '2021-03-06 03:58:06', '2021-03-06 03:58:06'),
(1029, 'Jacey Bayer', 'kmccullough@yahoo.com', 'marilie00', '+1-379-345-0007', '1995-11-14', '2021-03-06 03:58:06', '2021-03-06 03:58:06'),
(1030, 'Prof. Ettie Bashirian MD', 'eleazar.johnston@hills.com', 'annalise.gleason', '814.380.4960 x11448', '1996-05-22', '2021-03-06 03:58:06', '2021-03-06 03:58:06'),
(1031, 'Delphine Ward', 'erna74@hotmail.com', 'efren52', '610.668.6037 x075', '1999-09-07', '2021-03-06 03:58:06', '2021-03-06 03:58:06'),
(1032, 'Zachary Jacobs', 'katelyn.langosh@hotmail.com', 'nrunte', '463-212-5151', '2004-09-10', '2021-03-06 03:58:06', '2021-03-06 03:58:06'),
(1033, 'Ms. Shanel Kuphal IV', 'runte.bradford@yahoo.com', 'fcorwin', '975.645.3382 x11093', '1990-12-06', '2021-03-06 03:58:06', '2021-03-06 03:58:06'),
(1034, 'Ms. Oceane Hill V', 'alberto34@gmail.com', 'aubrey54', '703.483.5793 x237', '2007-04-07', '2021-03-06 03:58:06', '2021-03-06 03:58:06'),
(1035, 'Prof. Adela Breitenberg', 'ukeebler@crona.com', 'graham.nia', '(440) 328-4787', '2006-10-26', '2021-03-06 03:58:06', '2021-03-06 03:58:06'),
(1036, 'Prof. Florian Predovic', 'powlowski.lorenzo@hotmail.com', 'sister42', '453.808.5756', '2009-06-21', '2021-03-06 03:58:06', '2021-03-06 03:58:06'),
(1037, 'Devante Kassulke', 'swalsh@lindgren.com', 'jacobs.violette', '+16714227145', '2005-01-13', '2021-03-06 03:58:06', '2021-03-06 03:58:06'),
(1038, 'Prof. Aimee Pacocha II', 'hudson25@champlin.com', 'grant37', '1-380-684-8087 x609', '1998-09-11', '2021-03-06 03:58:06', '2021-03-06 03:58:06'),
(1039, 'Miss Autumn Lind III', 'bertrand.stamm@hotmail.com', 'cheyanne.mills', '(239) 526-9995 x727', '2001-09-01', '2021-03-06 03:58:07', '2021-03-06 03:58:07'),
(1040, 'Kamille Beer', 'murray.camila@miller.com', 'katherine.swaniawski', '786-467-7087', '1980-01-06', '2021-03-06 03:58:07', '2021-03-06 03:58:07'),
(1041, 'Maryse Carroll', 'ubahringer@hotmail.com', 'iconsidine', '1-380-365-7176 x02916', '1974-01-11', '2021-03-06 03:58:07', '2021-03-06 03:58:07'),
(1042, 'Gabrielle Vandervort', 'neal45@yahoo.com', 'eheaney', '1-936-289-9793 x894', '1993-08-05', '2021-03-06 03:58:07', '2021-03-06 03:58:07'),
(1043, 'Milford Gottlieb', 'weissnat.jovan@gmail.com', 'amayer', '(731) 283-7727 x70164', '1988-01-10', '2021-03-06 03:58:07', '2021-03-06 03:58:07'),
(1044, 'Malinda Kertzmann', 'lehner.triston@reinger.com', 'morar.julia', '665-286-8872 x0259', '1994-12-05', '2021-03-06 03:58:07', '2021-03-06 03:58:07'),
(1045, 'Marvin Quitzon', 'seamus.rogahn@wilkinson.com', 'xblanda', '451.549.6172 x60700', '1991-01-30', '2021-03-06 03:58:07', '2021-03-06 03:58:07'),
(1046, 'Danielle Weber', 'heidenreich.era@yahoo.com', 'makayla.purdy', '1-775-679-2329 x88552', '1995-12-09', '2021-03-06 03:58:07', '2021-03-06 03:58:07'),
(1047, 'Braeden Dooley', 'olubowitz@quigley.com', 'zieme.jermain', '(340) 339-4917 x29053', '1998-12-16', '2021-03-06 03:58:07', '2021-03-06 03:58:07'),
(1048, 'Americo Sawayn', 'predovic.cathy@yahoo.com', 'jheidenreich', '494.660.7155 x3860', '1990-08-07', '2021-03-06 03:58:07', '2021-03-06 03:58:07'),
(1049, 'Ms. Jaqueline Kirlin', 'mosciski.orval@spinka.com', 'wernser', '+17539220289', '1991-05-09', '2021-03-06 03:58:07', '2021-03-06 03:58:07'),
(1050, 'Else Stiedemann', 'cschneider@thompson.com', 'emmett64', '+1.625.291.8126', '1975-09-11', '2021-03-06 03:58:07', '2021-03-06 03:58:07'),
(1051, 'Ceasar Nitzsche', 'hhyatt@hotmail.com', 'nblock', '1-270-315-8240 x42346', '2020-01-23', '2021-03-06 03:58:07', '2021-03-06 03:58:07'),
(1052, 'Tanner Predovic', 'turner.abshire@mcdermott.com', 'labadie.vivienne', '+1-659-423-5511', '2017-10-19', '2021-03-06 03:58:07', '2021-03-06 03:58:07'),
(1053, 'Dr. Zachary Heathcote II', 'ledner.clementina@rau.com', 'sienna.schoen', '+17852354731', '1998-04-01', '2021-03-06 03:58:07', '2021-03-06 03:58:07'),
(1054, 'Mohammad Jerde', 'tanya42@gmail.com', 'jerod22', '1-557-487-4341 x82908', '1995-10-22', '2021-03-06 03:58:07', '2021-03-06 03:58:07'),
(1055, 'Mariela Hirthe', 'tabitha73@fadel.net', 'nhoeger', '818-714-9455 x23628', '1982-03-05', '2021-03-06 03:58:07', '2021-03-06 03:58:07'),
(1056, 'Winona Padberg', 'declan63@hotmail.com', 'haskell.yost', '738-744-9760', '2009-02-07', '2021-03-06 03:58:07', '2021-03-06 03:58:07'),
(1057, 'Miss Michaela Schulist IV', 'garry39@hotmail.com', 'wkuhlman', '397.888.9980', '1993-09-11', '2021-03-06 03:58:07', '2021-03-06 03:58:07'),
(1058, 'Prof. Chadd White DVM', 'hdurgan@hill.org', 'hillary.hauck', '1-757-426-2361', '2004-02-13', '2021-03-06 03:58:07', '2021-03-06 03:58:07'),
(1059, 'Wyatt Weissnat PhD', 'aletha.hermann@lesch.com', 'torrey24', '1-412-447-8847', '1993-11-14', '2021-03-06 03:58:07', '2021-03-06 03:58:07'),
(1060, 'Vella Tromp', 'bvonrueden@hackett.info', 'mcclure.oswaldo', '1-204-912-7777', '1999-04-18', '2021-03-06 03:58:07', '2021-03-06 03:58:07'),
(1061, 'Jenifer Hahn', 'renner.ryley@gmail.com', 'cletus93', '1-893-995-5827 x712', '1990-07-12', '2021-03-06 03:58:07', '2021-03-06 03:58:07'),
(1062, 'Dr. Grayce O\'Conner Jr.', 'hamill.oma@effertz.com', 'vergie.nitzsche', '1-864-695-7069 x410', '1998-07-04', '2021-03-06 03:58:07', '2021-03-06 03:58:07'),
(1063, 'Ollie Lehner', 'welch.andreane@hotmail.com', 'derrick.bosco', '+1-620-253-4625', '2009-04-21', '2021-03-06 03:58:07', '2021-03-06 03:58:07'),
(1064, 'Dr. Giovani Davis DVM', 'maximilian.gislason@johnson.info', 'kristoffer.wiegand', '307-448-9686 x93521', '1972-03-09', '2021-03-06 03:58:07', '2021-03-06 03:58:07'),
(1065, 'Nora Dare', 'ukozey@yahoo.com', 'dominic.carroll', '1-743-389-0153 x075', '1998-11-22', '2021-03-06 03:58:07', '2021-03-06 03:58:07'),
(1066, 'Ayden Zboncak DDS', 'nrunolfsdottir@gmail.com', 'rosalinda66', '+1 (780) 261-0039', '1987-03-29', '2021-03-06 03:58:07', '2021-03-06 03:58:07'),
(1067, 'Kelly Schinner', 'corene45@senger.net', 'ronaldo96', '527.634.4806 x559', '1995-03-13', '2021-03-06 03:58:08', '2021-03-06 03:58:08'),
(1068, 'Miss Alessandra Conn DDS', 'tmoen@crona.com', 'nikolas.wehner', '593-651-2954', '2009-07-11', '2021-03-06 03:58:08', '2021-03-06 03:58:08'),
(1069, 'Nicola O\'Connell', 'borer.brando@okuneva.net', 'smckenzie', '1-541-273-6275', '2002-07-12', '2021-03-06 03:58:08', '2021-03-06 03:58:08'),
(1070, 'Ms. Jakayla Howell Jr.', 'gerard.leffler@yahoo.com', 'lavonne61', '+1.683.550.6062', '1977-05-06', '2021-03-06 03:58:08', '2021-03-06 03:58:08'),
(1071, 'Prof. Dejon Dickinson', 'bparker@hotmail.com', 'ben43', '938.923.2755', '2007-05-12', '2021-03-06 03:58:08', '2021-03-06 03:58:08'),
(1072, 'Dr. Roosevelt Schumm II', 'schaefer.johnpaul@hotmail.com', 'fterry', '936-500-2212 x75960', '1986-06-18', '2021-03-06 03:58:08', '2021-03-06 03:58:08'),
(1073, 'Zoila Cummings', 'hilario.klocko@wintheiser.biz', 'koss.laila', '370.609.6835 x8331', '1974-04-21', '2021-03-06 03:58:08', '2021-03-06 03:58:08'),
(1074, 'Meda Hermiston', 'edward74@heaney.com', 'norwood.wolf', '473.419.2472', '1986-02-21', '2021-03-06 03:58:08', '2021-03-06 03:58:08'),
(1075, 'Taryn Mante', 'wiza.rowan@gmail.com', 'gino48', '890.722.2189 x40608', '1976-06-28', '2021-03-06 03:58:08', '2021-03-06 03:58:08'),
(1076, 'Genoveva Schuppe', 'snader@kulas.com', 'wwindler', '1-659-570-3826 x1417', '1978-12-25', '2021-03-06 03:58:08', '2021-03-06 03:58:08'),
(1077, 'Estella Douglas', 'ylittel@effertz.biz', 'ramon.mccullough', '(252) 543-5882 x750', '1997-02-13', '2021-03-06 03:58:08', '2021-03-06 03:58:08'),
(1078, 'Ms. Nakia Schinner IV', 'carey.christiansen@hotmail.com', 'pacocha.lemuel', '(824) 273-5583', '1982-09-23', '2021-03-06 03:58:08', '2021-03-06 03:58:08'),
(1079, 'Cyrus Lind V', 'zulauf.colt@reilly.biz', 'bernadette68', '558.733.5889 x7282', '2020-07-05', '2021-03-06 03:58:08', '2021-03-06 03:58:08'),
(1080, 'Electa Volkman', 'nayeli.larkin@botsford.com', 'runte.alejandra', '+1-827-351-3589', '1991-05-18', '2021-03-06 03:58:08', '2021-03-06 03:58:08'),
(1081, 'Fabiola Kertzmann Sr.', 'rebeka.kutch@yahoo.com', 'gswift', '1-654-481-2818', '1996-03-17', '2021-03-06 03:58:08', '2021-03-06 03:58:08'),
(1082, 'Luz Roberts', 'eliza.schuppe@hane.com', 'schneider.santa', '605-663-0869 x9489', '1976-12-23', '2021-03-06 03:58:08', '2021-03-06 03:58:08'),
(1083, 'Adell Fahey I', 'xcole@hotmail.com', 'lauren70', '+1 (364) 993-7871', '1983-08-02', '2021-03-06 03:58:08', '2021-03-06 03:58:08'),
(1084, 'Peyton Nikolaus Sr.', 'ceasar.bogisich@fadel.net', 'stroman.hollis', '(281) 839-1752', '2020-04-21', '2021-03-06 03:58:08', '2021-03-06 03:58:08'),
(1085, 'Mrs. Abbey Hahn', 'laurianne20@gmail.com', 'donny46', '1-740-569-6234', '1983-12-16', '2021-03-06 03:58:08', '2021-03-06 03:58:08'),
(1086, 'Mr. Ignacio Crist V', 'thurman.goyette@mertz.net', 'michaela32', '(792) 478-9562 x7204', '2015-06-24', '2021-03-06 03:58:08', '2021-03-06 03:58:08'),
(1087, 'Twila Schiller', 'barney.hane@hotmail.com', 'kacey12', '646-837-3200 x6042', '2003-01-07', '2021-03-06 03:58:08', '2021-03-06 03:58:08'),
(1088, 'Newton Waters', 'valentine41@okeefe.biz', 'sophie30', '698.597.8007 x9991', '1982-05-25', '2021-03-06 03:58:08', '2021-03-06 03:58:08'),
(1089, 'Matt Flatley', 'langosh.maiya@yahoo.com', 'bartoletti.mae', '(645) 964-9232', '1995-06-20', '2021-03-06 03:58:08', '2021-03-06 03:58:08'),
(1090, 'Mrs. Gladys Barrows IV', 'ddenesik@hotmail.com', 'blick.gavin', '546-391-3786', '1974-11-28', '2021-03-06 03:58:08', '2021-03-06 03:58:08'),
(1091, 'Mrs. Bailee Balistreri II', 'rutherford.adeline@gmail.com', 'kbogan', '526-600-8523', '1975-10-24', '2021-03-06 03:58:08', '2021-03-06 03:58:08'),
(1092, 'Ahmad Cassin PhD', 'skessler@kozey.com', 'okeefe.daisy', '1-868-599-2129 x6777', '2018-04-06', '2021-03-06 03:58:09', '2021-03-06 03:58:09'),
(1093, 'Rex Wisozk MD', 'jason.mitchell@hotmail.com', 'rogahn.krystal', '(838) 458-3798 x9998', '1998-03-16', '2021-03-06 03:58:09', '2021-03-06 03:58:09'),
(1094, 'Prof. Zena Rutherford DDS', 'tweimann@hermann.com', 'uspinka', '986.723.8809', '1986-04-15', '2021-03-06 03:58:09', '2021-03-06 03:58:09'),
(1095, 'Mr. Melany Goodwin Jr.', 'serena.hand@gmail.com', 'pdicki', '358.223.3905', '2015-03-11', '2021-03-06 03:58:09', '2021-03-06 03:58:09'),
(1096, 'Miss Alba Gottlieb DDS', 'leora.reynolds@hotmail.com', 'waters.bella', '413.548.0293 x66152', '1973-03-14', '2021-03-06 03:58:09', '2021-03-06 03:58:09'),
(1097, 'Mr. Celestino Bailey DVM', 'pauline48@yahoo.com', 'dbartell', '1-467-784-2655 x1944', '1978-08-27', '2021-03-06 03:58:09', '2021-03-06 03:58:09'),
(1098, 'Garett Fisher', 'jorge.hilpert@gmail.com', 'renner.pasquale', '805.746.9201 x7419', '2005-07-02', '2021-03-06 03:58:09', '2021-03-06 03:58:09'),
(1099, 'Johann McGlynn', 'roob.michel@gmail.com', 'gennaro.kozey', '286.377.0448 x14378', '2000-01-29', '2021-03-06 03:58:09', '2021-03-06 03:58:09'),
(1100, 'Keeley Friesen', 'mdavis@hotmail.com', 'mratke', '+15934405168', '1993-09-14', '2021-03-06 03:58:09', '2021-03-06 03:58:09'),
(1101, 'Ayden Welch', 'donnelly.tremaine@hotmail.com', 'wyman.danyka', '817.302.2746 x699', '1976-09-15', '2021-03-06 03:58:09', '2021-03-06 03:58:09'),
(1102, 'Toy Fay', 'ibrahim45@price.com', 'javonte05', '1-479-824-6124 x4115', '1997-03-26', '2021-03-06 03:58:09', '2021-03-06 03:58:09'),
(1103, 'Miss Aubrey Nicolas', 'sgleichner@yahoo.com', 'fabian.hettinger', '1-489-231-9733', '1998-08-27', '2021-03-06 03:58:09', '2021-03-06 03:58:09'),
(1104, 'Dr. Caitlyn Olson', 'cathy10@yahoo.com', 'maryjane.langosh', '339-666-4410 x813', '2008-11-11', '2021-03-06 03:58:09', '2021-03-06 03:58:09'),
(1105, 'Luciano Fritsch', 'ndach@yahoo.com', 'philpert', '+1.475.432.8262', '1984-03-18', '2021-03-06 03:58:09', '2021-03-06 03:58:09'),
(1106, 'Vesta Boyer DVM', 'ford.rohan@yahoo.com', 'hilpert.armani', '202-828-6805', '1986-10-08', '2021-03-06 03:58:09', '2021-03-06 03:58:09'),
(1107, 'Joe Schmidt', 'corrine82@gmail.com', 'clara.collins', '986-907-3251', '2000-11-13', '2021-03-06 03:58:09', '2021-03-06 03:58:09'),
(1108, 'Mr. Freddy Wilkinson', 'norbert85@yahoo.com', 'ncartwright', '(925) 415-9270', '2010-11-11', '2021-03-06 03:58:09', '2021-03-06 03:58:09'),
(1109, 'Ms. Jakayla Runolfsdottir', 'armstrong.osbaldo@shanahan.info', 'hettie82', '(404) 950-4224 x4328', '1982-07-23', '2021-03-06 03:58:09', '2021-03-06 03:58:09'),
(1110, 'Anais Farrell', 'efren87@gerlach.com', 'adan.daugherty', '783.326.8473', '2008-12-27', '2021-03-06 03:58:09', '2021-03-06 03:58:09'),
(1111, 'Gail Beahan', 'cortez.zemlak@yahoo.com', 'mlabadie', '802.415.8305 x08367', '2000-07-21', '2021-03-06 03:58:09', '2021-03-06 03:58:09'),
(1112, 'Prof. Antonio Cassin Sr.', 'judge33@hane.com', 'glind', '1-241-305-1760 x71916', '1990-10-27', '2021-03-06 03:58:09', '2021-03-06 03:58:09'),
(1113, 'Mrs. Estelle Beatty Sr.', 'grant.collier@hotmail.com', 'gregoria.aufderhar', '881.667.7541', '1989-07-29', '2021-03-06 03:58:09', '2021-03-06 03:58:09'),
(1114, 'Filomena Gutkowski Sr.', 'denesik.jane@yahoo.com', 'foreilly', '662-731-7195', '1988-08-30', '2021-03-06 03:58:09', '2021-03-06 03:58:09'),
(1115, 'Nikita Padberg', 'macy.rodriguez@watsica.com', 'dina22', '494.641.2259 x6674', '2001-08-09', '2021-03-06 03:58:09', '2021-03-06 03:58:09'),
(1116, 'Juwan Cruickshank', 'marquardt.amalia@fay.info', 'kale.mann', '+1 (380) 223-0182', '2000-01-26', '2021-03-06 03:58:09', '2021-03-06 03:58:09'),
(1117, 'Travis Krajcik', 'billie.raynor@gmail.com', 'elsa.abernathy', '(816) 724-9684 x8027', '2018-03-18', '2021-03-06 03:58:09', '2021-03-06 03:58:09'),
(1118, 'Prof. Reid Hauck', 'psimonis@hotmail.com', 'cpowlowski', '(572) 843-8712', '1990-05-25', '2021-03-06 03:58:09', '2021-03-06 03:58:09'),
(1119, 'Christiana Marks', 'eokuneva@gmail.com', 'sedrick.schoen', '+13254098512', '2002-11-16', '2021-03-06 03:58:09', '2021-03-06 03:58:09'),
(1120, 'Viola Gutkowski', 'stehr.emmalee@reinger.net', 'orval36', '409.996.2551 x60036', '1990-01-13', '2021-03-06 03:58:09', '2021-03-06 03:58:09'),
(1121, 'Dr. Reymundo Raynor III', 'angus.moore@hotmail.com', 'chester84', '1-739-788-2104 x585', '2017-06-02', '2021-03-06 03:58:09', '2021-03-06 03:58:09'),
(1122, 'Amara Bechtelar', 'wilma52@hotmail.com', 'coty58', '604-653-2899', '1987-04-14', '2021-03-06 03:58:10', '2021-03-06 03:58:10'),
(1123, 'Dr. Spencer Block Sr.', 'griffin17@hotmail.com', 'haylee09', '1-538-318-2202 x7737', '1975-03-06', '2021-03-06 03:58:10', '2021-03-06 03:58:10'),
(1124, 'Mr. Rollin Gaylord', 'zrippin@hermann.biz', 'ikub', '+1.327.649.0874', '2002-07-27', '2021-03-06 03:58:10', '2021-03-06 03:58:10'),
(1125, 'Lenna Hills', 'gilda.hartmann@gmail.com', 'ottis58', '+17616326399', '1976-05-12', '2021-03-06 03:58:10', '2021-03-06 03:58:10'),
(1126, 'Wilfrid Eichmann', 'narmstrong@hotmail.com', 'maureen.hodkiewicz', '880-446-7135', '2010-05-31', '2021-03-06 03:58:10', '2021-03-06 03:58:10'),
(1127, 'Velva Jacobson I', 'landen.ernser@gmail.com', 'kunde.frederique', '(614) 455-3353', '2018-03-27', '2021-03-06 03:58:10', '2021-03-06 03:58:10'),
(1128, 'Issac Jast', 'heidi.douglas@gmail.com', 'shields.brandon', '+1.337.765.9956', '1992-05-29', '2021-03-06 03:58:10', '2021-03-06 03:58:10'),
(1129, 'Stone Schuppe', 'green.daniella@bins.net', 'ppurdy', '447-482-4312 x29612', '2005-01-28', '2021-03-06 03:58:10', '2021-03-06 03:58:10'),
(1130, 'Myah Hintz V', 'delphia84@yahoo.com', 'schuppe.verna', '(479) 787-8329 x59121', '1988-12-01', '2021-03-06 03:58:10', '2021-03-06 03:58:10'),
(1131, 'Mr. Colby Bayer Jr.', 'lelah.hickle@hotmail.com', 'patsy38', '914.734.8274 x343', '2007-03-21', '2021-03-06 03:58:10', '2021-03-06 03:58:10'),
(1132, 'Ida Jast III', 'mvonrueden@stokes.com', 'okeefe.madonna', '+1 (510) 593-5228', '1970-12-21', '2021-03-06 03:58:10', '2021-03-06 03:58:10'),
(1133, 'Prof. Rubie Veum', 'marilyne.murphy@gmail.com', 'dbailey', '(798) 268-1682 x9301', '1979-10-09', '2021-03-06 03:58:10', '2021-03-06 03:58:10'),
(1134, 'Cordia Gleason', 'mraz.sigrid@nicolas.com', 'lambert.klein', '337.846.2710', '2018-02-17', '2021-03-06 03:58:10', '2021-03-06 03:58:10'),
(1135, 'Miss Savannah Bergstrom DVM', 'otha.weber@hotmail.com', 'vince.will', '992.816.9851 x36335', '1989-09-18', '2021-03-06 03:58:10', '2021-03-06 03:58:10'),
(1136, 'Arlie Herman', 'kutch.dangelo@reichel.biz', 'julia.batz', '+1-771-302-8756', '1980-03-29', '2021-03-06 03:58:10', '2021-03-06 03:58:10'),
(1137, 'Dr. Kamryn Streich', 'vinnie.jones@yahoo.com', 'alvah.mueller', '(427) 573-2027 x59925', '1989-06-24', '2021-03-06 03:58:10', '2021-03-06 03:58:10'),
(1138, 'Ms. Gracie Fay', 'eveline65@heathcote.biz', 'rutherford.karolann', '1-872-943-1724 x7205', '2007-09-22', '2021-03-06 03:58:10', '2021-03-06 03:58:10'),
(1139, 'Tommie Quitzon', 'velda26@yahoo.com', 'khegmann', '(640) 844-1153', '2014-03-24', '2021-03-06 03:58:10', '2021-03-06 03:58:10'),
(1140, 'Laisha Collier', 'olaf.deckow@hotmail.com', 'ortiz.rubye', '420-601-3642', '1995-01-16', '2021-03-06 03:58:10', '2021-03-06 03:58:10'),
(1141, 'Dr. Russ Willms MD', 'sharon.reilly@mccullough.com', 'reyna.ebert', '517.440.1828', '2005-03-17', '2021-03-06 03:58:10', '2021-03-06 03:58:10'),
(1142, 'Blair Weber', 'mbatz@hotmail.com', 'qdickinson', '909-717-4777 x667', '1983-05-01', '2021-03-06 03:58:10', '2021-03-06 03:58:10'),
(1143, 'Donna Franecki MD', 'maximillian54@schaefer.org', 'assunta.pfannerstill', '1-873-359-8274 x16450', '2003-11-16', '2021-03-06 03:58:10', '2021-03-06 03:58:10'),
(1144, 'Easton Gulgowski', 'bkerluke@hotmail.com', 'west.gianni', '584.868.6869 x94579', '2016-05-10', '2021-03-06 03:58:10', '2021-03-06 03:58:10'),
(1145, 'Prof. Celine Walsh I', 'dmaggio@hotmail.com', 'dibbert.brett', '+19943655579', '1989-05-19', '2021-03-06 03:58:11', '2021-03-06 03:58:11'),
(1146, 'Ben Jerde', 'maude.cummings@hotmail.com', 'bhermann', '892.689.0836 x35872', '2000-07-12', '2021-03-06 03:58:11', '2021-03-06 03:58:11'),
(1147, 'Eriberto Skiles', 'pgrant@kirlin.com', 'schuppe.ibrahim', '+1 (228) 256-7637', '1986-09-14', '2021-03-06 03:58:11', '2021-03-06 03:58:11'),
(1148, 'Colby Feil Sr.', 'schulist.karianne@leuschke.info', 'corene61', '(698) 552-3551', '1998-09-13', '2021-03-06 03:58:11', '2021-03-06 03:58:11'),
(1149, 'Dr. Gaylord Nader MD', 'wisoky.greg@swaniawski.com', 'carleton.wunsch', '817.468.8927', '2002-12-10', '2021-03-06 03:58:11', '2021-03-06 03:58:11'),
(1150, 'Grant Reynolds DDS', 'tara70@yahoo.com', 'ari.feest', '+1 (270) 227-4330', '2006-11-01', '2021-03-06 03:58:11', '2021-03-06 03:58:11'),
(1151, 'Lucious Dickinson', 'danny09@gmail.com', 'rroob', '(645) 302-0943 x8552', '1996-10-13', '2021-03-06 03:58:11', '2021-03-06 03:58:11'),
(1152, 'Mr. Alexzander Beer IV', 'mgutmann@cremin.com', 'senger.zackary', '343.453.2528', '1982-01-26', '2021-03-06 03:58:11', '2021-03-06 03:58:11'),
(1153, 'Miss Alena Olson', 'satterfield.rae@lowe.com', 'jacobi.alverta', '998.806.0306', '1970-06-21', '2021-03-06 03:58:11', '2021-03-06 03:58:11'),
(1154, 'Randall Smith I', 'pearl84@zboncak.info', 'dahlia.lowe', '(231) 851-6309 x190', '2003-02-17', '2021-03-06 03:58:11', '2021-03-06 03:58:11'),
(1155, 'Dr. Shanna Kris', 'ihyatt@yahoo.com', 'pherman', '1-751-907-9717', '2003-01-27', '2021-03-06 03:58:11', '2021-03-06 03:58:11'),
(1156, 'Adan Stracke', 'borer.alison@hotmail.com', 'ryan.cloyd', '(843) 494-2628', '1976-04-10', '2021-03-06 03:58:11', '2021-03-06 03:58:11'),
(1157, 'Alexandro Bahringer', 'gabernathy@yahoo.com', 'christophe87', '802-873-0240 x3893', '1973-11-08', '2021-03-06 03:58:11', '2021-03-06 03:58:11'),
(1158, 'Kellen Zemlak', 'nfahey@gmail.com', 'afton.kilback', '965.478.4857 x78219', '1983-10-17', '2021-03-06 03:58:11', '2021-03-06 03:58:11'),
(1159, 'Ms. Leanna Zulauf II', 'caterina.roob@damore.com', 'joshuah.jast', '920-316-4561', '2005-09-24', '2021-03-06 03:58:11', '2021-03-06 03:58:11'),
(1160, 'Ms. Leonor McDermott DDS', 'trantow.stacey@ondricka.info', 'ondricka.stephany', '1-616-296-0132', '1971-10-19', '2021-03-06 03:58:11', '2021-03-06 03:58:11'),
(1161, 'Miss Taya Littel', 'elvera.oberbrunner@hotmail.com', 'mante.kelsi', '(358) 487-8496 x32054', '1991-06-03', '2021-03-06 03:58:11', '2021-03-06 03:58:11'),
(1162, 'Eunice Rogahn', 'otilia.smith@gmail.com', 'bruen.ross', '+1 (957) 388-5384', '2001-11-19', '2021-03-06 03:58:11', '2021-03-06 03:58:11'),
(1163, 'Francisco Lindgren', 'mbergstrom@gmail.com', 'hermiston.hermann', '+1.721.725.8215', '1994-09-12', '2021-03-06 03:58:11', '2021-03-06 03:58:11'),
(1164, 'Schuyler Quigley', 'petra33@crooks.net', 'klegros', '+1 (646) 431-6830', '2017-11-01', '2021-03-06 03:58:11', '2021-03-06 03:58:11'),
(1165, 'Orrin Lebsack PhD', 'gulgowski.troy@yahoo.com', 'zleannon', '(730) 347-1205 x8561', '1981-06-01', '2021-03-06 03:58:11', '2021-03-06 03:58:11'),
(1166, 'Dr. Antonetta Wilkinson', 'zackery.pagac@ruecker.com', 'fpollich', '609-994-0166', '2000-01-30', '2021-03-06 03:58:11', '2021-03-06 03:58:11'),
(1167, 'Michele Bernier', 'ahackett@hotmail.com', 'rogers.kemmer', '848-873-4844 x48744', '1992-09-16', '2021-03-06 03:58:11', '2021-03-06 03:58:11'),
(1168, 'Alexanne Larkin', 'wolf.autumn@cummerata.biz', 'alvera69', '1-418-367-3766 x3605', '2004-11-06', '2021-03-06 03:58:11', '2021-03-06 03:58:11'),
(1169, 'Dr. Dixie Dibbert IV', 'istokes@marvin.biz', 'turner.breanne', '701-520-6269', '2018-11-18', '2021-03-06 03:58:11', '2021-03-06 03:58:11'),
(1170, 'Miss Katrina Gaylord DVM', 'wkassulke@macejkovic.com', 'aracely33', '496.501.4774', '1993-08-30', '2021-03-06 03:58:12', '2021-03-06 03:58:12'),
(1171, 'Savanna Goldner', 'isidro04@gmail.com', 'helena.davis', '970.369.8467 x215', '1973-08-20', '2021-03-06 03:58:12', '2021-03-06 03:58:12'),
(1172, 'Velda Bradtke', 'wehner.henriette@yahoo.com', 'isom.langworth', '1-689-737-6810 x230', '1970-05-08', '2021-03-06 03:58:12', '2021-03-06 03:58:12'),
(1173, 'Brad Nader', 'feest.anissa@yahoo.com', 'padberg.jermain', '883.745.2146', '2018-01-10', '2021-03-06 03:58:12', '2021-03-06 03:58:12'),
(1174, 'Ardella Goodwin', 'price.emmy@yahoo.com', 'renner.westley', '720.602.3965', '1994-07-14', '2021-03-06 03:58:12', '2021-03-06 03:58:12'),
(1175, 'Hailee Macejkovic Jr.', 'deshawn63@gmail.com', 'tillman.orlo', '912.993.7899', '1987-04-02', '2021-03-06 03:58:12', '2021-03-06 03:58:12'),
(1176, 'Asa Daniel', 'boyer.anahi@yahoo.com', 'leonie.armstrong', '1-869-398-4905', '2002-01-22', '2021-03-06 03:58:12', '2021-03-06 03:58:12'),
(1177, 'Jaida Huel', 'borer.meagan@hotmail.com', 'terrance37', '1-368-610-6724', '1990-06-02', '2021-03-06 03:58:12', '2021-03-06 03:58:12'),
(1178, 'Hazle Wehner', 'bschoen@keebler.com', 'willard.hermann', '251-916-0376 x16271', '1993-09-07', '2021-03-06 03:58:12', '2021-03-06 03:58:12'),
(1179, 'Jayne Jacobson', 'carroll.leann@kozey.com', 'karolann.langosh', '+1 (278) 509-2650', '1971-10-21', '2021-03-06 03:58:12', '2021-03-06 03:58:12'),
(1180, 'Andres Terry', 'isauer@gislason.com', 'krunolfsson', '+1.285.837.2851', '2008-08-27', '2021-03-06 03:58:12', '2021-03-06 03:58:12'),
(1181, 'Donald Franecki IV', 'flavie.spinka@hotmail.com', 'nick45', '282-667-3920 x82072', '2015-01-30', '2021-03-06 03:58:12', '2021-03-06 03:58:12'),
(1182, 'Ms. Kali Kuhic', 'rau.kenny@kreiger.com', 'cynthia58', '826-760-9014 x335', '1997-04-24', '2021-03-06 03:58:12', '2021-03-06 03:58:12'),
(1183, 'Iva Keebler', 'volkman.marielle@yahoo.com', 'ejones', '1-375-896-6859 x1110', '2017-03-16', '2021-03-06 03:58:12', '2021-03-06 03:58:12'),
(1184, 'Edythe Gutkowski', 'trent.bauch@hotmail.com', 'prosacco.willie', '1-839-446-3929', '1974-05-29', '2021-03-06 03:58:12', '2021-03-06 03:58:12'),
(1185, 'Rahsaan Hirthe', 'elmer00@bartell.biz', 'adams.kamren', '1-418-746-2663', '1989-06-19', '2021-03-06 03:58:12', '2021-03-06 03:58:12'),
(1186, 'Prof. Rolando O\'Kon Sr.', 'pgleichner@gmail.com', 'larkin.kaci', '1-278-496-1141 x283', '1974-07-01', '2021-03-06 03:58:12', '2021-03-06 03:58:12'),
(1187, 'Nat Heidenreich II', 'lynch.jessy@gmail.com', 'alva25', '1-482-361-6886 x96052', '2020-08-24', '2021-03-06 03:58:12', '2021-03-06 03:58:12'),
(1188, 'Prof. Rigoberto Smitham III', 'cesar69@jones.com', 'smith.amelie', '1-993-563-2460 x6218', '2002-01-04', '2021-03-06 03:58:12', '2021-03-06 03:58:12'),
(1189, 'Ansel Bosco', 'gideon59@yahoo.com', 'wherman', '+1 (307) 516-6238', '1984-05-02', '2021-03-06 03:58:12', '2021-03-06 03:58:12'),
(1190, 'Giuseppe Jakubowski PhD', 'gusikowski.nicholas@stark.com', 'nhansen', '857-228-0683 x5503', '1973-03-10', '2021-03-06 03:58:12', '2021-03-06 03:58:12'),
(1191, 'Frederique Stark PhD', 'rrenner@west.biz', 'stanton.natalie', '+1 (475) 685-3506', '1980-09-25', '2021-03-06 03:58:12', '2021-03-06 03:58:12'),
(1192, 'Edgar Osinski', 'nherman@nicolas.com', 'nader.dedrick', '+1-926-209-4538', '2014-12-06', '2021-03-06 03:58:12', '2021-03-06 03:58:12'),
(1193, 'Edgar Leffler', 'sammie50@reynolds.com', 'ftoy', '1-885-483-3508', '1997-10-06', '2021-03-06 03:58:12', '2021-03-06 03:58:12'),
(1194, 'Dr. Gladyce Steuber Sr.', 'jon.hagenes@weimann.com', 'candida.oconnell', '+1-892-216-6718', '2014-12-11', '2021-03-06 03:58:13', '2021-03-06 03:58:13'),
(1195, 'Leola Leannon', 'jschowalter@beer.com', 'henri93', '776.336.1360 x4230', '1985-07-01', '2021-03-06 03:58:13', '2021-03-06 03:58:13'),
(1196, 'Ms. Claudine Jacobs', 'nicola.lesch@yahoo.com', 'dstrosin', '+15244054563', '1982-07-30', '2021-03-06 03:58:13', '2021-03-06 03:58:13'),
(1197, 'Miss Helena Stiedemann', 'homenick.adaline@lynch.com', 'rosalind.harvey', '(972) 667-3133', '2015-05-03', '2021-03-06 03:58:13', '2021-03-06 03:58:13'),
(1198, 'Johnson Gusikowski IV', 'yfeeney@hotmail.com', 'keyon01', '(762) 657-1414 x0900', '1976-11-02', '2021-03-06 03:58:13', '2021-03-06 03:58:13'),
(1199, 'Afton Wolff', 'witting.madisen@gmail.com', 'krowe', '+1-479-367-5868', '1990-09-06', '2021-03-06 03:58:13', '2021-03-06 03:58:13'),
(1200, 'Jewel Blick', 'kuhlman.marcellus@hotmail.com', 'weimann.meaghan', '1-580-682-7273 x484', '2003-05-02', '2021-03-06 03:58:13', '2021-03-06 03:58:13'),
(1201, 'Miss Jordane Moen I', 'carli.gleichner@wehner.org', 'bayer.margot', '+1-839-996-3417', '2020-03-02', '2021-03-06 03:58:13', '2021-03-06 03:58:13'),
(1202, 'Prof. Angel Blanda Jr.', 'mabel43@hotmail.com', 'gerard.quigley', '+1 (436) 681-4837', '2016-01-22', '2021-03-06 03:58:13', '2021-03-06 03:58:13'),
(1203, 'Murray Borer DVM', 'rashad37@gmail.com', 'mayert.edgar', '1-563-794-8159 x2340', '2011-03-24', '2021-03-06 03:58:13', '2021-03-06 03:58:13'),
(1204, 'Ethelyn Runolfsson I', 'jaskolski.terrence@mills.org', 'leila.hagenes', '895-956-6361 x4578', '1995-04-08', '2021-03-06 03:58:13', '2021-03-06 03:58:13'),
(1205, 'Billie Schowalter', 'ebarton@smith.org', 'andre.cremin', '+1-352-525-9396', '1976-01-01', '2021-03-06 03:58:13', '2021-03-06 03:58:13'),
(1206, 'Idell Veum', 'jwisoky@yahoo.com', 'dharvey', '861.279.3840', '2016-07-10', '2021-03-06 03:58:13', '2021-03-06 03:58:13'),
(1207, 'Janessa Hagenes', 'shyanne.considine@keeling.com', 'gmarvin', '992.668.7252 x5990', '1998-04-29', '2021-03-06 03:58:13', '2021-03-06 03:58:13'),
(1208, 'Jennyfer Harber', 'naomie87@hotmail.com', 'simonis.rickie', '(557) 476-9172 x5763', '2018-06-09', '2021-03-06 03:58:13', '2021-03-06 03:58:13'),
(1209, 'Beverly Thompson', 'jaylan36@legros.com', 'aglae45', '1-883-205-1794', '2006-12-22', '2021-03-06 03:58:13', '2021-03-06 03:58:13'),
(1210, 'Alfonzo Dickinson', 'ztorphy@bogisich.com', 'carlie.vandervort', '351-990-1936 x1665', '1998-10-29', '2021-03-06 03:58:13', '2021-03-06 03:58:13'),
(1211, 'Issac Kuhn', 'dschuppe@schaden.org', 'oankunding', '832-639-4025 x428', '1992-07-27', '2021-03-06 03:58:13', '2021-03-06 03:58:13'),
(1212, 'Dr. Micaela Mraz', 'brady.collier@gmail.com', 'aletha.dickens', '(312) 384-0678', '2010-04-30', '2021-03-06 03:58:13', '2021-03-06 03:58:13'),
(1213, 'Suzanne Smith', 'elvis19@lockman.com', 'callie.gottlieb', '995.702.2989 x92784', '2006-08-20', '2021-03-06 03:58:13', '2021-03-06 03:58:13'),
(1214, 'Helmer Heidenreich Sr.', 'lenny.dibbert@koelpin.org', 'lilly.sipes', '931-586-2929 x887', '2002-09-20', '2021-03-06 03:58:13', '2021-03-06 03:58:13'),
(1215, 'Cassandra Batz', 'leffler.casimer@yahoo.com', 'lilian.hane', '(824) 377-2817 x806', '1972-01-16', '2021-03-06 03:58:13', '2021-03-06 03:58:13'),
(1216, 'Roscoe Prosacco', 'morton15@okuneva.com', 'christina.walter', '265-656-0901', '1999-09-23', '2021-03-06 03:58:13', '2021-03-06 03:58:13'),
(1217, 'Mitchel Jast', 'qbogan@hotmail.com', 'mariana.turcotte', '+1.684.790.8318', '1975-01-22', '2021-03-06 03:58:14', '2021-03-06 03:58:14'),
(1218, 'Dr. Jamal Farrell', 'lueilwitz.ena@kling.info', 'weissnat.jaycee', '(341) 894-2038', '2003-05-03', '2021-03-06 03:58:14', '2021-03-06 03:58:14'),
(1219, 'Elmo Bashirian', 'gunnar.krajcik@yahoo.com', 'lauriane.wiza', '798-809-1286', '1984-03-05', '2021-03-06 03:58:14', '2021-03-06 03:58:14'),
(1220, 'Kayleigh Howell', 'mraz.haleigh@gmail.com', 'collins.geovany', '1-865-315-0111', '1990-07-27', '2021-03-06 03:58:14', '2021-03-06 03:58:14'),
(1221, 'Miss Ilene Halvorson', 'providenci.dicki@gmail.com', 'lind.millie', '296.552.0454 x596', '1999-03-26', '2021-03-06 03:58:14', '2021-03-06 03:58:14'),
(1222, 'Ophelia Marks', 'fvon@kshlerin.info', 'ari54', '994-501-4784 x0556', '1982-12-24', '2021-03-06 03:58:14', '2021-03-06 03:58:14'),
(1223, 'Colton Wilkinson DDS', 'markus83@schmitt.com', 'royce94', '+1-564-799-3230', '1995-10-24', '2021-03-06 03:58:14', '2021-03-06 03:58:14'),
(1224, 'Jakob Bednar PhD', 'nicolas.jennyfer@gmail.com', 'simonis.kristina', '+1.917.976.2866', '1971-12-27', '2021-03-06 03:58:14', '2021-03-06 03:58:14'),
(1225, 'Antoinette Goldner Sr.', 'janae.friesen@hotmail.com', 'cmaggio', '+18058897326', '1977-05-16', '2021-03-06 03:58:14', '2021-03-06 03:58:14'),
(1226, 'Cristal Johns', 'gorczany.conner@torp.net', 'guiseppe.bogan', '+1-201-456-8882', '2003-05-29', '2021-03-06 03:58:14', '2021-03-06 03:58:14'),
(1227, 'Zaria Jast', 'christiana80@gmail.com', 'wsmitham', '1-371-316-7118 x58463', '1983-08-27', '2021-03-06 03:58:14', '2021-03-06 03:58:14'),
(1228, 'Ila Stokes Jr.', 'lorine.rath@quigley.com', 'nolan.werner', '310-800-5474 x38257', '2003-11-28', '2021-03-06 03:58:14', '2021-03-06 03:58:14'),
(1229, 'Baron Glover', 'nelda66@gmail.com', 'renner.mitchel', '1-705-415-1479', '1999-01-07', '2021-03-06 03:58:14', '2021-03-06 03:58:14'),
(1230, 'Elva Stamm Jr.', 'branson.lehner@hotmail.com', 'hsteuber', '1-594-705-2299', '2013-07-15', '2021-03-06 03:58:14', '2021-03-06 03:58:14'),
(1231, 'Pierce Fisher', 'simonis.arianna@hotmail.com', 'alden65', '1-975-270-9110 x08838', '1998-12-30', '2021-03-06 03:58:14', '2021-03-06 03:58:14'),
(1232, 'Mr. Faustino McKenzie', 'collier.trudie@shields.biz', 'whauck', '242.214.3035 x53958', '2019-12-25', '2021-03-06 03:58:14', '2021-03-06 03:58:14'),
(1233, 'Rossie Davis', 'jaylin.conn@yahoo.com', 'lyla.hegmann', '1-413-459-5299 x5501', '1988-01-27', '2021-03-06 03:58:14', '2021-03-06 03:58:14'),
(1234, 'Theo Schowalter', 'mills.jeremy@wuckert.com', 'awiza', '1-572-212-1492', '1975-05-22', '2021-03-06 03:58:15', '2021-03-06 03:58:15'),
(1235, 'Vaughn Monahan', 'beatty.arthur@yahoo.com', 'bergnaum.jamie', '916.838.1004', '2001-04-04', '2021-03-06 03:58:15', '2021-03-06 03:58:15'),
(1236, 'Abbie Gislason', 'janae23@hotmail.com', 'crona.pietro', '340-675-0696 x70674', '1986-02-19', '2021-03-06 03:58:15', '2021-03-06 03:58:15'),
(1237, 'Dr. Giovanna Boyer', 'stanton.mason@yahoo.com', 'fadel.max', '1-856-440-7023', '2012-04-06', '2021-03-06 03:58:15', '2021-03-06 03:58:15'),
(1238, 'Christian Blanda', 'dschultz@rice.com', 'carley.collins', '+18242849775', '2004-04-10', '2021-03-06 03:58:15', '2021-03-06 03:58:15'),
(1239, 'Prof. Luisa Upton DDS', 'koelpin.stone@hotmail.com', 'jett30', '(337) 567-5185 x643', '1970-11-19', '2021-03-06 03:58:15', '2021-03-06 03:58:15'),
(1240, 'Pearline Strosin', 'jeramy62@veum.com', 'mrussel', '974.556.1827 x46825', '1971-11-17', '2021-03-06 03:58:15', '2021-03-06 03:58:15'),
(1241, 'Emery Mitchell', 'vicenta80@prosacco.com', 'coty63', '1-978-781-4006 x6655', '2002-05-02', '2021-03-06 03:58:15', '2021-03-06 03:58:15'),
(1242, 'Dr. Leopoldo Durgan', 'krista.weissnat@cassin.net', 'hipolito41', '+15317841423', '2017-06-24', '2021-03-06 03:58:15', '2021-03-06 03:58:15'),
(1243, 'Anahi Lind', 'halie.hessel@yost.net', 'wilfredo.jacobson', '(929) 254-2241', '1970-01-09', '2021-03-06 03:58:15', '2021-03-06 03:58:15'),
(1244, 'Hadley Kemmer', 'alivia63@yahoo.com', 'abagail.schamberger', '+13984579827', '1993-12-31', '2021-03-06 03:58:15', '2021-03-06 03:58:15'),
(1245, 'Lyda Fritsch DVM', 'kaylin.harber@turcotte.biz', 'bernice.macejkovic', '+1.501.476.4159', '2007-02-23', '2021-03-06 03:58:15', '2021-03-06 03:58:15'),
(1246, 'Titus Crist', 'lkerluke@morar.biz', 'mccullough.chandler', '+1-462-905-1027', '1972-04-06', '2021-03-06 03:58:15', '2021-03-06 03:58:15'),
(1247, 'Avis Haley', 'gstehr@gusikowski.com', 'opollich', '785.296.9381 x847', '2013-06-19', '2021-03-06 03:58:15', '2021-03-06 03:58:15'),
(1248, 'Blair Conroy', 'natalia38@rohan.com', 'ifarrell', '+1.308.854.2315', '1993-09-26', '2021-03-06 03:58:15', '2021-03-06 03:58:15'),
(1249, 'Gloria Harvey', 'dedrick.schultz@hudson.biz', 'shaylee80', '1-384-217-4974', '2020-06-22', '2021-03-06 03:58:15', '2021-03-06 03:58:15'),
(1250, 'Dr. Timothy Satterfield', 'blaze.will@yahoo.com', 'murazik.layne', '895-906-5975 x3862', '2017-01-03', '2021-03-06 03:58:15', '2021-03-06 03:58:15'),
(1251, 'Shea Heaney', 'nat.ledner@denesik.biz', 'goldner.elenor', '239-387-9955', '2016-01-07', '2021-03-06 03:58:16', '2021-03-06 03:58:16'),
(1252, 'Austyn Robel', 'xhansen@wiza.info', 'junior14', '587.857.2654 x993', '2015-02-03', '2021-03-06 03:58:16', '2021-03-06 03:58:16'),
(1253, 'Brooke Pagac V', 'schultz.laron@veum.com', 'eugenia.strosin', '525.792.3936', '1973-11-30', '2021-03-06 03:58:16', '2021-03-06 03:58:16'),
(1254, 'Prof. Haley Miller', 'trantow.stephanie@yahoo.com', 'graciela58', '362-256-5237 x251', '1991-10-23', '2021-03-06 03:58:16', '2021-03-06 03:58:16'),
(1255, 'Dwight Bailey', 'rodriguez.maximillia@cummerata.com', 'gus67', '736-648-5438 x159', '1997-06-13', '2021-03-06 03:58:16', '2021-03-06 03:58:16'),
(1256, 'Alycia Bahringer', 'runte.merle@gmail.com', 'uanderson', '(596) 228-3967', '1994-12-07', '2021-03-06 03:58:16', '2021-03-06 03:58:16'),
(1257, 'Lelia Champlin', 'konopelski.erwin@cronin.com', 'zwitting', '581.876.4695 x1760', '1977-07-08', '2021-03-06 03:58:16', '2021-03-06 03:58:16'),
(1258, 'Rylee Hickle', 'qullrich@yahoo.com', 'schamberger.randy', '698.496.8189 x86624', '2005-03-04', '2021-03-06 03:58:16', '2021-03-06 03:58:16'),
(1259, 'Pasquale Turner', 'allen12@hotmail.com', 'corine28', '765-943-5534 x015', '2015-02-18', '2021-03-06 03:58:16', '2021-03-06 03:58:16'),
(1260, 'Dr. Ora Vandervort', 'kendall.rohan@west.info', 'jeromy.haley', '472-768-5430 x096', '1983-05-03', '2021-03-06 03:58:16', '2021-03-06 03:58:16'),
(1261, 'Timmy Pollich Jr.', 'brain.conn@hotmail.com', 'augustine.dibbert', '1-982-281-3581', '1992-07-24', '2021-03-06 03:58:16', '2021-03-06 03:58:16'),
(1262, 'Mckayla Mraz', 'gayle.skiles@bechtelar.net', 'morgan39', '+1-207-536-7018', '2009-11-26', '2021-03-06 03:58:16', '2021-03-06 03:58:16'),
(1263, 'Aylin Emmerich', 'khackett@bailey.com', 'weissnat.karl', '+1-808-583-1448', '2011-04-16', '2021-03-06 03:58:16', '2021-03-06 03:58:16'),
(1264, 'Dr. Nedra Rodriguez', 'ramon84@hartmann.org', 'abernathy.marc', '520.862.5078 x460', '2002-12-17', '2021-03-06 03:58:16', '2021-03-06 03:58:16'),
(1265, 'Dr. Taylor Weimann', 'shemar36@schroeder.com', 'hartmann.terry', '371-695-2125 x59462', '1997-05-22', '2021-03-06 03:58:16', '2021-03-06 03:58:16'),
(1266, 'Samantha Pacocha', 'opal.gleason@yahoo.com', 'corwin.mylene', '859-931-7034 x8326', '2011-05-14', '2021-03-06 03:58:16', '2021-03-06 03:58:16'),
(1267, 'Eloisa Graham', 'danika.schroeder@yahoo.com', 'nicklaus.runolfsson', '242-351-2340 x0122', '2009-04-29', '2021-03-06 03:58:16', '2021-03-06 03:58:16'),
(1268, 'Bill Herman', 'hailee.stokes@yahoo.com', 'schuster.willard', '(292) 612-4279', '2017-10-21', '2021-03-06 03:58:16', '2021-03-06 03:58:16'),
(1269, 'Jamal Lehner', 'uwhite@mayert.com', 'mbogisich', '461-886-8366 x4042', '1975-08-12', '2021-03-06 03:58:16', '2021-03-06 03:58:16'),
(1270, 'Mrs. Tabitha Mraz', 'windler.selina@hotmail.com', 'dmurphy', '580-950-9342 x47249', '2005-05-20', '2021-03-06 03:58:17', '2021-03-06 03:58:17'),
(1271, 'Zechariah Torphy PhD', 'nreilly@heaney.com', 'wilfred22', '1-786-734-6907 x559', '1999-06-16', '2021-03-06 03:58:17', '2021-03-06 03:58:17'),
(1272, 'Samanta Frami', 'keven41@hotmail.com', 'gunnar.greenfelder', '728.543.3971 x381', '1979-03-13', '2021-03-06 03:58:17', '2021-03-06 03:58:17'),
(1273, 'Donna Feil', 'larissa10@gmail.com', 'lamont.labadie', '1-547-329-4121 x373', '2002-01-23', '2021-03-06 03:58:17', '2021-03-06 03:58:17'),
(1274, 'Stone Kerluke', 'ryan.lubowitz@gmail.com', 'ubaumbach', '578-698-4107', '1988-03-29', '2021-03-06 03:58:17', '2021-03-06 03:58:17'),
(1275, 'Dr. Allie Hintz', 'reinger.doyle@collins.com', 'rudolph.oconner', '(947) 482-9481 x493', '1979-04-05', '2021-03-06 03:58:17', '2021-03-06 03:58:17'),
(1276, 'Dr. Arnulfo Cummerata Sr.', 'lschmidt@sporer.com', 'alexa.bradtke', '+1 (338) 954-8149', '2012-09-01', '2021-03-06 03:58:17', '2021-03-06 03:58:17'),
(1277, 'Mrs. Providenci Reichert', 'carter.willa@gmail.com', 'egrant', '946-444-1212 x6737', '2014-12-28', '2021-03-06 03:58:17', '2021-03-06 03:58:17'),
(1278, 'Joy Satterfield', 'nadia19@hand.com', 'angelica.nader', '892.318.8036 x3371', '1978-11-20', '2021-03-06 03:58:17', '2021-03-06 03:58:17'),
(1279, 'Jada Langworth', 'zbartoletti@gmail.com', 'marvin.mcdermott', '884-256-5743 x921', '1980-11-27', '2021-03-06 03:58:17', '2021-03-06 03:58:17'),
(1280, 'Tyson Lowe MD', 'jpredovic@gmail.com', 'schaden.alysha', '608-616-8471 x567', '2016-02-24', '2021-03-06 03:58:17', '2021-03-06 03:58:17'),
(1281, 'Amir Towne', 'faufderhar@yahoo.com', 'scottie24', '(918) 714-9787 x441', '1997-11-15', '2021-03-06 03:58:17', '2021-03-06 03:58:17'),
(1282, 'Sophia Morissette I', 'shanelle52@hyatt.com', 'bbailey', '916-853-4883', '2006-11-17', '2021-03-06 03:58:17', '2021-03-06 03:58:17'),
(1283, 'Eva Bednar', 'strantow@moen.com', 'vkoss', '212.570.0017', '1990-12-25', '2021-03-06 03:58:17', '2021-03-06 03:58:17'),
(1284, 'Kaley Collier V', 'megane.gleason@gmail.com', 'abshire.tillman', '(613) 578-3007 x905', '1996-07-10', '2021-03-06 03:58:17', '2021-03-06 03:58:17'),
(1285, 'Alexandrea Franecki II', 'maggio.vita@abshire.com', 'zemlak.beryl', '(830) 522-6880 x7274', '1972-09-16', '2021-03-06 03:58:17', '2021-03-06 03:58:17'),
(1286, 'Janelle Schiller', 'zwuckert@steuber.net', 'rmurazik', '784.546.4756', '2020-11-02', '2021-03-06 03:58:17', '2021-03-06 03:58:17'),
(1287, 'Breanne Hahn', 'ddouglas@gmail.com', 'sean.walter', '(793) 592-0845 x71700', '1975-07-05', '2021-03-06 03:58:17', '2021-03-06 03:58:17'),
(1288, 'Xander Rempel', 'donnelly.felicita@orn.com', 'silas09', '636-517-6045 x729', '1984-07-18', '2021-03-06 03:58:17', '2021-03-06 03:58:17'),
(1289, 'Nichole Morissette', 'rath.jules@hotmail.com', 'mcdermott.sterling', '(583) 213-8088 x30495', '2002-03-29', '2021-03-06 03:58:17', '2021-03-06 03:58:17'),
(1290, 'May Leffler', 'christop.kertzmann@schultz.com', 'kkozey', '(406) 816-3708 x3310', '1975-10-20', '2021-03-06 03:58:17', '2021-03-06 03:58:17'),
(1291, 'Gene Rippin', 'brent36@wyman.com', 'valentin25', '365-299-9705 x14720', '2011-03-15', '2021-03-06 03:58:18', '2021-03-06 03:58:18'),
(1292, 'Mrs. Katharina Durgan', 'marc.kuhlman@gmail.com', 'dale27', '(621) 580-6742 x97384', '2014-12-24', '2021-03-06 03:58:18', '2021-03-06 03:58:18'),
(1293, 'Shana Morar', 'hickle.wilson@hotmail.com', 'turner.lucas', '259.691.6887 x50646', '2002-10-22', '2021-03-06 03:58:18', '2021-03-06 03:58:18'),
(1294, 'Wilber Kunze', 'jacquelyn.farrell@sipes.org', 'madisyn63', '(691) 421-0998 x7758', '2007-06-15', '2021-03-06 03:58:18', '2021-03-06 03:58:18'),
(1295, 'Destiney Hermiston Jr.', 'hbode@lubowitz.org', 'scot12', '682-621-9225', '2011-07-03', '2021-03-06 03:58:18', '2021-03-06 03:58:18'),
(1296, 'Melyssa Pouros', 'cheyenne58@bednar.net', 'tbradtke', '548-243-9927 x596', '2017-06-09', '2021-03-06 03:58:18', '2021-03-06 03:58:18'),
(1297, 'Mrs. Monique Wiza', 'glover.camila@marvin.org', 'tatyana80', '(840) 627-7069', '1984-10-29', '2021-03-06 03:58:18', '2021-03-06 03:58:18'),
(1298, 'Hailie Beahan', 'aschmidt@hotmail.com', 'jjenkins', '+1-665-275-3808', '1998-07-26', '2021-03-06 03:58:18', '2021-03-06 03:58:18'),
(1299, 'Jackeline Erdman MD', 'eve.monahan@marks.biz', 'carroll38', '252.990.8844 x719', '1971-06-14', '2021-03-06 03:58:18', '2021-03-06 03:58:18'),
(1300, 'Felicity Abernathy', 'retha.rohan@beahan.net', 'candace.quigley', '1-846-343-4722', '1976-10-17', '2021-03-06 03:58:18', '2021-03-06 03:58:18'),
(1301, 'Joan Nienow I', 'rosie27@gmail.com', 'mkoch', '846-435-5423 x97872', '2005-04-19', '2021-03-06 03:58:18', '2021-03-06 03:58:18'),
(1302, 'Eldred Gibson', 'iokon@altenwerth.biz', 'ondricka.bridie', '+1.605.719.1480', '1973-08-19', '2021-03-06 03:58:18', '2021-03-06 03:58:18'),
(1303, 'Sadie Schinner', 'rdach@hotmail.com', 'daphney72', '584.387.7642', '1981-10-03', '2021-03-06 03:58:18', '2021-03-06 03:58:18'),
(1304, 'Dr. Gabriel Murazik', 'gonzalo.champlin@gmail.com', 'amitchell', '+1-341-549-3305', '2010-02-03', '2021-03-06 03:58:18', '2021-03-06 03:58:18'),
(1305, 'London Schumm', 'bjerde@kuhlman.com', 'cummings.bobbie', '901.715.1835', '2008-03-07', '2021-03-06 03:58:18', '2021-03-06 03:58:18'),
(1306, 'Dr. Eliezer Marvin PhD', 'thad.zulauf@stanton.com', 'jacobs.laverna', '1-503-995-0787 x866', '2014-06-06', '2021-03-06 03:58:18', '2021-03-06 03:58:18'),
(1307, 'Wellington Bogisich MD', 'zrodriguez@ledner.com', 'corkery.dariana', '876.850.3736 x96468', '2001-02-24', '2021-03-06 03:58:18', '2021-03-06 03:58:18'),
(1308, 'Dr. Greyson Stokes', 'vince69@hotmail.com', 'rosella.bashirian', '1-662-467-4171 x04266', '1972-10-21', '2021-03-06 03:58:18', '2021-03-06 03:58:18'),
(1309, 'Ashly Towne', 'zwilderman@littel.com', 'wuckert.ansel', '(605) 620-9191 x5078', '1984-03-17', '2021-03-06 03:58:19', '2021-03-06 03:58:19'),
(1310, 'Antonia Kozey DDS', 'miracle.krajcik@rempel.com', 'ola.hilpert', '462-369-2418', '2016-05-27', '2021-03-06 03:58:19', '2021-03-06 03:58:19'),
(1311, 'Ashlee Koch', 'garret.schowalter@hotmail.com', 'ifriesen', '848.416.4981 x1105', '1994-02-27', '2021-03-06 03:58:19', '2021-03-06 03:58:19'),
(1312, 'Verona Bins Sr.', 'pasquale.ohara@botsford.com', 'alycia.hettinger', '(746) 350-9402 x620', '1973-03-22', '2021-03-06 03:58:19', '2021-03-06 03:58:19'),
(1313, 'Laron Dicki', 'orie10@block.com', 'marilyne.mcclure', '+1 (997) 725-2822', '2008-04-08', '2021-03-06 03:58:19', '2021-03-06 03:58:19'),
(1314, 'Eugene Kessler', 'callie49@hotmail.com', 'abernathy.santino', '+1-268-552-7619', '2019-04-26', '2021-03-06 03:58:19', '2021-03-06 03:58:19'),
(1315, 'Darryl Frami', 'yjaskolski@gmail.com', 'hilton.mann', '+1-759-767-5458', '2019-10-08', '2021-03-06 03:58:19', '2021-03-06 03:58:19'),
(1316, 'Gabriella O\'Reilly', 'ocassin@emmerich.com', 'hank.runolfsdottir', '262-297-9009', '2007-09-11', '2021-03-06 03:58:19', '2021-03-06 03:58:19'),
(1317, 'Armand Bayer Sr.', 'kaden.mante@pacocha.com', 'ihowe', '(230) 639-3932 x77666', '1976-11-25', '2021-03-06 03:58:19', '2021-03-06 03:58:19'),
(1318, 'Devin Hamill', 'hailie.abshire@hotmail.com', 'devante38', '+1.351.538.2875', '1986-06-07', '2021-03-06 03:58:19', '2021-03-06 03:58:19'),
(1319, 'Jacynthe Cronin', 'dkoch@schneider.com', 'tturner', '361.651.3798', '2005-11-15', '2021-03-06 03:58:19', '2021-03-06 03:58:19'),
(1320, 'Shane Beier', 'emely47@hintz.org', 'cruickshank.daron', '1-573-484-0831 x2054', '2003-02-04', '2021-03-06 03:58:19', '2021-03-06 03:58:19'),
(1321, 'Yasmeen Johns', 'kamren83@rippin.biz', 'dickens.christopher', '(787) 827-4717 x44873', '2003-01-13', '2021-03-06 03:58:19', '2021-03-06 03:58:19'),
(1322, 'Althea Carter', 'bednar.pearl@zieme.com', 'pspinka', '(801) 977-9824 x64352', '2005-12-16', '2021-03-06 03:58:19', '2021-03-06 03:58:19'),
(1323, 'Elouise Morissette', 'fhahn@hill.com', 'koelpin.nico', '1-584-470-4298 x053', '2014-12-07', '2021-03-06 03:58:19', '2021-03-06 03:58:19'),
(1324, 'Kasandra Boehm', 'ubogisich@gmail.com', 'marcellus14', '(874) 273-1100', '1972-11-20', '2021-03-06 03:58:19', '2021-03-06 03:58:19'),
(1325, 'Oma Weissnat', 'conn.treva@legros.com', 'hmarquardt', '(801) 645-5011 x562', '2018-11-15', '2021-03-06 03:58:19', '2021-03-06 03:58:19'),
(1326, 'Federico Bernier', 'torrey.schneider@gmail.com', 'auer.earnest', '(631) 519-2924', '2019-09-14', '2021-03-06 03:58:19', '2021-03-06 03:58:19'),
(1327, 'Tracey Upton II', 'scollier@dach.com', 'zemlak.carli', '1-982-247-4533 x382', '1997-09-02', '2021-03-06 03:58:19', '2021-03-06 03:58:19'),
(1328, 'Joe Wilkinson', 'elvera.christiansen@yahoo.com', 'libbie.bogisich', '+1-779-648-4410', '1994-11-01', '2021-03-06 03:58:19', '2021-03-06 03:58:19'),
(1329, 'Marlee Schneider MD', 'felicity01@yahoo.com', 'champlin.danial', '+12292645874', '2010-07-08', '2021-03-06 03:58:20', '2021-03-06 03:58:20'),
(1330, 'Megane Stamm', 'sammy23@durgan.net', 'kacey.rutherford', '1-705-623-3675 x98229', '1994-05-27', '2021-03-06 03:58:20', '2021-03-06 03:58:20'),
(1331, 'Cristian Yost', 'jcarroll@hudson.org', 'hdibbert', '+1-465-259-2497', '2012-11-11', '2021-03-06 03:58:20', '2021-03-06 03:58:20'),
(1332, 'Dr. Jonas Hyatt', 'guy.tremblay@kilback.org', 'wjaskolski', '(292) 890-2762 x29992', '1989-05-23', '2021-03-06 03:58:20', '2021-03-06 03:58:20'),
(1333, 'Kurtis Gibson', 'kari19@feest.net', 'altenwerth.hudson', '937-665-1483 x875', '2020-06-17', '2021-03-06 03:58:20', '2021-03-06 03:58:20'),
(1334, 'Dr. Raina Zieme PhD', 'wallace.graham@gmail.com', 'lindsay.johnston', '(279) 907-9911 x839', '2010-03-27', '2021-03-06 03:58:20', '2021-03-06 03:58:20'),
(1335, 'Delta Jacobs', 'orpha.beer@yahoo.com', 'summer48', '878-710-2396 x03108', '1973-10-01', '2021-03-06 03:58:20', '2021-03-06 03:58:20'),
(1336, 'Cecile Schuster', 'sophie79@hotmail.com', 'arely95', '(848) 568-9665 x956', '2000-04-27', '2021-03-06 03:58:20', '2021-03-06 03:58:20'),
(1337, 'Miss Brenna Boyer V', 'jennifer47@gmail.com', 'lesch.jackson', '(851) 537-7352', '1983-04-01', '2021-03-06 03:58:20', '2021-03-06 03:58:20'),
(1338, 'Dejon Grant', 'ankunding.karl@ratke.com', 'eladio.yost', '982-675-7388 x684', '1979-03-12', '2021-03-06 03:58:20', '2021-03-06 03:58:20'),
(1339, 'Miss Lilliana Stiedemann', 'jacynthe67@hickle.net', 'whilpert', '(784) 405-0667 x8810', '1972-07-15', '2021-03-06 03:58:20', '2021-03-06 03:58:20'),
(1340, 'Krystel Ruecker', 'missouri.langosh@gmail.com', 'cristal36', '(860) 262-9009', '2012-01-26', '2021-03-06 03:58:20', '2021-03-06 03:58:20'),
(1341, 'Dr. Erick Mueller', 'nswaniawski@bartell.com', 'kgutmann', '(919) 736-3919 x9686', '1991-12-05', '2021-03-06 03:58:20', '2021-03-06 03:58:20'),
(1342, 'Vita Heaney', 'opal54@yahoo.com', 'brianne.terry', '378-910-4456 x3693', '1984-06-28', '2021-03-06 03:58:20', '2021-03-06 03:58:20'),
(1343, 'Roscoe Senger V', 'dietrich.edna@greenfelder.net', 'hegmann.elva', '793-695-4736', '1976-08-28', '2021-03-06 03:58:20', '2021-03-06 03:58:20'),
(1344, 'Mr. Wellington Eichmann', 'stevie.rohan@botsford.net', 'pete22', '810-769-9093 x01511', '2013-09-05', '2021-03-06 03:58:20', '2021-03-06 03:58:20'),
(1345, 'Renee Reinger', 'gerda51@hotmail.com', 'ken.lueilwitz', '1-282-564-2055 x2341', '2003-09-18', '2021-03-06 03:58:20', '2021-03-06 03:58:20'),
(1346, 'Carolyn Ebert II', 'toy.abbott@dickens.com', 'eldora05', '408.519.2329 x651', '1976-04-03', '2021-03-06 03:58:20', '2021-03-06 03:58:20'),
(1347, 'Dr. Zelma Bins', 'carmine14@hotmail.com', 'barry16', '+1-841-304-3955', '2019-10-06', '2021-03-06 03:58:20', '2021-03-06 03:58:20'),
(1348, 'Jaquan Funk', 'hipolito64@dibbert.com', 'rutherford.makenna', '+1-637-507-6641', '1970-06-13', '2021-03-06 03:58:20', '2021-03-06 03:58:20'),
(1349, 'Dr. Nikolas O\'Reilly I', 'alba.renner@corkery.org', 'aufderhar.genesis', '+13104190792', '1983-03-24', '2021-03-06 03:58:20', '2021-03-06 03:58:20'),
(1350, 'Dr. Mikel Reichert', 'ebeatty@casper.com', 'donna.luettgen', '(812) 548-5479 x426', '1998-01-01', '2021-03-06 03:58:20', '2021-03-06 03:58:20'),
(1351, 'Dr. Garnet Monahan DVM', 'cronin.emery@yahoo.com', 'edd85', '1-228-984-8278 x88050', '2003-08-23', '2021-03-06 03:58:20', '2021-03-06 03:58:20'),
(1352, 'Dr. Myrl Kulas III', 'jaden38@hotmail.com', 'ritchie.darryl', '848.815.0801 x4981', '1993-10-21', '2021-03-06 03:58:21', '2021-03-06 03:58:21'),
(1353, 'Dr. Providenci Kiehn Sr.', 'jameson92@padberg.com', 'phoppe', '(358) 318-3681', '2011-03-29', '2021-03-06 03:58:21', '2021-03-06 03:58:21'),
(1354, 'Prof. Berry Kassulke', 'jamar.willms@bins.com', 'angela23', '+1 (808) 495-8616', '1980-10-12', '2021-03-06 03:58:21', '2021-03-06 03:58:21'),
(1355, 'Kiana Keebler DDS', 'vledner@fisher.com', 'barrows.myrtis', '915-399-1943 x2512', '1992-03-21', '2021-03-06 03:58:21', '2021-03-06 03:58:21'),
(1356, 'Delmer Maggio', 'hemard@hotmail.com', 'fnitzsche', '1-325-982-4935 x4148', '1992-12-29', '2021-03-06 03:58:21', '2021-03-06 03:58:21'),
(1357, 'Dr. Reanna Rau Jr.', 'sandra.rempel@gmail.com', 'eichmann.carroll', '493.365.8210', '2013-05-14', '2021-03-06 03:58:21', '2021-03-06 03:58:21'),
(1358, 'Idell Strosin', 'mills.jovany@yahoo.com', 'kuhic.edyth', '404.379.2137 x6558', '1993-09-30', '2021-03-06 03:58:21', '2021-03-06 03:58:21'),
(1359, 'Torey Zemlak', 'ipowlowski@yahoo.com', 'dora.wolf', '+1 (621) 712-4519', '1980-11-20', '2021-03-06 03:58:21', '2021-03-06 03:58:21'),
(1360, 'Dr. Mauricio Feeney', 'corwin.marquise@mills.biz', 'gail71', '481.412.0853 x2710', '1972-06-14', '2021-03-06 03:58:21', '2021-03-06 03:58:21'),
(1361, 'Camren Kerluke DVM', 'marcelo.mcdermott@yahoo.com', 'lschroeder', '692-439-4901 x29856', '1988-06-25', '2021-03-06 03:58:21', '2021-03-06 03:58:21'),
(1362, 'Dr. Shany Leffler IV', 'retta.walter@hoppe.com', 'ludwig61', '240-806-7628 x91371', '1988-10-01', '2021-03-06 03:58:21', '2021-03-06 03:58:21'),
(1363, 'Jules Keeling', 'zemard@damore.com', 'richard.lakin', '(326) 938-1445 x58160', '2016-01-13', '2021-03-06 03:58:21', '2021-03-06 03:58:21'),
(1364, 'Ms. Florine Feest IV', 'ucollier@renner.biz', 'dorthy.conroy', '572.451.2218 x8371', '1983-06-28', '2021-03-06 03:58:21', '2021-03-06 03:58:21');
INSERT INTO `students` (`id`, `name`, `email`, `username`, `phone`, `dob`, `created_at`, `updated_at`) VALUES
(1365, 'Jaylon VonRueden I', 'qschultz@schaden.org', 'ava36', '1-767-541-0915', '1986-11-17', '2021-03-06 03:58:21', '2021-03-06 03:58:21'),
(1366, 'Ms. Maritza Stehr DVM', 'nathen30@hotmail.com', 'eden20', '1-509-699-7030', '2002-10-18', '2021-03-06 03:58:21', '2021-03-06 03:58:21'),
(1367, 'Ines Farrell', 'ccrooks@murphy.com', 'wkreiger', '1-453-946-8350 x776', '2001-08-12', '2021-03-06 03:58:21', '2021-03-06 03:58:21'),
(1368, 'Herminio Hickle', 'retha.lemke@kautzer.info', 'xkoss', '+14213385750', '2002-01-24', '2021-03-06 03:58:21', '2021-03-06 03:58:21'),
(1369, 'Mrs. Neva Murazik V', 'fanderson@beier.com', 'jazmyne.feest', '1-254-943-9933', '2017-04-12', '2021-03-06 03:58:21', '2021-03-06 03:58:21'),
(1370, 'Nicolas Wolff', 'isaac25@yahoo.com', 'kamren.batz', '230.430.7647', '2019-01-01', '2021-03-06 03:58:21', '2021-03-06 03:58:21'),
(1371, 'Ines Brown V', 'monahan.kyleigh@hotmail.com', 'susanna62', '276-779-1532 x71236', '1983-09-15', '2021-03-06 03:58:21', '2021-03-06 03:58:21'),
(1372, 'Prof. Erik Cummerata Jr.', 'fredrick.kemmer@zulauf.com', 'cummings.adelia', '+17824401829', '1983-08-25', '2021-03-06 03:58:21', '2021-03-06 03:58:21'),
(1373, 'Clay Fisher', 'anahi.maggio@hotmail.com', 'lenna.schmidt', '538.449.0992 x317', '2010-07-30', '2021-03-06 03:58:22', '2021-03-06 03:58:22'),
(1374, 'Mr. Conrad D\'Amore', 'armando22@vonrueden.com', 'itzel.lubowitz', '1-532-882-1339 x0227', '1970-12-15', '2021-03-06 03:58:22', '2021-03-06 03:58:22'),
(1375, 'Micah VonRueden', 'mrutherford@ortiz.com', 'mheathcote', '508.936.3266', '1974-07-30', '2021-03-06 03:58:22', '2021-03-06 03:58:22'),
(1376, 'Vickie Goldner PhD', 'sam.gleason@hotmail.com', 'jmitchell', '+19014364624', '2006-09-22', '2021-03-06 03:58:22', '2021-03-06 03:58:22'),
(1377, 'Dr. Darren Abernathy', 'volkman.glenna@yahoo.com', 'cartwright.eloy', '763-653-7474 x4465', '1991-08-06', '2021-03-06 03:58:22', '2021-03-06 03:58:22'),
(1378, 'Delta Satterfield', 'lebsack.johnathan@lakin.net', 'rrath', '537.529.1833', '2008-06-04', '2021-03-06 03:58:22', '2021-03-06 03:58:22'),
(1379, 'Ms. Breanna Cartwright Sr.', 'alfonzo73@hoeger.com', 'einar88', '642.717.3331', '1978-02-04', '2021-03-06 03:58:22', '2021-03-06 03:58:22'),
(1380, 'Ms. Mariana Douglas', 'shammes@hotmail.com', 'volkman.beatrice', '1-850-835-4723', '1996-12-01', '2021-03-06 03:58:22', '2021-03-06 03:58:22'),
(1381, 'Brian Schneider', 'reilly.lauren@hotmail.com', 'eileen04', '+19677338129', '1983-12-17', '2021-03-06 03:58:22', '2021-03-06 03:58:22'),
(1382, 'Rashad Fay', 'consuelo96@yahoo.com', 'jabernathy', '+1-951-282-5241', '2013-01-24', '2021-03-06 03:58:22', '2021-03-06 03:58:22'),
(1383, 'Rick Crist', 'torphy.alyce@brekke.com', 'murphy.raven', '+1.889.410.6322', '1983-04-26', '2021-03-06 03:58:22', '2021-03-06 03:58:22'),
(1384, 'Dr. Delaney Bergstrom DVM', 'pheathcote@hoeger.org', 'abraham.hauck', '309-675-1880', '2008-10-10', '2021-03-06 03:58:22', '2021-03-06 03:58:22'),
(1385, 'Candice Braun', 'emmanuel.collins@rath.com', 'nathen95', '376.528.5971 x9475', '1976-12-25', '2021-03-06 03:58:22', '2021-03-06 03:58:22'),
(1386, 'Maybell Rutherford', 'legros.evie@hermiston.biz', 'cristal00', '(470) 961-1535', '2001-08-12', '2021-03-06 03:58:22', '2021-03-06 03:58:22'),
(1387, 'Mr. Hector Ebert', 'gino.bechtelar@bode.com', 'runte.hanna', '279-912-2959', '1988-07-03', '2021-03-06 03:58:22', '2021-03-06 03:58:22'),
(1388, 'Wilford Mohr V', 'simone87@yahoo.com', 'kaylah38', '369-505-8123 x5098', '2006-02-14', '2021-03-06 03:58:22', '2021-03-06 03:58:22'),
(1389, 'Everardo Luettgen', 'kamille61@gmail.com', 'marianne.larkin', '(523) 614-9958', '1977-06-16', '2021-03-06 03:58:22', '2021-03-06 03:58:22'),
(1390, 'Mrs. Amaya Wintheiser I', 'xmacejkovic@wolff.info', 'macejkovic.amira', '304.458.2200 x1541', '2007-06-18', '2021-03-06 03:58:22', '2021-03-06 03:58:22'),
(1391, 'Arno Donnelly', 'emerson.deckow@hotmail.com', 'yvonne.brown', '784.663.4730 x79727', '2011-04-11', '2021-03-06 03:58:22', '2021-03-06 03:58:22'),
(1392, 'Giovanna Keeling', 'ystamm@howell.com', 'imurazik', '(527) 345-0346', '1991-02-08', '2021-03-06 03:58:22', '2021-03-06 03:58:22'),
(1393, 'Miss Abbie Gusikowski', 'walter.norberto@gmail.com', 'jeff76', '+13866961776', '2013-04-06', '2021-03-06 03:58:22', '2021-03-06 03:58:22'),
(1394, 'Arvilla Bahringer V', 'bweissnat@yahoo.com', 'xbeier', '1-486-745-1550 x91459', '2008-06-03', '2021-03-06 03:58:22', '2021-03-06 03:58:22'),
(1395, 'Sophia Pacocha', 'ghilpert@hotmail.com', 'lue.mante', '(380) 351-5513', '1984-01-25', '2021-03-06 03:58:22', '2021-03-06 03:58:22'),
(1396, 'Mr. Chad Gutmann', 'wolff.selmer@mckenzie.com', 'amos.collins', '(949) 261-4641', '1995-02-03', '2021-03-06 03:58:22', '2021-03-06 03:58:22'),
(1397, 'Dr. Dino Gerhold IV', 'rebeka.mcdermott@will.com', 'sandra.heathcote', '375-820-3828', '1975-06-19', '2021-03-06 03:58:22', '2021-03-06 03:58:22'),
(1398, 'Dr. Donavon Kuhlman', 'jaren.anderson@yahoo.com', 'maurine52', '+1-692-272-2439', '1982-03-20', '2021-03-06 03:58:22', '2021-03-06 03:58:22'),
(1399, 'Dr. Abner Howe II', 'yoshiko93@hotmail.com', 'stracke.alyson', '643-976-0803 x9598', '1981-04-08', '2021-03-06 03:58:23', '2021-03-06 03:58:23'),
(1400, 'Cecil Beier', 'zola83@hauck.biz', 'vgoyette', '279.401.9164 x404', '1991-01-07', '2021-03-06 03:58:23', '2021-03-06 03:58:23'),
(1401, 'Carley Nitzsche', 'charity37@mante.net', 'jeffery84', '247-874-3002', '2000-04-29', '2021-03-06 03:58:23', '2021-03-06 03:58:23'),
(1402, 'Torrey Durgan', 'rahul68@satterfield.com', 'adams.annabel', '951.875.2763 x8402', '1970-06-16', '2021-03-06 03:58:23', '2021-03-06 03:58:23'),
(1403, 'Ernest Schmitt Sr.', 'langworth.antwon@gmail.com', 'funk.lysanne', '(579) 314-3397 x84402', '2007-09-25', '2021-03-06 03:58:23', '2021-03-06 03:58:23'),
(1404, 'Tremayne Ruecker', 'bashirian.jalen@gmail.com', 'zbarton', '+1-587-862-2541', '1982-11-02', '2021-03-06 03:58:23', '2021-03-06 03:58:23'),
(1405, 'Keith Gorczany', 'rau.raleigh@hotmail.com', 'fstiedemann', '593-640-0507', '2000-12-19', '2021-03-06 03:58:23', '2021-03-06 03:58:23'),
(1406, 'Celestine Jacobson', 'hilpert.tatum@adams.com', 'keebler.german', '+16316741510', '2008-06-15', '2021-03-06 03:58:23', '2021-03-06 03:58:23'),
(1407, 'Linda Funk', 'ardella79@hotmail.com', 'macejkovic.maddison', '+13093307014', '2009-11-03', '2021-03-06 03:58:23', '2021-03-06 03:58:23'),
(1408, 'Mr. Wallace Feest', 'murazik.cecile@gmail.com', 'oswald94', '432.421.9671 x7788', '2012-08-11', '2021-03-06 03:58:23', '2021-03-06 03:58:23'),
(1409, 'Mallie Fadel', 'lkoelpin@hotmail.com', 'mayert.germaine', '(402) 826-2922 x0399', '1979-03-09', '2021-03-06 03:58:23', '2021-03-06 03:58:23'),
(1410, 'Tianna Champlin', 'pattie.oreilly@emmerich.com', 'annabelle.gulgowski', '+19305907901', '1986-02-10', '2021-03-06 03:58:23', '2021-03-06 03:58:23'),
(1411, 'Dr. Jay Okuneva', 'jena.mante@gmail.com', 'baumbach.sigmund', '(719) 346-1998 x4119', '1987-06-28', '2021-03-06 03:58:23', '2021-03-06 03:58:23'),
(1412, 'Spencer Orn Jr.', 'krajcik.candida@mclaughlin.com', 'scummerata', '1-885-944-2578 x269', '2004-11-30', '2021-03-06 03:58:23', '2021-03-06 03:58:23'),
(1413, 'Dr. Albin Harber', 'alang@shanahan.org', 'claudine.fahey', '271-878-4955 x807', '2002-06-07', '2021-03-06 03:58:23', '2021-03-06 03:58:23'),
(1414, 'Miss Nikki Roberts', 'jerad50@hotmail.com', 'rhyatt', '1-547-459-3158', '1993-07-12', '2021-03-06 03:58:23', '2021-03-06 03:58:23'),
(1415, 'Carrie Rohan', 'wilhelmine.weber@hotmail.com', 'raheem45', '(773) 813-9101 x532', '1981-04-09', '2021-03-06 03:58:23', '2021-03-06 03:58:23'),
(1416, 'Chelsey Terry', 'molly13@gmail.com', 'csenger', '1-606-908-4203 x720', '1974-01-19', '2021-03-06 03:58:23', '2021-03-06 03:58:23'),
(1417, 'Kyleigh VonRueden MD', 'marge11@gmail.com', 'ogulgowski', '1-209-948-2557 x8351', '1989-02-18', '2021-03-06 03:58:23', '2021-03-06 03:58:23'),
(1418, 'Guido Schultz', 'merle89@yahoo.com', 'gino.leannon', '475.440.2244', '2013-12-19', '2021-03-06 03:58:23', '2021-03-06 03:58:23'),
(1419, 'Aiden Lynch', 'eda.collins@gmail.com', 'gaylord.toni', '(421) 800-4887 x0548', '2002-07-07', '2021-03-06 03:58:23', '2021-03-06 03:58:23'),
(1420, 'Bertrand Breitenberg', 'magnolia.damore@hotmail.com', 'bkulas', '(629) 968-5810 x4894', '1998-05-13', '2021-03-06 03:58:23', '2021-03-06 03:58:23'),
(1421, 'Hazle Schuster', 'akemmer@gmail.com', 'hill.jonatan', '(605) 608-2559', '2006-07-03', '2021-03-06 03:58:23', '2021-03-06 03:58:23'),
(1422, 'Marcelino Reynolds', 'laverna56@greenfelder.com', 'chandler38', '669-946-1467', '1970-12-28', '2021-03-06 03:58:23', '2021-03-06 03:58:23'),
(1423, 'Glen O\'Reilly', 'emelie.batz@raynor.net', 'jedediah.weissnat', '748.965.9671 x583', '2014-10-03', '2021-03-06 03:58:23', '2021-03-06 03:58:23'),
(1424, 'Jerald Ferry I', 'ruecker.dayna@hotmail.com', 'lempi02', '742.900.1041 x49423', '1978-05-19', '2021-03-06 03:58:23', '2021-03-06 03:58:23'),
(1425, 'Mr. Garret Kuhlman MD', 'cristian.mcglynn@runte.com', 'ledner.dangelo', '896-917-0587', '1976-10-12', '2021-03-06 03:58:23', '2021-03-06 03:58:23'),
(1426, 'Coy Hagenes', 'tess69@hotmail.com', 'wiegand.francesca', '508.477.8359 x5909', '2018-11-29', '2021-03-06 03:58:23', '2021-03-06 03:58:23'),
(1427, 'Issac Kovacek I', 'nernser@gmail.com', 'donna.gibson', '1-493-618-2349 x285', '1979-03-02', '2021-03-06 03:58:23', '2021-03-06 03:58:23'),
(1428, 'Leonard Lesch PhD', 'russel.isac@auer.org', 'nwill', '+18892875088', '2019-06-07', '2021-03-06 03:58:23', '2021-03-06 03:58:23'),
(1429, 'Caleb Bahringer', 'lisa87@gmail.com', 'talon44', '(292) 585-4186 x348', '1977-03-04', '2021-03-06 03:58:23', '2021-03-06 03:58:23'),
(1430, 'Ms. Vickie Roob', 'judson.veum@gmail.com', 'langosh.winifred', '1-614-665-7110 x04176', '1986-12-29', '2021-03-06 03:58:24', '2021-03-06 03:58:24'),
(1431, 'Camila Thiel', 'sschneider@gmail.com', 'alycia.hodkiewicz', '992.698.8000', '1970-02-18', '2021-03-06 03:58:24', '2021-03-06 03:58:24'),
(1432, 'Prof. Payton Reilly', 'bschinner@murazik.com', 'rutherford.marcia', '875-708-4613 x504', '1974-01-13', '2021-03-06 03:58:24', '2021-03-06 03:58:24'),
(1433, 'Ms. Gwendolyn Nienow', 'douglas.alessia@yahoo.com', 'marlen59', '(557) 670-0484 x3248', '2019-08-08', '2021-03-06 03:58:24', '2021-03-06 03:58:24'),
(1434, 'Dr. Brycen Jacobs I', 'ijacobs@gmail.com', 'mitchell.olaf', '548-412-7213 x057', '1983-05-17', '2021-03-06 03:58:24', '2021-03-06 03:58:24'),
(1435, 'Easton Huel I', 'pfeffer.amya@yahoo.com', 'alec11', '+1-585-534-8858', '1988-11-03', '2021-03-06 03:58:24', '2021-03-06 03:58:24'),
(1436, 'Maybell Okuneva', 'gaetano.kilback@hotmail.com', 'ularkin', '(931) 277-2467', '1983-05-13', '2021-03-06 03:58:24', '2021-03-06 03:58:24'),
(1437, 'Miss Kavon Keebler DVM', 'qshields@hotmail.com', 'gregg.zboncak', '918-716-4939', '2008-06-26', '2021-03-06 03:58:24', '2021-03-06 03:58:24'),
(1438, 'Collin Pfeffer', 'gene.weissnat@franecki.org', 'christian.price', '483-735-9665 x7103', '1979-02-01', '2021-03-06 03:58:24', '2021-03-06 03:58:24'),
(1439, 'Michaela Gorczany', 'walter.ethyl@goldner.com', 'lexie.koelpin', '698-974-8527 x718', '2020-01-22', '2021-03-06 03:58:24', '2021-03-06 03:58:24'),
(1440, 'Katelyn Adams Jr.', 'fsauer@mcclure.info', 'mazie57', '214-784-7145 x816', '1993-01-16', '2021-03-06 03:58:24', '2021-03-06 03:58:24'),
(1441, 'Mrs. Zoe Kemmer Jr.', 'estella77@bahringer.biz', 'ophelia43', '1-992-845-7377 x91479', '1981-05-22', '2021-03-06 03:58:24', '2021-03-06 03:58:24'),
(1442, 'Mrs. Luna Hansen II', 'cartwright.hillary@schowalter.com', 'murphy.amara', '592-691-8886 x17409', '1995-04-26', '2021-03-06 03:58:24', '2021-03-06 03:58:24'),
(1443, 'Jennie Herman', 'uberge@becker.com', 'estella.purdy', '238.585.8799', '2020-11-30', '2021-03-06 03:58:24', '2021-03-06 03:58:24'),
(1444, 'Mr. Toy Maggio II', 'ypfeffer@gmail.com', 'zoe.cartwright', '956-902-1590 x548', '1995-06-12', '2021-03-06 03:58:24', '2021-03-06 03:58:24'),
(1445, 'Elisabeth Armstrong', 'zita.balistreri@hotmail.com', 'princess58', '1-638-507-2466 x55205', '1973-02-24', '2021-03-06 03:58:24', '2021-03-06 03:58:24'),
(1446, 'Ellis McClure', 'rupert88@hotmail.com', 'annabelle.adams', '572-488-9808 x137', '1985-02-06', '2021-03-06 03:58:24', '2021-03-06 03:58:24'),
(1447, 'Cade Gerlach', 'terrell12@ondricka.biz', 'homenick.jordi', '761.813.8568 x45529', '1987-01-27', '2021-03-06 03:58:24', '2021-03-06 03:58:24'),
(1448, 'Janice Rohan', 'uoreilly@gmail.com', 'ivy.reilly', '+1-734-919-1891', '1994-11-03', '2021-03-06 03:58:24', '2021-03-06 03:58:24'),
(1449, 'Heber Glover', 'bjohns@gmail.com', 'callie07', '+1.502.912.2007', '2004-02-27', '2021-03-06 03:58:24', '2021-03-06 03:58:24'),
(1450, 'Callie Thiel', 'janie.bogan@gislason.com', 'tyrel.lesch', '(560) 468-9576 x66216', '2020-04-27', '2021-03-06 03:58:24', '2021-03-06 03:58:24'),
(1451, 'Dr. Augustus Dickinson', 'vbogan@hotmail.com', 'prosacco.caden', '1-805-641-8733', '1997-03-24', '2021-03-06 03:58:24', '2021-03-06 03:58:24'),
(1452, 'Mrs. Lue Ziemann DDS', 'bahringer.valentine@langworth.biz', 'ebony58', '219.977.7547 x39668', '1974-07-28', '2021-03-06 03:58:24', '2021-03-06 03:58:24'),
(1453, 'London Ward', 'ijones@gmail.com', 'maybelle.waters', '530-554-9259', '2016-03-21', '2021-03-06 03:58:24', '2021-03-06 03:58:24'),
(1454, 'Kieran Jerde', 'schamberger.dina@howe.com', 'reichel.abby', '1-574-690-9415 x430', '2015-06-19', '2021-03-06 03:58:24', '2021-03-06 03:58:24'),
(1455, 'Mr. Boris Witting II', 'emely.zulauf@gmail.com', 'nikita.fadel', '+1-237-872-4287', '2015-09-29', '2021-03-06 03:58:24', '2021-03-06 03:58:24'),
(1456, 'Margaretta Satterfield', 'corrine10@mante.com', 'ledner.laurie', '279.664.7646 x818', '1984-10-19', '2021-03-06 03:58:24', '2021-03-06 03:58:24'),
(1457, 'Dr. Sid Abernathy II', 'micaela.schowalter@reinger.org', 'moore.vella', '+17365306309', '1978-02-19', '2021-03-06 03:58:25', '2021-03-06 03:58:25'),
(1458, 'Brandt Murazik', 'sally.leuschke@yost.com', 'zieme.kole', '1-280-834-1382', '1975-02-13', '2021-03-06 03:58:25', '2021-03-06 03:58:25'),
(1459, 'Prof. Stefan Rosenbaum', 'ahirthe@yahoo.com', 'jaren.keeling', '1-296-392-3832 x554', '2008-05-15', '2021-03-06 03:58:25', '2021-03-06 03:58:25'),
(1460, 'Prof. Vince Gerhold', 'rodrigo94@gmail.com', 'cremin.providenci', '+17243329553', '2020-04-12', '2021-03-06 03:58:25', '2021-03-06 03:58:25'),
(1461, 'Dannie Stehr', 'cormier.francisco@pacocha.com', 'cassandre04', '351-390-0204', '2018-08-05', '2021-03-06 03:58:25', '2021-03-06 03:58:25'),
(1462, 'Elwyn Miller', 'samantha82@gmail.com', 'yost.ryann', '(856) 398-6565', '1991-08-14', '2021-03-06 03:58:25', '2021-03-06 03:58:25'),
(1463, 'Carlotta Batz II', 'hand.eusebio@hotmail.com', 'irwin.marquardt', '+15768003979', '1974-10-04', '2021-03-06 03:58:25', '2021-03-06 03:58:25'),
(1464, 'Halie Deckow', 'austen31@predovic.com', 'george57', '685-856-1090 x86862', '2011-07-30', '2021-03-06 03:58:25', '2021-03-06 03:58:25'),
(1465, 'Madaline Huels', 'moshe19@buckridge.com', 'hegmann.ethelyn', '+1.790.540.2418', '2001-02-12', '2021-03-06 03:58:25', '2021-03-06 03:58:25'),
(1466, 'Prof. Juston Davis MD', 'murray41@murazik.net', 'cordell.kertzmann', '548.210.9158', '1973-03-15', '2021-03-06 03:58:25', '2021-03-06 03:58:25'),
(1467, 'Dr. Bart Hayes III', 'jodie.herzog@yahoo.com', 'magnolia.crist', '319.949.4040', '1977-11-08', '2021-03-06 03:58:25', '2021-03-06 03:58:25'),
(1468, 'Roosevelt Lubowitz', 'andrew42@gmail.com', 'janet.nitzsche', '415.637.7330 x361', '2013-05-27', '2021-03-06 03:58:25', '2021-03-06 03:58:25'),
(1469, 'Cheyanne Upton DVM', 'sgoyette@yahoo.com', 'morar.sabrina', '498-396-1617', '2004-04-26', '2021-03-06 03:58:25', '2021-03-06 03:58:25'),
(1470, 'Florine Johns', 'edamore@murray.com', 'novella.christiansen', '1-747-804-2982 x4994', '1980-09-26', '2021-03-06 03:58:25', '2021-03-06 03:58:25'),
(1471, 'Elizabeth Osinski', 'swindler@kuhic.com', 'koch.serena', '687.266.9432 x7297', '2003-02-16', '2021-03-06 03:58:25', '2021-03-06 03:58:25'),
(1472, 'Marlon Rempel DDS', 'tamara38@willms.org', 'lula31', '260-450-6990 x50157', '1997-10-29', '2021-03-06 03:58:25', '2021-03-06 03:58:25'),
(1473, 'Juvenal Schuster', 'bbernhard@watsica.com', 'fsanford', '+15545376155', '1973-08-31', '2021-03-06 03:58:25', '2021-03-06 03:58:25'),
(1474, 'Amelia Mohr', 'violette.cronin@rosenbaum.com', 'emard.lydia', '423-324-6612 x20316', '1996-01-25', '2021-03-06 03:58:25', '2021-03-06 03:58:25'),
(1475, 'Lane Leuschke', 'wuckert.audreanne@yahoo.com', 'reid.sporer', '(636) 515-5726', '2009-08-23', '2021-03-06 03:58:25', '2021-03-06 03:58:25'),
(1476, 'Jonas Ullrich V', 'christiana66@hotmail.com', 'freddie16', '952-597-6274 x077', '2001-03-29', '2021-03-06 03:58:25', '2021-03-06 03:58:25'),
(1477, 'Citlalli McLaughlin', 'daniel.nolan@yahoo.com', 'kcrooks', '+1 (921) 209-8718', '2016-06-16', '2021-03-06 03:58:25', '2021-03-06 03:58:25'),
(1478, 'Jackie Dach', 'norwood30@yahoo.com', 'rupert.ohara', '716-930-5458 x4547', '1978-07-11', '2021-03-06 03:58:25', '2021-03-06 03:58:25'),
(1479, 'Mr. Harrison Carter', 'swalker@gmail.com', 'xbahringer', '(235) 982-5543', '1980-05-22', '2021-03-06 03:58:25', '2021-03-06 03:58:25'),
(1480, 'Dr. Guido McKenzie', 'pbrown@hotmail.com', 'shannon.bednar', '754.554.2691 x506', '1986-08-06', '2021-03-06 03:58:25', '2021-03-06 03:58:25'),
(1481, 'Mr. Clovis Doyle I', 'martin67@gmail.com', 'gerard.weber', '1-819-327-9531 x3783', '1974-01-10', '2021-03-06 03:58:25', '2021-03-06 03:58:25'),
(1482, 'Gunnar Heaney', 'zrenner@pollich.com', 'zblock', '834.605.1018 x04181', '2019-10-10', '2021-03-06 03:58:25', '2021-03-06 03:58:25'),
(1483, 'Ms. Patience Breitenberg III', 'astark@wilderman.com', 'kennedi49', '850.995.5849 x518', '1994-07-25', '2021-03-06 03:58:25', '2021-03-06 03:58:25'),
(1484, 'Ewell Runolfsdottir', 'veum.christina@gmail.com', 'kerluke.griffin', '419-878-0680', '1988-10-30', '2021-03-06 03:58:25', '2021-03-06 03:58:25'),
(1485, 'Mr. Bertha Zieme DVM', 'corwin.dawson@gmail.com', 'wehner.nadia', '1-569-583-9170', '1996-09-10', '2021-03-06 03:58:26', '2021-03-06 03:58:26'),
(1486, 'Enola Huels', 'bgrimes@yahoo.com', 'kilback.joana', '571-734-2546 x25582', '1991-03-21', '2021-03-06 03:58:26', '2021-03-06 03:58:26'),
(1487, 'Ethelyn Ziemann', 'nmaggio@beahan.com', 'adaline59', '(362) 371-2256 x844', '2010-04-21', '2021-03-06 03:58:26', '2021-03-06 03:58:26'),
(1488, 'Corrine Kuphal DDS', 'kyleigh.lemke@hotmail.com', 'octavia.bernhard', '+1-263-669-1339', '1996-09-08', '2021-03-06 03:58:26', '2021-03-06 03:58:26'),
(1489, 'Mr. Floy Swaniawski IV', 'opal.cronin@rippin.org', 'eboyer', '1-204-757-2725 x807', '2002-09-11', '2021-03-06 03:58:26', '2021-03-06 03:58:26'),
(1490, 'Mrs. Valentina Dibbert V', 'winnifred.russel@homenick.com', 'edd36', '+1-745-546-3114', '1989-05-17', '2021-03-06 03:58:26', '2021-03-06 03:58:26'),
(1491, 'Myah Abbott', 'autumn58@hotmail.com', 'aheller', '485.973.8952', '2020-07-15', '2021-03-06 03:58:26', '2021-03-06 03:58:26'),
(1492, 'Keaton Hand PhD', 'athena63@lebsack.com', 'kaylin39', '1-545-727-0135 x51553', '2016-09-14', '2021-03-06 03:58:26', '2021-03-06 03:58:26'),
(1493, 'Nola Dickens Sr.', 'damore.chasity@gmail.com', 'casimer45', '(508) 395-8617 x421', '1991-12-06', '2021-03-06 03:58:26', '2021-03-06 03:58:26'),
(1494, 'Mrs. Adela Romaguera II', 'stiedemann.nia@davis.org', 'jessika87', '667-708-4639 x88861', '1992-05-05', '2021-03-06 03:58:26', '2021-03-06 03:58:26'),
(1495, 'Mr. Emil Oberbrunner', 'rosenbaum.tanya@abernathy.org', 'toy.josiane', '+1 (878) 791-0685', '1983-06-04', '2021-03-06 03:58:26', '2021-03-06 03:58:26'),
(1496, 'Agustin DuBuque', 'zhagenes@cremin.net', 'ugleason', '950-202-6445 x679', '1996-01-08', '2021-03-06 03:58:26', '2021-03-06 03:58:26'),
(1497, 'Miss Destany Hauck V', 'rhilpert@yahoo.com', 'ahansen', '(791) 204-8285 x3285', '2011-10-25', '2021-03-06 03:58:26', '2021-03-06 03:58:26'),
(1498, 'Kurtis Cummings', 'arempel@stiedemann.net', 'vtowne', '558-614-9136', '2010-02-27', '2021-03-06 03:58:26', '2021-03-06 03:58:26'),
(1499, 'Veronica Kilback DVM', 'kenna34@turcotte.net', 'helga18', '749-875-7121 x71613', '2020-05-16', '2021-03-06 03:58:26', '2021-03-06 03:58:26'),
(1500, 'Dr. Terrell Schroeder III', 'powlowski.pattie@bahringer.com', 'serenity50', '+1-993-637-8905', '1997-05-16', '2021-03-06 03:58:26', '2021-03-06 03:58:26'),
(1501, 'Gillian Kassulke', 'wschultz@wiza.com', 'hartmann.ryann', '323-418-2261', '2010-11-06', '2021-03-06 03:58:26', '2021-03-06 03:58:26'),
(1502, 'Mr. Wilburn Boehm', 'tyrell.smith@yahoo.com', 'rodrigo.spinka', '1-506-868-4613 x06790', '1998-10-04', '2021-03-06 03:58:26', '2021-03-06 03:58:26'),
(1503, 'Blair Bruen', 'lemke.naomie@mosciski.org', 'tveum', '+1-501-908-8448', '2006-02-22', '2021-03-06 03:58:26', '2021-03-06 03:58:26'),
(1504, 'Mr. Jovani Marquardt III', 'harmon.upton@schmidt.info', 'qmarquardt', '+1 (534) 992-9408', '1997-10-11', '2021-03-06 03:58:26', '2021-03-06 03:58:26'),
(1505, 'Janet Douglas', 'goyette.eliza@hotmail.com', 'qvandervort', '1-249-726-0104 x11140', '2005-07-02', '2021-03-06 03:58:26', '2021-03-06 03:58:26'),
(1506, 'Jarrell Hegmann', 'pacocha.jake@yahoo.com', 'justen32', '906-363-9864 x5777', '1993-05-20', '2021-03-06 03:58:26', '2021-03-06 03:58:26'),
(1507, 'Miss Susana Mertz V', 'soledad01@bode.com', 'breitenberg.vincent', '1-907-468-9419', '1995-07-28', '2021-03-06 03:58:26', '2021-03-06 03:58:26'),
(1508, 'Mrs. Suzanne Hills', 'alisa.satterfield@kulas.com', 'blanche50', '+1-894-701-8702', '1974-08-21', '2021-03-06 03:58:26', '2021-03-06 03:58:26'),
(1509, 'Ms. Emilia Mayert', 'fritsch.annie@schinner.info', 'andre.price', '(590) 982-0581 x1176', '1993-03-06', '2021-03-06 03:58:27', '2021-03-06 03:58:27'),
(1510, 'Burley Rutherford', 'enoch94@brakus.com', 'sage.block', '413.374.5441', '2003-03-06', '2021-03-06 03:58:27', '2021-03-06 03:58:27'),
(1511, 'Forest Zulauf', 'shany.shanahan@gmail.com', 'eunice.veum', '1-284-412-5829', '1987-04-01', '2021-03-06 03:58:27', '2021-03-06 03:58:27'),
(1512, 'Jordy Hoeger', 'missouri.zulauf@collier.com', 'mconsidine', '534.318.6564 x57979', '1995-08-02', '2021-03-06 03:58:27', '2021-03-06 03:58:27'),
(1513, 'Kylie Yost DDS', 'royce.langosh@yahoo.com', 'brock.dicki', '379-936-3465', '1984-01-20', '2021-03-06 03:58:27', '2021-03-06 03:58:27'),
(1514, 'Magnus Monahan', 'krajcik.jay@yahoo.com', 'lexus78', '256.265.9685', '2000-11-18', '2021-03-06 03:58:27', '2021-03-06 03:58:27'),
(1515, 'Prof. Malachi Aufderhar', 'dwiegand@hotmail.com', 'kbednar', '(751) 422-6974', '2010-08-18', '2021-03-06 03:58:27', '2021-03-06 03:58:27'),
(1516, 'Reina Schiller', 'miller.dedric@dooley.info', 'zbotsford', '(269) 675-4605 x6471', '1999-10-04', '2021-03-06 03:58:27', '2021-03-06 03:58:27'),
(1517, 'Miss Hellen Grant I', 'lina.oconner@prohaska.com', 'lucious96', '1-671-678-9317 x437', '1995-01-31', '2021-03-06 03:58:27', '2021-03-06 03:58:27'),
(1518, 'Trystan Cruickshank PhD', 'omaggio@wilkinson.org', 'rryan', '993-577-7850 x87388', '1993-03-10', '2021-03-06 03:58:27', '2021-03-06 03:58:27'),
(1519, 'Kirsten Swift', 'donnelly.kylee@yahoo.com', 'dubuque.ebba', '732-551-8767', '2001-01-23', '2021-03-06 03:58:27', '2021-03-06 03:58:27'),
(1520, 'Gisselle Pagac III', 'noemy43@gmail.com', 'gschaefer', '1-740-317-3193 x090', '1990-09-27', '2021-03-06 03:58:27', '2021-03-06 03:58:27'),
(1521, 'Roselyn Schneider', 'reichert.oswaldo@hotmail.com', 'clay21', '217-816-6976 x0559', '1989-06-03', '2021-03-06 03:58:27', '2021-03-06 03:58:27'),
(1522, 'Prof. Gerald Herzog I', 'ofelia87@schuppe.net', 'armstrong.columbus', '1-934-413-1577 x84278', '1970-06-03', '2021-03-06 03:58:27', '2021-03-06 03:58:27'),
(1523, 'Keaton Glover PhD', 'dtorphy@becker.org', 'tjohnson', '+13984552490', '1972-04-30', '2021-03-06 03:58:27', '2021-03-06 03:58:27'),
(1524, 'Thora Weber', 'berenice89@bode.com', 'lila.hane', '(991) 823-0569 x0269', '2007-04-03', '2021-03-06 03:58:27', '2021-03-06 03:58:27'),
(1525, 'Heber Terry', 'mya.donnelly@champlin.biz', 'emarks', '862.942.3315 x88090', '2014-03-12', '2021-03-06 03:58:27', '2021-03-06 03:58:27'),
(1526, 'Melvina Purdy', 'xolson@hotmail.com', 'pwilderman', '815-379-2345 x803', '2007-08-13', '2021-03-06 03:58:27', '2021-03-06 03:58:27'),
(1527, 'Jordane Kunde', 'arogahn@adams.info', 'terry.bednar', '1-221-750-9567 x635', '1998-08-12', '2021-03-06 03:58:27', '2021-03-06 03:58:27'),
(1528, 'Mr. Marquis Bosco', 'aupton@gmail.com', 'jany93', '(832) 262-8684 x73482', '1980-04-13', '2021-03-06 03:58:27', '2021-03-06 03:58:27'),
(1529, 'Mr. Morris Larson', 'yschmidt@fay.info', 'hudson.jessyca', '1-476-450-3772', '2006-09-11', '2021-03-06 03:58:27', '2021-03-06 03:58:27'),
(1530, 'Macie Koelpin', 'kdibbert@kertzmann.info', 'fboyle', '+1-670-909-6036', '1988-12-10', '2021-03-06 03:58:27', '2021-03-06 03:58:27'),
(1531, 'Earlene Beer', 'vfriesen@hills.biz', 'therese.schinner', '430-867-7963 x036', '1981-06-12', '2021-03-06 03:58:27', '2021-03-06 03:58:27'),
(1532, 'Prof. Timothy Tremblay', 'bernardo63@gmail.com', 'hodkiewicz.anabel', '569-447-1585', '2005-12-29', '2021-03-06 03:58:27', '2021-03-06 03:58:27'),
(1533, 'Cheyanne Beahan', 'catalina17@jacobs.com', 'jacobs.randi', '(456) 882-3490 x386', '2016-01-31', '2021-03-06 03:58:28', '2021-03-06 03:58:28'),
(1534, 'Kellen Senger', 'dallin16@heathcote.com', 'jack.bashirian', '318-914-8905 x8825', '1977-08-01', '2021-03-06 03:58:28', '2021-03-06 03:58:28'),
(1535, 'Prof. Jerald Grant V', 'tod03@lueilwitz.net', 'wilkinson.natalie', '360.434.3470 x83813', '1980-06-12', '2021-03-06 03:58:28', '2021-03-06 03:58:28'),
(1536, 'Shaina Mayert', 'welch.estevan@schulist.com', 'renee.balistreri', '(739) 886-0856 x5523', '1970-06-13', '2021-03-06 03:58:28', '2021-03-06 03:58:28'),
(1537, 'Prof. Monserrate Von IV', 'thiel.cloyd@yahoo.com', 'raina80', '+1-535-968-1960', '1975-11-10', '2021-03-06 03:58:28', '2021-03-06 03:58:28'),
(1538, 'Sylvester Goldner', 'malcolm.kuhlman@gmail.com', 'ethelyn.bahringer', '(730) 396-6656 x63349', '2019-12-14', '2021-03-06 03:58:28', '2021-03-06 03:58:28'),
(1539, 'Meda Morar', 'gorczany.jacklyn@yahoo.com', 'alex.ritchie', '257-588-5493 x0725', '2020-05-26', '2021-03-06 03:58:28', '2021-03-06 03:58:28'),
(1540, 'Alphonso Champlin III', 'sstiedemann@yahoo.com', 'ernestina.graham', '1-856-948-2907 x642', '1973-01-27', '2021-03-06 03:58:28', '2021-03-06 03:58:28'),
(1541, 'Jamarcus Satterfield', 'bergnaum.chase@yahoo.com', 'qkris', '475.320.2655 x488', '1970-07-09', '2021-03-06 03:58:28', '2021-03-06 03:58:28'),
(1542, 'Mrs. Pat Kozey', 'hirthe.brent@hotmail.com', 'domenick54', '+14714122693', '1975-03-01', '2021-03-06 03:58:28', '2021-03-06 03:58:28'),
(1543, 'Prof. Darrick Lowe', 'velma92@volkman.com', 'melody89', '640-515-1392 x9425', '1995-12-03', '2021-03-06 03:58:28', '2021-03-06 03:58:28'),
(1544, 'Justine Williamson', 'yfay@hotmail.com', 'drowe', '295-345-2212 x4031', '2020-06-29', '2021-03-06 03:58:28', '2021-03-06 03:58:28'),
(1545, 'Frieda Hermann', 'jean.johns@gmail.com', 'khintz', '+1-617-292-3168', '2014-01-07', '2021-03-06 03:58:28', '2021-03-06 03:58:28'),
(1546, 'Arjun Sawayn I', 'vdenesik@corkery.com', 'nicolette.herzog', '873-640-8238 x6128', '2002-01-01', '2021-03-06 03:58:28', '2021-03-06 03:58:28'),
(1547, 'Isabel Jaskolski', 'chad41@zieme.com', 'gusikowski.murphy', '(931) 973-1353', '2009-05-25', '2021-03-06 03:58:28', '2021-03-06 03:58:28'),
(1548, 'Merl Turcotte', 'jbuckridge@rice.com', 'charity.nicolas', '(941) 485-4096', '1987-02-08', '2021-03-06 03:58:28', '2021-03-06 03:58:28'),
(1549, 'Mr. Carlos Gleason', 'nils.spencer@yahoo.com', 'morissette.jensen', '1-948-457-4825 x28762', '2016-08-08', '2021-03-06 03:58:28', '2021-03-06 03:58:28'),
(1550, 'Prof. Dante Kerluke', 'ywilderman@gmail.com', 'harvey.edison', '(648) 658-7923', '1970-11-27', '2021-03-06 03:58:28', '2021-03-06 03:58:28'),
(1551, 'Pasquale Wehner', 'yasmine15@hodkiewicz.com', 'ernestina64', '769-956-0162 x433', '1978-03-06', '2021-03-06 03:58:28', '2021-03-06 03:58:28'),
(1552, 'Ms. Allison Mitchell', 'boehm.sheridan@aufderhar.net', 'owisoky', '+1 (964) 937-8958', '1988-03-22', '2021-03-06 03:58:28', '2021-03-06 03:58:28'),
(1553, 'Esmeralda Schultz', 'wratke@cruickshank.org', 'armstrong.chet', '586.973.7497', '2004-10-03', '2021-03-06 03:58:28', '2021-03-06 03:58:28'),
(1554, 'Dr. Micheal Lubowitz I', 'titus74@hotmail.com', 'kory.sanford', '539-652-0616', '1988-03-11', '2021-03-06 03:58:28', '2021-03-06 03:58:28'),
(1555, 'Ms. Christine Parisian IV', 'barton.eva@armstrong.biz', 'tomasa.bosco', '1-991-492-7223 x91073', '2010-03-27', '2021-03-06 03:58:28', '2021-03-06 03:58:28'),
(1556, 'Casey Fahey', 'nora.schuster@beatty.com', 'schuppe.jerrod', '660.837.6422', '1986-05-25', '2021-03-06 03:58:28', '2021-03-06 03:58:28'),
(1557, 'Myra Nader', 'wolson@yahoo.com', 'tkulas', '(297) 523-0922 x47419', '2017-11-11', '2021-03-06 03:58:28', '2021-03-06 03:58:28'),
(1558, 'Dr. Rico Welch V', 'shannon09@hotmail.com', 'jeremie.hammes', '731.258.7206 x5769', '2018-03-03', '2021-03-06 03:58:28', '2021-03-06 03:58:28'),
(1559, 'Jacquelyn Windler', 'narciso.vandervort@yahoo.com', 'schimmel.alyce', '+13568187245', '1993-02-08', '2021-03-06 03:58:28', '2021-03-06 03:58:28'),
(1560, 'Leo Braun', 'fisher.noemi@prohaska.com', 'maxwell79', '686-450-3472 x17941', '2004-04-26', '2021-03-06 03:58:29', '2021-03-06 03:58:29'),
(1561, 'Samanta Wiza', 'rath.adrian@gmail.com', 'dlabadie', '902-664-0002 x6563', '1990-04-24', '2021-03-06 03:58:29', '2021-03-06 03:58:29'),
(1562, 'Miss Viviane Ferry Jr.', 'terry.meda@gibson.com', 'kobe.stiedemann', '507.234.0474 x622', '1975-08-14', '2021-03-06 03:58:29', '2021-03-06 03:58:29'),
(1563, 'Clarissa Weber I', 'xcartwright@hotmail.com', 'pat25', '(560) 700-3024 x035', '2013-01-04', '2021-03-06 03:58:29', '2021-03-06 03:58:29'),
(1564, 'Lelia Schmitt PhD', 'bridget11@wisozk.org', 'emelie59', '286-857-0948 x66516', '1974-09-29', '2021-03-06 03:58:29', '2021-03-06 03:58:29'),
(1565, 'Timmy Rice', 'orlo12@gmail.com', 'ghackett', '1-653-789-9583', '1989-07-18', '2021-03-06 03:58:29', '2021-03-06 03:58:29'),
(1566, 'Ayla Bogisich', 'altenwerth.genevieve@yahoo.com', 'kianna.herzog', '1-416-880-7819 x7289', '1993-09-19', '2021-03-06 03:58:29', '2021-03-06 03:58:29'),
(1567, 'Prof. Faustino Durgan MD', 'miguel25@hotmail.com', 'salvador41', '270-903-0974', '1990-03-04', '2021-03-06 03:58:29', '2021-03-06 03:58:29'),
(1568, 'Joshuah Luettgen', 'lhermann@hotmail.com', 'arnoldo79', '914.870.9799 x597', '2002-11-01', '2021-03-06 03:58:29', '2021-03-06 03:58:29'),
(1569, 'Miss Duane Kuhlman IV', 'mlueilwitz@yahoo.com', 'magdalena.gleichner', '(212) 242-1815', '1986-06-19', '2021-03-06 03:58:29', '2021-03-06 03:58:29'),
(1570, 'Providenci Will', 'pearlie.cremin@balistreri.com', 'zulauf.randal', '+1-362-713-5839', '1974-01-27', '2021-03-06 03:58:29', '2021-03-06 03:58:29'),
(1571, 'Dr. Dee Shanahan II', 'hbernhard@gmail.com', 'harrison.lesch', '982.760.1274 x3322', '1990-09-02', '2021-03-06 03:58:29', '2021-03-06 03:58:29'),
(1572, 'Magnolia Hettinger', 'kwalter@beer.biz', 'jackie72', '728-477-9720', '2013-06-25', '2021-03-06 03:58:29', '2021-03-06 03:58:29'),
(1573, 'Eli Marquardt PhD', 'edwardo65@heidenreich.com', 'moriah.koepp', '960-540-0480 x311', '2018-10-23', '2021-03-06 03:58:29', '2021-03-06 03:58:29'),
(1574, 'Dr. Lora Stehr MD', 'cummerata.dominique@emmerich.biz', 'maribel49', '+1 (474) 647-4787', '1971-12-05', '2021-03-06 03:58:29', '2021-03-06 03:58:29'),
(1575, 'Mr. Stephen Schmeler Sr.', 'wromaguera@kuhn.com', 'tiara.casper', '285-666-5841 x919', '2013-07-03', '2021-03-06 03:58:29', '2021-03-06 03:58:29'),
(1576, 'Dr. Ima Schulist III', 'markus.bashirian@zboncak.com', 'shany47', '758.456.2959 x2611', '1984-12-10', '2021-03-06 03:58:29', '2021-03-06 03:58:29'),
(1577, 'Miss Novella Feil', 'helena.steuber@harber.biz', 'nicolas.leone', '(750) 621-7619 x95903', '2012-01-25', '2021-03-06 03:58:29', '2021-03-06 03:58:29'),
(1578, 'Mrs. Christy Carroll', 'huel.ole@hotmail.com', 'wilkinson.arnold', '1-970-943-6950 x1163', '1981-09-16', '2021-03-06 03:58:29', '2021-03-06 03:58:29'),
(1579, 'Sanford Purdy', 'gkub@wisozk.com', 'bosco.jaleel', '+1.419.832.0191', '2014-08-07', '2021-03-06 03:58:29', '2021-03-06 03:58:29'),
(1580, 'Prof. Thea Runolfsson', 'quitzon.pablo@considine.com', 'romaguera.maritza', '(273) 934-1082 x274', '2020-09-13', '2021-03-06 03:58:29', '2021-03-06 03:58:29'),
(1581, 'Dr. Roderick Kiehn', 'elisabeth23@yahoo.com', 'abe26', '+1-723-983-3559', '2012-02-16', '2021-03-06 03:58:29', '2021-03-06 03:58:29'),
(1582, 'Sadie Reinger', 'kovacek.frida@hotmail.com', 'heidenreich.watson', '954-793-4227', '2012-03-21', '2021-03-06 03:58:29', '2021-03-06 03:58:29'),
(1583, 'Maurice Corkery', 'luettgen.benny@gmail.com', 'makenzie.bechtelar', '836.804.5200 x95223', '2005-10-03', '2021-03-06 03:58:29', '2021-03-06 03:58:29'),
(1584, 'Donnell Jacobson', 'mcdermott.major@hotmail.com', 'jschoen', '+1.853.331.2575', '2009-03-13', '2021-03-06 03:58:29', '2021-03-06 03:58:29'),
(1585, 'Mikayla Johns', 'antonietta.jakubowski@schamberger.com', 'augustus.turner', '(675) 936-2332 x04526', '1972-08-21', '2021-03-06 03:58:29', '2021-03-06 03:58:29'),
(1586, 'Kiarra Weber', 'fherzog@rowe.com', 'lola20', '940-883-6397', '2001-06-04', '2021-03-06 03:58:29', '2021-03-06 03:58:29'),
(1587, 'Otha Dickinson', 'eldon.orn@yahoo.com', 'ujohnson', '+15187143694', '1995-03-09', '2021-03-06 03:58:29', '2021-03-06 03:58:29'),
(1588, 'Anais Bogisich', 'pmacejkovic@muller.com', 'mbosco', '(575) 736-3216 x257', '2011-10-30', '2021-03-06 03:58:29', '2021-03-06 03:58:29'),
(1589, 'Vernon Miller', 'iheathcote@swaniawski.biz', 'julie28', '248-803-0655 x2661', '2007-08-15', '2021-03-06 03:58:29', '2021-03-06 03:58:29'),
(1590, 'Brisa Kirlin', 'marvin.raheem@wisozk.net', 'rath.leanna', '824.412.9405', '2011-07-24', '2021-03-06 03:58:29', '2021-03-06 03:58:29'),
(1591, 'Izabella Zemlak', 'charris@walker.com', 'gblanda', '(439) 735-1767', '2005-01-05', '2021-03-06 03:58:29', '2021-03-06 03:58:29'),
(1592, 'Chaya McGlynn III', 'prohaska.wilson@gmail.com', 'kkirlin', '+1-843-759-4217', '2000-11-07', '2021-03-06 03:58:30', '2021-03-06 03:58:30'),
(1593, 'Kiara Grady', 'jessy.emard@yahoo.com', 'ofelia.heller', '(284) 828-4330', '1983-10-21', '2021-03-06 03:58:30', '2021-03-06 03:58:30'),
(1594, 'Miss Nichole Hills DDS', 'eblock@gmail.com', 'maddison97', '1-424-674-6496 x45608', '1999-01-14', '2021-03-06 03:58:30', '2021-03-06 03:58:30'),
(1595, 'Liliane Mohr', 'emmanuelle21@gmail.com', 'geovanni00', '+1-273-864-1666', '1984-06-06', '2021-03-06 03:58:30', '2021-03-06 03:58:30'),
(1596, 'Schuyler Gusikowski', 'coty97@mann.com', 'herzog.keanu', '329-607-6619 x683', '2000-10-19', '2021-03-06 03:58:30', '2021-03-06 03:58:30'),
(1597, 'Prof. Korbin Funk', 'nelda.rogahn@yahoo.com', 'dferry', '249-865-1857', '2008-02-23', '2021-03-06 03:58:30', '2021-03-06 03:58:30'),
(1598, 'Brenda Kirlin', 'buster.hegmann@gmail.com', 'marcelina.treutel', '1-940-712-7015', '1990-08-21', '2021-03-06 03:58:30', '2021-03-06 03:58:30'),
(1599, 'Ms. Sarina Wilderman', 'metz.madonna@yahoo.com', 'oreilly.nikki', '(478) 330-6630 x4895', '1991-04-21', '2021-03-06 03:58:30', '2021-03-06 03:58:30'),
(1600, 'Marshall Reichel', 'rahul77@yahoo.com', 'kdurgan', '237-860-2766', '1982-03-13', '2021-03-06 03:58:30', '2021-03-06 03:58:30'),
(1601, 'Esteban Hagenes', 'cpfeffer@waelchi.org', 'bernadette.anderson', '+1 (425) 692-1714', '2000-02-21', '2021-03-06 03:58:30', '2021-03-06 03:58:30'),
(1602, 'George Stiedemann', 'sschimmel@hotmail.com', 'grady.vernice', '+14879576325', '2001-03-06', '2021-03-06 03:58:30', '2021-03-06 03:58:30'),
(1603, 'Caitlyn Rolfson', 'jeffry81@yahoo.com', 'rwitting', '+1-834-599-7026', '2005-04-03', '2021-03-06 03:58:30', '2021-03-06 03:58:30'),
(1604, 'Deshaun Wunsch', 'hunter01@heaney.com', 'ngrimes', '(872) 313-0467', '2010-02-13', '2021-03-06 03:58:30', '2021-03-06 03:58:30'),
(1605, 'Mr. Elliot Kihn', 'zsenger@gmail.com', 'walsh.charlie', '858.931.4901 x220', '1977-07-29', '2021-03-06 03:58:30', '2021-03-06 03:58:30'),
(1606, 'Prof. Harvey Lindgren Jr.', 'frussel@oreilly.com', 'franecki.marjorie', '+1-654-467-2535', '1992-12-03', '2021-03-06 03:58:30', '2021-03-06 03:58:30'),
(1607, 'Bernice Bechtelar', 'witting.krystel@gmail.com', 'nwolff', '+1 (493) 895-3229', '1988-09-14', '2021-03-06 03:58:30', '2021-03-06 03:58:30'),
(1608, 'Mr. Dimitri Larson', 'hershel82@gmail.com', 'crystel.sporer', '+17013710831', '2000-11-28', '2021-03-06 03:58:30', '2021-03-06 03:58:30'),
(1609, 'Prof. Otto Will', 'dare.irving@ortiz.com', 'hector95', '470-657-8917 x99177', '1981-12-16', '2021-03-06 03:58:30', '2021-03-06 03:58:30'),
(1610, 'Emory Stehr', 'milan.keeling@roberts.com', 'dayana06', '529.278.1363', '1973-06-02', '2021-03-06 03:58:30', '2021-03-06 03:58:30'),
(1611, 'Prof. Reva Paucek', 'ekrajcik@bogisich.com', 'nstokes', '1-507-210-1900 x592', '2009-11-20', '2021-03-06 03:58:30', '2021-03-06 03:58:30'),
(1612, 'Raquel Cole', 'stuart.kutch@lubowitz.com', 'justina26', '(397) 897-0764 x160', '1993-05-19', '2021-03-06 03:58:30', '2021-03-06 03:58:30'),
(1613, 'Amara Schuppe I', 'lowe.harvey@balistreri.com', 'aschaden', '(786) 336-3871', '1995-06-12', '2021-03-06 03:58:30', '2021-03-06 03:58:30'),
(1614, 'Sherman Cremin', 'kristian62@stokes.com', 'elvie.kovacek', '669-812-0415 x628', '1975-11-27', '2021-03-06 03:58:30', '2021-03-06 03:58:30'),
(1615, 'Prof. Dominic McKenzie', 'magali.ebert@bayer.com', 'dhomenick', '(329) 351-7747', '2007-12-10', '2021-03-06 03:58:30', '2021-03-06 03:58:30'),
(1616, 'Delaney Blanda', 'tevin82@gmail.com', 'opagac', '(796) 295-8032 x04403', '1987-12-03', '2021-03-06 03:58:30', '2021-03-06 03:58:30'),
(1617, 'Eldridge Schinner', 'casper.emmalee@crooks.com', 'leonard85', '615.590.4792 x844', '2006-12-12', '2021-03-06 03:58:31', '2021-03-06 03:58:31'),
(1618, 'Fidel Simonis DVM', 'feeney.norma@gmail.com', 'hertha.mcdermott', '+1-753-547-3072', '1988-11-10', '2021-03-06 03:58:31', '2021-03-06 03:58:31'),
(1619, 'Rahsaan Zieme PhD', 'jast.demond@hotmail.com', 'kassulke.josiah', '+1-576-672-3810', '1974-11-03', '2021-03-06 03:58:31', '2021-03-06 03:58:31'),
(1620, 'Sanford Hagenes', 'xmueller@armstrong.org', 'lolita.will', '1-267-535-4562', '1973-03-28', '2021-03-06 03:58:31', '2021-03-06 03:58:31'),
(1621, 'Dr. Estevan Olson', 'ellsworth.schiller@gerlach.org', 'agnes.pacocha', '+1.757.267.7132', '1975-09-18', '2021-03-06 03:58:31', '2021-03-06 03:58:31'),
(1622, 'Madisen Lakin III', 'alphonso.cronin@trantow.com', 'aurelie.stiedemann', '(980) 479-9837 x7239', '2015-10-30', '2021-03-06 03:58:31', '2021-03-06 03:58:31'),
(1623, 'Demetris Anderson', 'haag.dianna@bruen.org', 'rstanton', '681-456-8784 x9559', '1974-08-14', '2021-03-06 03:58:31', '2021-03-06 03:58:31'),
(1624, 'Franz Feil', 'jerde.marianne@armstrong.com', 'jkemmer', '948.201.8629', '2000-03-22', '2021-03-06 03:58:31', '2021-03-06 03:58:31'),
(1625, 'Eliza Purdy', 'sbayer@lemke.com', 'charlene00', '1-427-604-2356 x0314', '1980-05-20', '2021-03-06 03:58:31', '2021-03-06 03:58:31'),
(1626, 'Prof. Zoie Wolff', 'schamberger.sadye@schowalter.net', 'qhalvorson', '467-210-0491', '2013-01-17', '2021-03-06 03:58:31', '2021-03-06 03:58:31'),
(1627, 'Cecilia Mann MD', 'jolie.littel@gutmann.com', 'whomenick', '991.858.9623 x471', '2019-02-19', '2021-03-06 03:58:31', '2021-03-06 03:58:31'),
(1628, 'Alverta Pollich', 'lambert.lubowitz@gleichner.info', 'hill.maximo', '1-268-440-3880 x0896', '2001-08-26', '2021-03-06 03:58:31', '2021-03-06 03:58:31'),
(1629, 'Dr. Davin Leannon', 'tressa.tillman@tromp.com', 'robyn.padberg', '(382) 349-5318', '2014-05-20', '2021-03-06 03:58:31', '2021-03-06 03:58:31'),
(1630, 'Blair Kiehn', 'erin35@gmail.com', 'rath.ferne', '+1.781.642.6471', '2018-01-09', '2021-03-06 03:58:31', '2021-03-06 03:58:31'),
(1631, 'Dr. Amalia Abbott', 'abdul.baumbach@yahoo.com', 'beier.effie', '+1 (585) 823-6774', '1990-03-01', '2021-03-06 03:58:31', '2021-03-06 03:58:31'),
(1632, 'Barton Osinski', 'filiberto.strosin@steuber.biz', 'sabrina60', '1-295-904-9402 x263', '1970-10-03', '2021-03-06 03:58:31', '2021-03-06 03:58:31'),
(1633, 'Antwon Watsica', 'rstrosin@hotmail.com', 'citlalli.emard', '1-692-702-1424 x5416', '2015-07-25', '2021-03-06 03:58:31', '2021-03-06 03:58:31'),
(1634, 'Jacky Will', 'strosin.rhoda@roberts.com', 'lonie64', '563-439-2442', '1976-05-06', '2021-03-06 03:58:32', '2021-03-06 03:58:32'),
(1635, 'Easton Auer', 'feeney.myriam@gmail.com', 'glover.luna', '734.366.1346', '1977-02-07', '2021-03-06 03:58:32', '2021-03-06 03:58:32'),
(1636, 'Jean Jast IV', 'trinity13@hotmail.com', 'damian.oberbrunner', '978-576-0267 x534', '1982-01-27', '2021-03-06 03:58:32', '2021-03-06 03:58:32'),
(1637, 'Dr. Magdalena Reynolds Sr.', 'carroll.swift@yahoo.com', 'yfritsch', '901-346-2157', '1983-09-07', '2021-03-06 03:58:32', '2021-03-06 03:58:32'),
(1638, 'Sammy Haley', 'claudie.hayes@smith.info', 'bheathcote', '+1-272-392-3444', '1982-04-24', '2021-03-06 03:58:32', '2021-03-06 03:58:32'),
(1639, 'Kenyon Bashirian', 'jennie98@hotmail.com', 'darrell.reynolds', '+1-489-241-7230', '2000-07-15', '2021-03-06 03:58:32', '2021-03-06 03:58:32'),
(1640, 'Una Fay', 'larson.cindy@yahoo.com', 'adeline95', '1-501-606-6999 x489', '2010-02-13', '2021-03-06 03:58:32', '2021-03-06 03:58:32'),
(1641, 'Domenic Hirthe', 'larkin.luther@gmail.com', 'moen.marjolaine', '(816) 747-5663 x59214', '1997-06-27', '2021-03-06 03:58:32', '2021-03-06 03:58:32'),
(1642, 'Demond Hudson', 'king.white@gmail.com', 'lelah47', '(220) 320-8983', '2018-08-17', '2021-03-06 03:58:32', '2021-03-06 03:58:32'),
(1643, 'Dr. Sid Barton', 'schmitt.aglae@stoltenberg.com', 'koch.melyssa', '+18904244942', '1971-07-31', '2021-03-06 03:58:32', '2021-03-06 03:58:32'),
(1644, 'Ms. Deborah Larkin', 'egrimes@yahoo.com', 'emarks', '1-994-732-5170', '1996-07-06', '2021-03-06 03:58:32', '2021-03-06 03:58:32'),
(1645, 'Johnson Ortiz', 'rhett.williamson@mayer.biz', 'west.jaleel', '(256) 770-9875', '1997-02-13', '2021-03-06 03:58:32', '2021-03-06 03:58:32'),
(1646, 'Juwan Quigley Sr.', 'ejaskolski@yahoo.com', 'ike14', '420.484.5091 x81799', '2007-10-16', '2021-03-06 03:58:32', '2021-03-06 03:58:32'),
(1647, 'Mr. Emanuel Sauer', 'osimonis@gmail.com', 'gudrun92', '957.741.7697 x86559', '1980-11-09', '2021-03-06 03:58:32', '2021-03-06 03:58:32'),
(1648, 'Ephraim Hill', 'winifred.boyer@grady.biz', 'carmela40', '+1.821.862.9451', '2013-05-01', '2021-03-06 03:58:32', '2021-03-06 03:58:32'),
(1649, 'Maybelle Purdy', 'okon.calista@hotmail.com', 'qadams', '1-349-453-4994', '1979-05-01', '2021-03-06 03:58:32', '2021-03-06 03:58:32'),
(1650, 'Alexandro Grady', 'manuel21@yahoo.com', 'dangelo77', '+1-660-226-7645', '1986-08-22', '2021-03-06 03:58:32', '2021-03-06 03:58:32'),
(1651, 'Mrs. Rossie Adams', 'petra.carroll@yahoo.com', 'alvena35', '752.439.1153 x30423', '1990-10-05', '2021-03-06 03:58:32', '2021-03-06 03:58:32'),
(1652, 'Dr. Devan Ferry', 'katrine.rogahn@gmail.com', 'otha45', '+1-326-533-2017', '1980-11-10', '2021-03-06 03:58:32', '2021-03-06 03:58:32'),
(1653, 'Dr. Dawn Gleason DVM', 'amclaughlin@hotmail.com', 'mateo46', '(973) 945-6430 x7107', '1980-12-18', '2021-03-06 03:58:32', '2021-03-06 03:58:32'),
(1654, 'Blair Sawayn IV', 'dare.ava@kunze.com', 'malcolm94', '+1.409.676.7443', '2002-06-20', '2021-03-06 03:58:32', '2021-03-06 03:58:32'),
(1655, 'Mrs. Caleigh Schowalter', 'letitia.bins@gmail.com', 'maybell67', '+1-403-542-0399', '1972-01-29', '2021-03-06 03:58:32', '2021-03-06 03:58:32'),
(1656, 'General Hane', 'rowe.sterling@yahoo.com', 'clovis.haag', '753-710-2143', '2014-04-27', '2021-03-06 03:58:32', '2021-03-06 03:58:32'),
(1657, 'Mr. Darien Jacobson Sr.', 'wkirlin@goldner.info', 'ally.greenholt', '(824) 847-4960 x96343', '1990-05-10', '2021-03-06 03:58:32', '2021-03-06 03:58:32'),
(1658, 'Oren Cremin', 'macey.trantow@ward.net', 'edyth06', '1-742-449-3031', '1980-04-09', '2021-03-06 03:58:32', '2021-03-06 03:58:32'),
(1659, 'Gabriel Swaniawski V', 'concepcion35@wisoky.com', 'rogelio.jacobi', '(857) 202-7488', '2016-01-31', '2021-03-06 03:58:32', '2021-03-06 03:58:32'),
(1660, 'Jaida Swaniawski Sr.', 'bethel99@larkin.com', 'jaydon.goldner', '1-545-766-8318 x62120', '2006-04-02', '2021-03-06 03:58:33', '2021-03-06 03:58:33'),
(1661, 'Ms. Coralie Greenfelder', 'beatty.jessica@brakus.biz', 'tromp.braden', '+1.780.961.8855', '1992-02-21', '2021-03-06 03:58:33', '2021-03-06 03:58:33'),
(1662, 'Edgar Schroeder', 'ypurdy@abernathy.org', 'erika.lakin', '329-847-0294 x394', '1996-09-03', '2021-03-06 03:58:33', '2021-03-06 03:58:33'),
(1663, 'Assunta Osinski', 'xrogahn@dubuque.org', 'ellen.kuhn', '798.394.1443 x706', '1982-07-22', '2021-03-06 03:58:33', '2021-03-06 03:58:33'),
(1664, 'Dr. Efren Morissette', 'jcrona@hotmail.com', 'phaley', '(896) 695-5155', '2012-10-28', '2021-03-06 03:58:33', '2021-03-06 03:58:33'),
(1665, 'Prof. Chelsey Kessler', 'ucronin@gmail.com', 'pgreen', '624-455-0990 x2502', '2016-10-16', '2021-03-06 03:58:33', '2021-03-06 03:58:33'),
(1666, 'Cheyenne Okuneva', 'norris.considine@hotmail.com', 'ahudson', '1-547-455-5064', '1993-09-20', '2021-03-06 03:58:33', '2021-03-06 03:58:33'),
(1667, 'Richie Robel', 'quinton.strosin@abshire.com', 'davonte.howell', '598-981-6829 x845', '2003-04-14', '2021-03-06 03:58:33', '2021-03-06 03:58:33'),
(1668, 'Lemuel Lowe', 'august.johnston@gottlieb.com', 'ablock', '1-701-674-0022 x8225', '2004-11-01', '2021-03-06 03:58:33', '2021-03-06 03:58:33'),
(1669, 'Cordelia Wyman', 'bartoletti.axel@yahoo.com', 'joannie.hagenes', '430-443-0050', '2004-06-09', '2021-03-06 03:58:33', '2021-03-06 03:58:33'),
(1670, 'Joana Boyle', 'mcollier@gmail.com', 'boehm.randall', '(403) 892-9503 x55318', '1997-10-06', '2021-03-06 03:58:33', '2021-03-06 03:58:33'),
(1671, 'Ms. Margarette Leffler DDS', 'lorna65@yahoo.com', 'nolan.lorna', '+13596100115', '1996-01-18', '2021-03-06 03:58:33', '2021-03-06 03:58:33'),
(1672, 'Werner Friesen', 'nader.norbert@krajcik.info', 'carroll.trycia', '(307) 864-9960', '2005-04-11', '2021-03-06 03:58:33', '2021-03-06 03:58:33'),
(1673, 'Collin Smith', 'gibson.nya@mueller.biz', 'davonte.welch', '(705) 698-7815', '2004-07-13', '2021-03-06 03:58:33', '2021-03-06 03:58:33'),
(1674, 'Dejah Schulist', 'florida.barrows@hotmail.com', 'broderick.haley', '886-525-4802', '2012-02-21', '2021-03-06 03:58:33', '2021-03-06 03:58:33'),
(1675, 'Reece Dibbert', 'purdy.constance@daniel.com', 'koch.amie', '683.286.9534 x4250', '2015-11-04', '2021-03-06 03:58:34', '2021-03-06 03:58:34'),
(1676, 'Moses Gorczany', 'obie.wisozk@mcglynn.net', 'justen87', '1-989-252-5198 x28346', '1971-07-16', '2021-03-06 03:58:34', '2021-03-06 03:58:34'),
(1677, 'Estell Bashirian', 'qsmith@yahoo.com', 'shanie83', '(569) 795-7724 x79836', '1995-08-22', '2021-03-06 03:58:34', '2021-03-06 03:58:34'),
(1678, 'Theresia Reichel', 'keagan50@rippin.com', 'isadore.jakubowski', '+1-789-648-9679', '2008-12-17', '2021-03-06 03:58:34', '2021-03-06 03:58:34'),
(1679, 'Kobe Batz', 'vanessa.langosh@gmail.com', 'rachelle.shields', '+1 (558) 586-0820', '2021-02-12', '2021-03-06 03:58:34', '2021-03-06 03:58:34'),
(1680, 'Mr. Dennis Nicolas Sr.', 'katelynn62@gorczany.com', 'angeline.buckridge', '1-241-477-6956', '2007-04-22', '2021-03-06 03:58:34', '2021-03-06 03:58:34'),
(1681, 'Ms. Jewel Stroman Sr.', 'camylle.ward@gmail.com', 'deon23', '1-981-776-9871', '1999-08-01', '2021-03-06 03:58:34', '2021-03-06 03:58:34'),
(1682, 'Nella Paucek', 'lhayes@crooks.biz', 'hkunze', '+16248825550', '2005-07-19', '2021-03-06 03:58:34', '2021-03-06 03:58:34'),
(1683, 'Miss Alessia Hirthe DDS', 'dino.walsh@yahoo.com', 'moriah.quigley', '1-418-669-0051 x2345', '2019-01-18', '2021-03-06 03:58:34', '2021-03-06 03:58:34'),
(1684, 'General Heathcote', 'kutch.ramon@balistreri.org', 'shane', '+1-519-568-0696', '2007-02-08', '2021-03-06 03:58:34', '2021-03-06 03:58:34'),
(1685, 'Murray O\'Kon', 'lmarvin@hegmann.info', 'clemens66', '430.276.6951', '1983-06-21', '2021-03-06 03:58:34', '2021-03-06 03:58:34'),
(1686, 'Jamil VonRueden MD', 'leanna14@gmail.com', 'ona.braun', '781.909.9578 x837', '1971-05-08', '2021-03-06 03:58:34', '2021-03-06 03:58:34'),
(1687, 'Dr. Derek O\'Kon PhD', 'hackett.wilfred@zemlak.net', 'bchamplin', '524-200-4569 x238', '1984-08-13', '2021-03-06 03:58:34', '2021-03-06 03:58:34'),
(1688, 'Willow Schmitt', 'kody.stroman@hotmail.com', 'lind.hellen', '(383) 686-3838 x5242', '2001-03-11', '2021-03-06 03:58:34', '2021-03-06 03:58:34'),
(1689, 'Angel Rutherford', 'critchie@yahoo.com', 'veronica.reichel', '803-790-2069 x0717', '1982-09-09', '2021-03-06 03:58:34', '2021-03-06 03:58:34'),
(1690, 'Jeremy Walter', 'kuhic.nichole@hotmail.com', 'keeley60', '+1.397.868.0979', '2010-04-21', '2021-03-06 03:58:34', '2021-03-06 03:58:34'),
(1691, 'Mafalda Powlowski', 'bosco.justine@gmail.com', 'xmckenzie', '810-218-1109 x662', '2000-07-17', '2021-03-06 03:58:34', '2021-03-06 03:58:34'),
(1692, 'Samanta Schuster', 'graham.estell@grimes.com', 'major04', '564.688.1211 x563', '1977-12-02', '2021-03-06 03:58:34', '2021-03-06 03:58:34'),
(1693, 'Filomena Harber Sr.', 'mack10@baumbach.com', 'lesly.gibson', '(789) 690-1557 x359', '1982-02-26', '2021-03-06 03:58:34', '2021-03-06 03:58:34'),
(1694, 'Marlon Heller', 'conn.krystina@hotmail.com', 'oabernathy', '1-401-485-5373', '1998-01-07', '2021-03-06 03:58:34', '2021-03-06 03:58:34'),
(1695, 'Barton Dach MD', 'bednar.rhiannon@zemlak.org', 'emard.winnifred', '(487) 514-6460 x912', '1974-02-18', '2021-03-06 03:58:34', '2021-03-06 03:58:34'),
(1696, 'Lia Stracke DDS', 'rosie47@yahoo.com', 'murphy.jarrell', '1-876-901-5117', '1990-02-02', '2021-03-06 03:58:34', '2021-03-06 03:58:34'),
(1697, 'Vada Lehner', 'lauriane.reichel@hotmail.com', 'acarroll', '+1 (220) 558-9835', '2017-08-26', '2021-03-06 03:58:34', '2021-03-06 03:58:34'),
(1698, 'Cora Beahan', 'farrell.laurel@hotmail.com', 'louisa30', '+1-895-942-8861', '2015-01-07', '2021-03-06 03:58:35', '2021-03-06 03:58:35'),
(1699, 'Ivory Barton', 'krystina90@gmail.com', 'grayson.pouros', '(871) 831-5410', '1980-11-04', '2021-03-06 03:58:35', '2021-03-06 03:58:35'),
(1700, 'Mr. Mitchell Schuster MD', 'bashirian.douglas@morissette.org', 'boehm.luigi', '807-928-2301 x6324', '2012-08-07', '2021-03-06 03:58:35', '2021-03-06 03:58:35'),
(1701, 'Erick Wiegand Jr.', 'ualtenwerth@yahoo.com', 'lilliana28', '543.496.3488', '2015-03-14', '2021-03-06 03:58:35', '2021-03-06 03:58:35'),
(1702, 'Monty Simonis', 'tcummerata@gmail.com', 'wwalker', '1-948-530-1224', '2000-10-12', '2021-03-06 03:58:35', '2021-03-06 03:58:35'),
(1703, 'Brandi Breitenberg DDS', 'wiley28@hotmail.com', 'hstamm', '+1-846-375-4440', '1971-02-20', '2021-03-06 03:58:35', '2021-03-06 03:58:35');
INSERT INTO `students` (`id`, `name`, `email`, `username`, `phone`, `dob`, `created_at`, `updated_at`) VALUES
(1704, 'Zelda Mueller DDS', 'roel.bartell@hotmail.com', 'creilly', '874.951.4174 x02034', '1989-03-17', '2021-03-06 03:58:35', '2021-03-06 03:58:35'),
(1705, 'Alicia Crist', 'breana32@bauch.info', 'nwill', '(901) 837-0002 x28541', '2017-02-18', '2021-03-06 03:58:35', '2021-03-06 03:58:35'),
(1706, 'Dr. Jadon Borer V', 'garfield73@hotmail.com', 'dejuan.lang', '275.721.5769', '1985-08-30', '2021-03-06 03:58:35', '2021-03-06 03:58:35'),
(1707, 'Naomie Jacobs', 'marcelo.gutmann@hegmann.com', 'stamm.bartholome', '392.839.2118 x890', '1975-09-21', '2021-03-06 03:58:35', '2021-03-06 03:58:35'),
(1708, 'Emmie Klein', 'murray.darien@hotmail.com', 'tre.parker', '(492) 336-5001', '1990-01-12', '2021-03-06 03:58:35', '2021-03-06 03:58:35'),
(1709, 'Nettie Bechtelar', 'vincent.sporer@gmail.com', 'sreilly', '1-220-851-5641', '2013-11-28', '2021-03-06 03:58:35', '2021-03-06 03:58:35'),
(1710, 'Eve Rath PhD', 'zion.schaden@yahoo.com', 'rmann', '558.360.5582 x489', '2003-12-05', '2021-03-06 03:58:35', '2021-03-06 03:58:35'),
(1711, 'Kane Torp', 'carolina.hudson@huel.com', 'agustin89', '1-605-884-9377', '2007-08-30', '2021-03-06 03:58:35', '2021-03-06 03:58:35'),
(1712, 'Leora Cummings', 'rick04@hotmail.com', 'alvah.mcdermott', '+13644716904', '1998-09-05', '2021-03-06 03:58:35', '2021-03-06 03:58:35'),
(1713, 'Miss Candace Walter PhD', 'felicita85@gmail.com', 'florine28', '973.733.0693 x2477', '1996-07-25', '2021-03-06 03:58:35', '2021-03-06 03:58:35'),
(1714, 'Prof. Chandler Hansen Jr.', 'quigley.clare@huels.net', 'rudolph07', '635-700-7076 x6747', '1990-12-26', '2021-03-06 03:58:35', '2021-03-06 03:58:35'),
(1715, 'Russel Stracke', 'grant.koch@gmail.com', 'zachary.romaguera', '249.600.4992 x371', '2013-05-26', '2021-03-06 03:58:35', '2021-03-06 03:58:35'),
(1716, 'Ms. Jalyn Boyer', 'garrett49@gmail.com', 'spencer.vito', '368-983-6109 x7038', '2020-09-27', '2021-03-06 03:58:35', '2021-03-06 03:58:35'),
(1717, 'Abigale Stokes', 'kuhic.modesta@roob.org', 'iquitzon', '1-421-737-8311 x37305', '1991-08-19', '2021-03-06 03:58:35', '2021-03-06 03:58:35'),
(1718, 'Benny Will', 'bhand@yahoo.com', 'phirthe', '(329) 655-6019', '2010-10-27', '2021-03-06 03:58:35', '2021-03-06 03:58:35'),
(1719, 'Adonis Schaefer', 'stefanie.walsh@christiansen.org', 'sdickinson', '392.837.2772 x235', '2016-12-28', '2021-03-06 03:58:36', '2021-03-06 03:58:36'),
(1720, 'Bud Gislason', 'mromaguera@senger.com', 'lorine.berge', '1-387-802-2066', '1971-01-21', '2021-03-06 03:58:36', '2021-03-06 03:58:36'),
(1721, 'Garett Kuhlman', 'gzieme@cummerata.biz', 'mcclure.davonte', '1-585-922-2954 x51604', '2017-08-01', '2021-03-06 03:58:36', '2021-03-06 03:58:36'),
(1722, 'Mr. Jayde Stark', 'hoeger.dejon@keeling.org', 'jose.bins', '838-542-9823 x224', '2005-03-19', '2021-03-06 03:58:36', '2021-03-06 03:58:36'),
(1723, 'Hardy Schroeder', 'powlowski.tevin@hotmail.com', 'gregoria.raynor', '1-462-881-3049 x19284', '2008-07-19', '2021-03-06 03:58:36', '2021-03-06 03:58:36'),
(1724, 'Mr. Timmothy Feeney', 'eschroeder@yahoo.com', 'wilfrid.mitchell', '+1.668.954.4811', '1998-01-13', '2021-03-06 03:58:36', '2021-03-06 03:58:36'),
(1725, 'Joseph Waelchi', 'naomi.deckow@hotmail.com', 'amiya89', '721-442-1014', '2003-11-04', '2021-03-06 03:58:36', '2021-03-06 03:58:36'),
(1726, 'Alexander Cremin', 'toney.runte@williamson.com', 'stroman.nick', '795.227.6013 x28428', '1990-10-21', '2021-03-06 03:58:36', '2021-03-06 03:58:36'),
(1727, 'Courtney Gleason', 'daniella.kessler@kassulke.com', 'lorena.oconner', '257-899-6449', '1989-12-22', '2021-03-06 03:58:36', '2021-03-06 03:58:36'),
(1728, 'Joaquin Labadie', 'simonis.geo@brekke.com', 'patience92', '+1 (284) 217-1559', '1975-05-17', '2021-03-06 03:58:36', '2021-03-06 03:58:36'),
(1729, 'Dr. Garry Hermiston V', 'weimann.lorine@gmail.com', 'williamson.art', '706.372.8469 x366', '1993-12-21', '2021-03-06 03:58:36', '2021-03-06 03:58:36'),
(1730, 'Sheldon Ebert', 'johnston.idella@gmail.com', 'jkerluke', '391-659-0093 x426', '1986-10-14', '2021-03-06 03:58:36', '2021-03-06 03:58:36'),
(1731, 'Demetrius Ankunding', 'beer.alek@hotmail.com', 'stephany.paucek', '+1.651.677.5066', '1989-04-06', '2021-03-06 03:58:36', '2021-03-06 03:58:36'),
(1732, 'Kareem Emard III', 'montana56@gmail.com', 'santina07', '242.829.0228', '1978-08-23', '2021-03-06 03:58:36', '2021-03-06 03:58:36'),
(1733, 'Donnie Hackett', 'kreiger.eleazar@satterfield.com', 'mgrimes', '230-978-0710 x32631', '1997-02-10', '2021-03-06 03:58:36', '2021-03-06 03:58:36'),
(1734, 'Dr. Dee DuBuque PhD', 'marge.johns@gmail.com', 'cary18', '+1.320.672.7121', '2001-11-12', '2021-03-06 03:58:36', '2021-03-06 03:58:36'),
(1735, 'Cooper Hauck', 'josiane58@rempel.org', 'sadie46', '1-891-960-5702 x037', '1988-09-03', '2021-03-06 03:58:36', '2021-03-06 03:58:36'),
(1736, 'Miles Streich', 'brenden05@gmail.com', 'brown.pat', '923.575.6192', '1981-07-01', '2021-03-06 03:58:36', '2021-03-06 03:58:36'),
(1737, 'Nella Bailey', 'josiah00@bogisich.info', 'blaise.schuster', '(545) 750-0526', '1998-07-19', '2021-03-06 03:58:36', '2021-03-06 03:58:36'),
(1738, 'Dustin Veum', 'bell26@nikolaus.com', 'miracle.morissette', '1-891-770-9595 x682', '1987-11-30', '2021-03-06 03:58:36', '2021-03-06 03:58:36'),
(1739, 'Rose Wisozk', 'claudia32@powlowski.com', 'erempel', '+1-430-679-0491', '1970-09-03', '2021-03-06 03:58:36', '2021-03-06 03:58:36'),
(1740, 'Mrs. Gerda Collier Jr.', 'oscar45@hotmail.com', 'zhickle', '1-791-401-1458 x7088', '2002-06-13', '2021-03-06 03:58:36', '2021-03-06 03:58:36'),
(1741, 'Riley Olson', 'rosemary19@yahoo.com', 'alysa.steuber', '295.680.2982', '1990-02-08', '2021-03-06 03:58:36', '2021-03-06 03:58:36'),
(1742, 'Andrew Wisozk', 'baby.jacobs@yahoo.com', 'tyrel21', '351.602.4437 x7005', '2010-02-12', '2021-03-06 03:58:36', '2021-03-06 03:58:36'),
(1743, 'Estell Connelly MD', 'nels91@zemlak.org', 'irving.barton', '(893) 789-7405 x55174', '2012-04-22', '2021-03-06 03:58:36', '2021-03-06 03:58:36'),
(1744, 'Dr. Lester Hamill', 'hwilkinson@klein.org', 'schultz.jason', '+1.594.341.8342', '1997-04-04', '2021-03-06 03:58:36', '2021-03-06 03:58:36'),
(1745, 'Timmothy Torp', 'isabell11@stehr.biz', 'fjacobs', '521-351-4532', '2000-10-21', '2021-03-06 03:58:36', '2021-03-06 03:58:36'),
(1746, 'Prof. Kailyn Hyatt', 'cydney.ebert@yahoo.com', 'kihn.carroll', '451.891.5949 x3890', '1984-10-15', '2021-03-06 03:58:37', '2021-03-06 03:58:37'),
(1747, 'Nellie Gerlach', 'keaton.botsford@barton.com', 'oconner.kyra', '1-476-230-6163 x0825', '2007-10-31', '2021-03-06 03:58:37', '2021-03-06 03:58:37'),
(1748, 'Marisa Erdman', 'arnoldo.hagenes@smitham.com', 'zora05', '(837) 321-4787 x647', '1990-10-06', '2021-03-06 03:58:37', '2021-03-06 03:58:37'),
(1749, 'Mathew Yost', 'koch.laury@hotmail.com', 'ybrown', '(638) 310-8380 x29290', '1987-07-02', '2021-03-06 03:58:37', '2021-03-06 03:58:37'),
(1750, 'Mr. Brando Stark IV', 'gbeatty@yahoo.com', 'frances13', '848-789-1541 x53839', '2000-07-06', '2021-03-06 03:58:37', '2021-03-06 03:58:37'),
(1751, 'Deja Moore', 'jhermiston@balistreri.net', 'hammes.harold', '(998) 647-4791', '1998-01-12', '2021-03-06 03:58:37', '2021-03-06 03:58:37'),
(1752, 'Cordia Cormier', 'colt.wiegand@yahoo.com', 'rosario18', '603-974-8099', '2008-04-06', '2021-03-06 03:58:37', '2021-03-06 03:58:37'),
(1753, 'Natalie Kessler', 'general99@gmail.com', 'ashlee32', '(819) 857-5175 x654', '1975-08-07', '2021-03-06 03:58:37', '2021-03-06 03:58:37'),
(1754, 'Jaeden Stokes', 'bquigley@muller.info', 'olin77', '+1-326-227-0626', '2008-11-02', '2021-03-06 03:58:37', '2021-03-06 03:58:37'),
(1755, 'Amelia Reichert', 'herman.orval@schoen.biz', 'lnitzsche', '1-786-491-1301 x5966', '1976-06-20', '2021-03-06 03:58:37', '2021-03-06 03:58:37'),
(1756, 'Susanna Hane', 'morissette.dandre@yahoo.com', 'rkeebler', '909.701.6253 x6729', '2016-05-01', '2021-03-06 03:58:37', '2021-03-06 03:58:37'),
(1757, 'Rosella Rice', 'janelle94@littel.net', 'armstrong.theodora', '+1-608-498-0117', '1992-11-11', '2021-03-06 03:58:37', '2021-03-06 03:58:37'),
(1758, 'Prof. Jessy Glover', 'phyllis.mann@aufderhar.com', 'buckridge.hilda', '387.747.5156 x69546', '2006-06-28', '2021-03-06 03:58:37', '2021-03-06 03:58:37'),
(1759, 'Mr. Sedrick Doyle Jr.', 'albin.lakin@yahoo.com', 'labadie.georgianna', '+1 (908) 413-7838', '1973-04-09', '2021-03-06 03:58:37', '2021-03-06 03:58:37'),
(1760, 'Miss Darlene Emard III', 'nkuhic@fisher.com', 'arianna75', '994-586-1437 x5245', '2004-07-27', '2021-03-06 03:58:37', '2021-03-06 03:58:37'),
(1761, 'Zetta Bartoletti III', 'sadie.williamson@yundt.org', 'wolf.johnathan', '+1-678-522-0034', '1990-05-27', '2021-03-06 03:58:37', '2021-03-06 03:58:37'),
(1762, 'Miss Jacinthe Ortiz II', 'arjun48@bahringer.com', 'vrunolfsson', '(890) 535-0932 x455', '1978-09-02', '2021-03-06 03:58:37', '2021-03-06 03:58:37'),
(1763, 'Letha Dicki', 'david67@gmail.com', 'leonardo.towne', '479-600-6904 x74044', '1973-03-15', '2021-03-06 03:58:37', '2021-03-06 03:58:37'),
(1764, 'Bart Greenfelder', 'jkertzmann@doyle.com', 'ybalistreri', '932-228-5206', '1973-04-26', '2021-03-06 03:58:37', '2021-03-06 03:58:37'),
(1765, 'Miss Sophia Grimes', 'mylene.collier@hotmail.com', 'dovie24', '494-480-9992 x80116', '2003-07-07', '2021-03-06 03:58:37', '2021-03-06 03:58:37'),
(1766, 'Kayli Kilback', 'cortez30@volkman.biz', 'athiel', '(439) 648-3101 x2248', '2006-10-09', '2021-03-06 03:58:37', '2021-03-06 03:58:37'),
(1767, 'Ollie Wolff', 'kamille.rice@wyman.net', 'icorkery', '831-719-0809', '2018-10-27', '2021-03-06 03:58:37', '2021-03-06 03:58:37'),
(1768, 'Harold Stanton V', 'bartoletti.dolores@deckow.com', 'ubaldo70', '382.472.5991 x24834', '2018-06-05', '2021-03-06 03:58:37', '2021-03-06 03:58:37'),
(1769, 'Alexander Greenfelder', 'madyson35@schuster.com', 'tcremin', '1-739-265-6292', '1998-11-15', '2021-03-06 03:58:37', '2021-03-06 03:58:37'),
(1770, 'Dr. Kiera Schmeler MD', 'wilderman.verona@yahoo.com', 'littel.lucio', '820-746-4232 x4716', '1972-01-28', '2021-03-06 03:58:37', '2021-03-06 03:58:37'),
(1771, 'Carson Frami', 'awitting@yahoo.com', 'cmohr', '+16897904631', '1995-06-14', '2021-03-06 03:58:37', '2021-03-06 03:58:37'),
(1772, 'Damian Rath', 'ymacejkovic@jerde.com', 'cummings.antonette', '1-409-886-5078 x30526', '2001-08-21', '2021-03-06 03:58:37', '2021-03-06 03:58:37'),
(1773, 'Richmond Treutel', 'zparker@wiegand.biz', 'ltromp', '423-610-4282 x8383', '1994-05-30', '2021-03-06 03:58:37', '2021-03-06 03:58:37'),
(1774, 'Emie Monahan', 'treilly@gmail.com', 'sreilly', '1-348-676-7370', '2001-12-06', '2021-03-06 03:58:37', '2021-03-06 03:58:37'),
(1775, 'Lulu Funk', 'fking@yahoo.com', 'stacy.reynolds', '1-987-896-3470', '1983-12-05', '2021-03-06 03:58:37', '2021-03-06 03:58:37'),
(1776, 'Mae Harris', 'britney33@hotmail.com', 'neoma.feeney', '(542) 835-9885 x122', '2015-05-03', '2021-03-06 03:58:37', '2021-03-06 03:58:37'),
(1777, 'Matt Gutkowski DDS', 'nick.schinner@gmail.com', 'clotilde.farrell', '1-942-334-0719 x297', '2015-04-12', '2021-03-06 03:58:37', '2021-03-06 03:58:37'),
(1778, 'Maude Yost III', 'hhartmann@schaefer.com', 'glover.constantin', '+1-459-822-5437', '1991-08-11', '2021-03-06 03:58:37', '2021-03-06 03:58:37'),
(1779, 'Mrs. Claudine Quigley', 'veum.jon@hotmail.com', 'jedidiah.dach', '328-609-2655', '2003-02-27', '2021-03-06 03:58:37', '2021-03-06 03:58:37'),
(1780, 'Dr. Stanton Bailey III', 'qharvey@hansen.com', 'ckuhn', '+1-367-825-0617', '1994-11-27', '2021-03-06 03:58:37', '2021-03-06 03:58:37'),
(1781, 'Jamir Sauer', 'amorar@gmail.com', 'hilbert09', '1-641-885-7218', '2003-10-06', '2021-03-06 03:58:37', '2021-03-06 03:58:37'),
(1782, 'Mr. Nasir Yost', 'winfield.carter@hotmail.com', 'shaina47', '+1-370-318-0469', '2012-10-24', '2021-03-06 03:58:37', '2021-03-06 03:58:37'),
(1783, 'Velva Witting', 'rosalyn80@hotmail.com', 'schinner.lamar', '+1-736-504-9501', '2019-09-11', '2021-03-06 03:58:37', '2021-03-06 03:58:37'),
(1784, 'Jade Connelly', 'ckuphal@yahoo.com', 'peyton.dietrich', '371.819.0312', '1982-11-23', '2021-03-06 03:58:37', '2021-03-06 03:58:37'),
(1785, 'Lonie O\'Connell', 'nienow.harrison@davis.com', 'lindsey.skiles', '617.353.3307 x7877', '2017-12-08', '2021-03-06 03:58:37', '2021-03-06 03:58:37'),
(1786, 'Mckayla Hermiston', 'witting.maria@hotmail.com', 'ashtyn.hane', '(802) 751-0085', '2003-02-15', '2021-03-06 03:58:37', '2021-03-06 03:58:37'),
(1787, 'Zoie Marks', 'christiansen.dalton@ondricka.com', 'alvis.adams', '(786) 299-3755', '2012-12-05', '2021-03-06 03:58:38', '2021-03-06 03:58:38'),
(1788, 'Shemar Leuschke MD', 'dustin98@okon.com', 'herminia.howell', '549.488.7620 x504', '1975-01-09', '2021-03-06 03:58:38', '2021-03-06 03:58:38'),
(1789, 'Elise Veum IV', 'jnikolaus@swift.com', 'jwiza', '547-650-5329 x271', '2009-11-24', '2021-03-06 03:58:38', '2021-03-06 03:58:38'),
(1790, 'Prof. Lafayette Klocko', 'kennith81@howe.com', 'triston90', '1-846-345-0568 x81491', '1987-09-22', '2021-03-06 03:58:38', '2021-03-06 03:58:38'),
(1791, 'Amari Borer', 'kelli28@hagenes.info', 'janick.vonrueden', '1-698-550-3455', '1996-12-18', '2021-03-06 03:58:38', '2021-03-06 03:58:38'),
(1792, 'Loyce Oberbrunner DDS', 'granville.funk@hotmail.com', 'jkoss', '562.614.8370 x2590', '2004-06-07', '2021-03-06 03:58:38', '2021-03-06 03:58:38'),
(1793, 'Gabriel Parker', 'witting.phyllis@lesch.com', 'watsica.bernhard', '+1 (245) 890-1063', '1998-08-02', '2021-03-06 03:58:38', '2021-03-06 03:58:38'),
(1794, 'Mustafa Lowe', 'conroy.june@huels.com', 'willa.cartwright', '486-487-7750 x94328', '1980-04-11', '2021-03-06 03:58:38', '2021-03-06 03:58:38'),
(1795, 'Cary Ziemann', 'xrutherford@nicolas.com', 'amira07', '630.784.8583 x4180', '2019-05-04', '2021-03-06 03:58:38', '2021-03-06 03:58:38'),
(1796, 'Mr. Kiley Schultz', 'claudia.harris@miller.org', 'kklein', '329.734.5954', '1990-10-23', '2021-03-06 03:58:38', '2021-03-06 03:58:38'),
(1797, 'Marielle Bednar', 'rconroy@armstrong.com', 'fdoyle', '905-330-3128 x7277', '1999-07-10', '2021-03-06 03:58:38', '2021-03-06 03:58:38'),
(1798, 'Ms. Modesta Friesen MD', 'qebert@schneider.biz', 'abeier', '1-364-982-0776', '1986-06-30', '2021-03-06 03:58:38', '2021-03-06 03:58:38'),
(1799, 'Prof. Robin Bayer II', 'sauer.roman@gmail.com', 'alden75', '(610) 302-5432 x8318', '2012-01-03', '2021-03-06 03:58:38', '2021-03-06 03:58:38'),
(1800, 'Mrs. Stacy McGlynn', 'ryan91@jakubowski.com', 'mnader', '(232) 826-8049 x0171', '2008-08-28', '2021-03-06 03:58:38', '2021-03-06 03:58:38'),
(1801, 'Kariane Eichmann MD', 'awaters@zulauf.com', 'verna53', '+1-359-590-5088', '2007-11-07', '2021-03-06 03:58:38', '2021-03-06 03:58:38'),
(1802, 'Aidan Ryan DDS', 'evelyn14@ondricka.net', 'schulist.montana', '1-429-738-6638 x034', '1980-08-18', '2021-03-06 03:58:38', '2021-03-06 03:58:38'),
(1803, 'Carolyne Frami', 'bernier.hunter@yahoo.com', 'jprohaska', '+18736541714', '2007-01-15', '2021-03-06 03:58:38', '2021-03-06 03:58:38'),
(1804, 'Myrtie Casper PhD', 'abshire.brandy@gmail.com', 'bdaugherty', '413.616.8919 x95824', '1987-12-28', '2021-03-06 03:58:38', '2021-03-06 03:58:38'),
(1805, 'Greyson Eichmann DVM', 'berniece.lang@howell.com', 'kris.trudie', '807.690.7432', '2004-05-13', '2021-03-06 03:58:38', '2021-03-06 03:58:38'),
(1806, 'Emmet Stracke', 'pbartell@gmail.com', 'cronin.joyce', '(496) 875-5270 x03100', '2002-08-24', '2021-03-06 03:58:38', '2021-03-06 03:58:38'),
(1807, 'Henry Durgan III', 'mcglynn.trystan@gmail.com', 'conn.sunny', '248-357-1280 x216', '1991-06-09', '2021-03-06 03:58:38', '2021-03-06 03:58:38'),
(1808, 'Marques D\'Amore', 'harvey.rodger@konopelski.com', 'charity82', '1-865-324-2837 x7664', '1999-01-09', '2021-03-06 03:58:38', '2021-03-06 03:58:38'),
(1809, 'Brandon Turcotte', 'santos.mohr@yahoo.com', 'vreichert', '+1 (676) 256-8298', '1989-05-06', '2021-03-06 03:58:38', '2021-03-06 03:58:38'),
(1810, 'Dr. Laverne O\'Kon PhD', 'slubowitz@weber.com', 'grau', '1-849-289-1894 x0796', '1986-05-07', '2021-03-06 03:58:38', '2021-03-06 03:58:38'),
(1811, 'Prof. Lindsay Cummerata III', 'fernando71@yahoo.com', 'sage.kreiger', '1-974-257-0562 x0511', '2009-05-13', '2021-03-06 03:58:38', '2021-03-06 03:58:38'),
(1812, 'Veronica Heidenreich', 'wade87@okeefe.org', 'gregory75', '862.800.3598 x0499', '1980-04-06', '2021-03-06 03:58:38', '2021-03-06 03:58:38'),
(1813, 'Annette Douglas II', 'pasquale32@monahan.com', 'erdman.hazel', '472.655.7895', '2010-04-11', '2021-03-06 03:58:38', '2021-03-06 03:58:38'),
(1814, 'Abner Borer MD', 'romaguera.magnolia@becker.com', 'morgan66', '1-681-579-0282 x767', '1988-07-14', '2021-03-06 03:58:38', '2021-03-06 03:58:38'),
(1815, 'Teagan Kshlerin', 'zemlak.faustino@gmail.com', 'pquitzon', '643-237-3663', '2008-10-10', '2021-03-06 03:58:38', '2021-03-06 03:58:38'),
(1816, 'Felton Armstrong', 'sheila.cassin@mraz.com', 'kevin.von', '510.700.9685', '2000-02-21', '2021-03-06 03:58:38', '2021-03-06 03:58:38'),
(1817, 'London Rath PhD', 'fkihn@hotmail.com', 'block.carey', '553.606.6344', '1998-07-11', '2021-03-06 03:58:38', '2021-03-06 03:58:38'),
(1818, 'Gabriel Mills', 'anderson.jess@lynch.org', 'elenor.walter', '+18012450741', '2001-11-12', '2021-03-06 03:58:38', '2021-03-06 03:58:38'),
(1819, 'Mr. Okey Bosco', 'emiliano.reynolds@gmail.com', 'kirlin.cedrick', '(732) 702-6300', '1975-10-23', '2021-03-06 03:58:38', '2021-03-06 03:58:38'),
(1820, 'Jess Block', 'nbashirian@johnson.org', 'webster50', '1-569-659-6172', '1995-06-23', '2021-03-06 03:58:38', '2021-03-06 03:58:38'),
(1821, 'Orion Connelly', 'thompson.justen@rowe.biz', 'alda.feil', '543.901.3512 x2376', '2019-05-06', '2021-03-06 03:58:39', '2021-03-06 03:58:39'),
(1822, 'Queen Mueller', 'parker.braun@hotmail.com', 'hmedhurst', '1-490-929-8758 x007', '1995-03-08', '2021-03-06 03:58:39', '2021-03-06 03:58:39'),
(1823, 'Lourdes Jacobi', 'nstoltenberg@hotmail.com', 'dallin22', '1-983-365-3002', '1970-11-27', '2021-03-06 03:58:39', '2021-03-06 03:58:39'),
(1824, 'Karl Jones II', 'fern.walter@koelpin.com', 'gondricka', '(757) 675-2416 x91036', '1992-12-10', '2021-03-06 03:58:39', '2021-03-06 03:58:39'),
(1825, 'Shayna Cassin', 'breitenberg.colleen@gmail.com', 'vickie.volkman', '978-312-8295 x2445', '1992-10-01', '2021-03-06 03:58:39', '2021-03-06 03:58:39'),
(1826, 'Dr. Ezequiel Durgan Sr.', 'theo19@gmail.com', 'lind.martin', '781.848.7965 x1799', '2008-06-14', '2021-03-06 03:58:39', '2021-03-06 03:58:39'),
(1827, 'Thea Lebsack', 'bria.koch@yahoo.com', 'zglover', '1-738-721-5025 x42515', '2005-08-12', '2021-03-06 03:58:39', '2021-03-06 03:58:39'),
(1828, 'Taurean Aufderhar', 'mertz.destiny@yahoo.com', 'tlowe', '1-548-298-2958', '1989-03-21', '2021-03-06 03:58:39', '2021-03-06 03:58:39'),
(1829, 'Ubaldo Schmidt I', 'zmcclure@hotmail.com', 'reggie99', '(430) 784-1932 x4718', '2018-05-29', '2021-03-06 03:58:39', '2021-03-06 03:58:39'),
(1830, 'Leonor Predovic IV', 'evangeline53@hotmail.com', 'lemke.mariam', '1-814-337-2365', '1974-02-13', '2021-03-06 03:58:39', '2021-03-06 03:58:39'),
(1831, 'Janie Gusikowski', 'maximo.halvorson@spinka.net', 'max10', '1-320-980-3968 x3026', '2004-11-22', '2021-03-06 03:58:39', '2021-03-06 03:58:39'),
(1832, 'Rebeca Wisoky Sr.', 'hyatt.cleora@hyatt.biz', 'glakin', '245-814-9216', '1979-02-17', '2021-03-06 03:58:39', '2021-03-06 03:58:39'),
(1833, 'Dr. Remington West III', 'qgutkowski@bernhard.com', 'hessel.cade', '+1-906-695-4875', '2016-01-15', '2021-03-06 03:58:39', '2021-03-06 03:58:39'),
(1834, 'Dena Raynor', 'dkautzer@gmail.com', 'victor.halvorson', '+1 (593) 749-3544', '2013-08-05', '2021-03-06 03:58:39', '2021-03-06 03:58:39'),
(1835, 'Prof. Jerel Wiza IV', 'jeanette.schamberger@yahoo.com', 'krajcik.maurice', '1-717-371-9825', '1996-11-20', '2021-03-06 03:58:39', '2021-03-06 03:58:39'),
(1836, 'Dr. Jarrell Hane V', 'bosinski@hotmail.com', 'yleuschke', '256.731.3732', '1990-05-31', '2021-03-06 03:58:39', '2021-03-06 03:58:39'),
(1837, 'Cullen Upton', 'schuppe.justina@gmail.com', 'krajcik.nakia', '+1.874.502.1751', '1992-02-16', '2021-03-06 03:58:39', '2021-03-06 03:58:39'),
(1838, 'Sofia Reichert', 'rickie09@yahoo.com', 'raynor.blanche', '734-479-0463 x2248', '2018-04-13', '2021-03-06 03:58:39', '2021-03-06 03:58:39'),
(1839, 'Mrs. Sydnee Pacocha II', 'mkutch@hotmail.com', 'tito.ferry', '1-647-510-9968 x88650', '2013-03-01', '2021-03-06 03:58:39', '2021-03-06 03:58:39'),
(1840, 'Prof. Octavia Dooley', 'sgrimes@simonis.biz', 'skuhic', '958-317-5791 x224', '2016-01-12', '2021-03-06 03:58:39', '2021-03-06 03:58:39'),
(1841, 'Ned Schultz', 'white.marianna@yahoo.com', 'felicita30', '+18316131334', '1995-03-19', '2021-03-06 03:58:39', '2021-03-06 03:58:39'),
(1842, 'Lilla Green', 'rluettgen@prohaska.biz', 'goyette.jarvis', '1-649-854-4323', '2000-05-27', '2021-03-06 03:58:39', '2021-03-06 03:58:39'),
(1843, 'Dennis Pfeffer V', 'ugreenfelder@blanda.com', 'madge.kunze', '331-553-4768 x94012', '2017-05-16', '2021-03-06 03:58:39', '2021-03-06 03:58:39'),
(1844, 'Archibald Fadel', 'hillard16@glover.com', 'herminia.harber', '1-313-372-9904', '1971-04-03', '2021-03-06 03:58:39', '2021-03-06 03:58:39'),
(1845, 'Mrs. Audie Trantow DVM', 'stanton.walter@adams.biz', 'fahey.jaeden', '847.874.2348 x6464', '1971-01-18', '2021-03-06 03:58:39', '2021-03-06 03:58:39'),
(1846, 'Destinee Zieme', 'morissette.tressie@yahoo.com', 'miller.amalia', '(819) 505-3848', '2007-03-28', '2021-03-06 03:58:39', '2021-03-06 03:58:39'),
(1847, 'Colleen Predovic', 'maggio.peyton@collins.com', 'jaeden77', '(708) 678-6443 x970', '2002-02-25', '2021-03-06 03:58:39', '2021-03-06 03:58:39'),
(1848, 'William Okuneva PhD', 'vita.johnston@kiehn.com', 'cmertz', '(726) 698-8244 x96931', '2000-07-09', '2021-03-06 03:58:39', '2021-03-06 03:58:39'),
(1849, 'Mozelle Frami MD', 'nelda.reichert@yahoo.com', 'rheaney', '(698) 914-2018 x4421', '1974-10-04', '2021-03-06 03:58:39', '2021-03-06 03:58:39'),
(1850, 'Briana Cormier II', 'flo.veum@gmail.com', 'alysha.bergstrom', '(839) 516-0000', '1994-03-12', '2021-03-06 03:58:39', '2021-03-06 03:58:39'),
(1851, 'Mikel Kunze II', 'everardo27@nienow.com', 'stanton.trace', '482.405.5283', '2017-03-11', '2021-03-06 03:58:39', '2021-03-06 03:58:39'),
(1852, 'Miss Madilyn Pagac', 'sfeeney@watsica.com', 'avery74', '+13567968052', '2014-07-16', '2021-03-06 03:58:39', '2021-03-06 03:58:39'),
(1853, 'Aida Hirthe', 'norbert32@yahoo.com', 'langosh.christopher', '1-670-700-3437', '1975-02-06', '2021-03-06 03:58:39', '2021-03-06 03:58:39'),
(1854, 'Enrique Dibbert', 'reed.oconnell@lueilwitz.com', 'foster.upton', '+1-298-757-6296', '2007-04-20', '2021-03-06 03:58:40', '2021-03-06 03:58:40'),
(1855, 'Gunnar Yundt', 'vida.harber@yahoo.com', 'fbogisich', '+1.807.305.7548', '2015-02-17', '2021-03-06 03:58:40', '2021-03-06 03:58:40'),
(1856, 'Dedrick Orn', 'margot.cummerata@pfeffer.com', 'aboyer', '680.488.8409 x7862', '2006-03-06', '2021-03-06 03:58:40', '2021-03-06 03:58:40'),
(1857, 'Florian Ratke', 'vinnie26@lakin.com', 'ferry.fausto', '(578) 621-9672', '1999-04-14', '2021-03-06 03:58:40', '2021-03-06 03:58:40'),
(1858, 'Ms. Kari Ferry DVM', 'amitchell@yahoo.com', 'doyle60', '448-910-1006', '1971-07-30', '2021-03-06 03:58:40', '2021-03-06 03:58:40'),
(1859, 'Nathaniel Sauer', 'obatz@hotmail.com', 'jimmy81', '948-973-3411 x509', '1981-05-01', '2021-03-06 03:58:40', '2021-03-06 03:58:40'),
(1860, 'Dr. Ari Haag', 'thora.fisher@jones.info', 'lynch.peyton', '(550) 822-0985 x9496', '1999-06-05', '2021-03-06 03:58:40', '2021-03-06 03:58:40'),
(1861, 'Roscoe DuBuque', 'kemmer.tia@dickinson.org', 'ocorwin', '290.976.2154 x9470', '1980-05-05', '2021-03-06 03:58:40', '2021-03-06 03:58:40'),
(1862, 'Miss Florine Dooley Jr.', 'forrest41@heller.info', 'casper.ressie', '+1-573-531-6845', '2010-04-21', '2021-03-06 03:58:40', '2021-03-06 03:58:40'),
(1863, 'Eldora Rutherford', 'sipes.bert@hotmail.com', 'aurelia80', '(751) 517-3883 x8267', '1982-12-05', '2021-03-06 03:58:40', '2021-03-06 03:58:40'),
(1864, 'Lily DuBuque', 'okon.maegan@fadel.biz', 'selmer.kulas', '396-295-4670', '1991-12-05', '2021-03-06 03:58:40', '2021-03-06 03:58:40'),
(1865, 'Rey Denesik I', 'breitenberg.glenda@gmail.com', 'elyssa.johns', '974.922.4745 x22486', '1973-05-26', '2021-03-06 03:58:40', '2021-03-06 03:58:40'),
(1866, 'Autumn Adams', 'sporer.nasir@hotmail.com', 'hand.kiley', '382-244-5789 x090', '2010-12-17', '2021-03-06 03:58:40', '2021-03-06 03:58:40'),
(1867, 'Dr. Ashlee Mitchell I', 'powlowski.deion@gmail.com', 'sweimann', '+1-732-921-8568', '1975-12-01', '2021-03-06 03:58:40', '2021-03-06 03:58:40'),
(1868, 'Kip Boyle', 'rosetta.price@dicki.com', 'jzulauf', '547-420-9776', '2014-02-22', '2021-03-06 03:58:40', '2021-03-06 03:58:40'),
(1869, 'Mr. Jaren Schultz', 'gorczany.matilda@fahey.com', 'mckenzie.reinger', '645.267.4446 x1231', '1992-07-06', '2021-03-06 03:58:40', '2021-03-06 03:58:40'),
(1870, 'Vada Langworth', 'ldoyle@will.info', 'crona.jairo', '1-510-690-9175 x757', '2004-07-03', '2021-03-06 03:58:40', '2021-03-06 03:58:40'),
(1871, 'Kenna Kozey II', 'dasia19@sporer.com', 'abdiel.quigley', '(819) 285-5699 x1779', '2005-08-15', '2021-03-06 03:58:40', '2021-03-06 03:58:40'),
(1872, 'Noelia Bailey', 'athena87@hotmail.com', 'myron.gaylord', '+1-993-401-3167', '1973-06-28', '2021-03-06 03:58:40', '2021-03-06 03:58:40'),
(1873, 'Viola Jakubowski', 'dmedhurst@daugherty.com', 'mcclure.cassidy', '796.622.6606 x38527', '1995-09-17', '2021-03-06 03:58:40', '2021-03-06 03:58:40'),
(1874, 'Dr. Magnolia O\'Conner', 'samantha38@bayer.com', 'sarina.monahan', '619-479-2342 x280', '1995-12-19', '2021-03-06 03:58:40', '2021-03-06 03:58:40'),
(1875, 'Jacinthe Schinner', 'winston.spinka@yahoo.com', 'browe', '1-415-958-1622 x72792', '1980-07-20', '2021-03-06 03:58:40', '2021-03-06 03:58:40'),
(1876, 'Prof. Larry Feil', 'yundt.ebony@gmail.com', 'jaquelin.aufderhar', '(382) 904-3171 x658', '1985-01-24', '2021-03-06 03:58:40', '2021-03-06 03:58:40'),
(1877, 'Dr. Hailey Haag', 'ckonopelski@yahoo.com', 'bennett.jacobs', '1-915-630-7682', '2016-03-03', '2021-03-06 03:58:40', '2021-03-06 03:58:40'),
(1878, 'Carson Boehm', 'tweissnat@klocko.biz', 'bradly.gaylord', '1-972-685-6617', '2006-07-21', '2021-03-06 03:58:40', '2021-03-06 03:58:40'),
(1879, 'Yessenia Berge', 'scarlett07@daugherty.net', 'fritsch.cleveland', '384.242.6035 x397', '1973-01-24', '2021-03-06 03:58:41', '2021-03-06 03:58:41'),
(1880, 'Miss Rebekah Upton Sr.', 'halvorson.caitlyn@hotmail.com', 'reilly.brice', '1-583-437-5905', '2013-03-13', '2021-03-06 03:58:41', '2021-03-06 03:58:41'),
(1881, 'Erik Huels', 'nils13@yahoo.com', 'stephany.sipes', '337.509.0306 x855', '1993-01-17', '2021-03-06 03:58:41', '2021-03-06 03:58:41'),
(1882, 'Chesley Muller', 'parker.andrew@gmail.com', 'brant33', '374.453.3350', '1981-03-14', '2021-03-06 03:58:41', '2021-03-06 03:58:41'),
(1883, 'Wava Bernhard', 'laurie65@yahoo.com', 'ihackett', '1-793-552-7699', '2007-05-23', '2021-03-06 03:58:41', '2021-03-06 03:58:41'),
(1884, 'Prof. Karolann Block', 'maggio.freddy@cummerata.info', 'eulalia.roob', '901.279.3899 x28270', '1992-05-29', '2021-03-06 03:58:41', '2021-03-06 03:58:41'),
(1885, 'Prof. Elvera Frami', 'walker.bethel@hane.net', 'donnelly.alexanne', '1-525-415-1147 x85443', '1975-05-20', '2021-03-06 03:58:41', '2021-03-06 03:58:41'),
(1886, 'Prof. Agustin O\'Hara MD', 'ihayes@gmail.com', 'mraz.delia', '1-837-942-4304 x588', '1984-07-07', '2021-03-06 03:58:41', '2021-03-06 03:58:41'),
(1887, 'Sierra Schaefer', 'lenore.quigley@hotmail.com', 'krista.davis', '668.347.3671 x4102', '1997-01-30', '2021-03-06 03:58:41', '2021-03-06 03:58:41'),
(1888, 'Prof. Merritt Bartoletti', 'qgreenholt@hotmail.com', 'saige53', '(902) 946-0395 x0080', '1998-01-03', '2021-03-06 03:58:41', '2021-03-06 03:58:41'),
(1889, 'Brendon Schiller', 'april.kihn@gorczany.org', 'nathen.muller', '524-494-8177 x492', '2001-07-03', '2021-03-06 03:58:41', '2021-03-06 03:58:41'),
(1890, 'Tabitha Armstrong', 'stanton.laron@spencer.com', 'ebony.ledner', '473-992-1352 x85454', '2012-03-19', '2021-03-06 03:58:41', '2021-03-06 03:58:41'),
(1891, 'Edythe Wiegand IV', 'miller.agustin@yahoo.com', 'djerde', '+16429426985', '2000-01-08', '2021-03-06 03:58:41', '2021-03-06 03:58:41'),
(1892, 'Emilie O\'Conner', 'maegan.parisian@hotmail.com', 'pouros.jeanette', '+1.809.781.6549', '2004-10-12', '2021-03-06 03:58:41', '2021-03-06 03:58:41'),
(1893, 'Gillian Lehner IV', 'konopelski.nicola@gmail.com', 'carlotta.becker', '+12028245481', '1984-07-20', '2021-03-06 03:58:41', '2021-03-06 03:58:41'),
(1894, 'Sarai Wolf', 'trantow.germaine@cummerata.com', 'abbott.rosalinda', '623.305.2727 x685', '2009-03-08', '2021-03-06 03:58:41', '2021-03-06 03:58:41'),
(1895, 'Chester Smitham', 'aracely15@okon.com', 'aebert', '904-951-7257', '1988-04-19', '2021-03-06 03:58:41', '2021-03-06 03:58:41'),
(1896, 'Mr. Florencio Ebert PhD', 'oebert@hotmail.com', 'mabshire', '(647) 435-2275 x863', '1976-03-01', '2021-03-06 03:58:41', '2021-03-06 03:58:41'),
(1897, 'Kenya Becker', 'corine.ondricka@yahoo.com', 'lela.howell', '(653) 571-2879', '2018-04-15', '2021-03-06 03:58:41', '2021-03-06 03:58:41'),
(1898, 'Thurman Sanford', 'vkuhlman@yahoo.com', 'yortiz', '313.485.0357', '2017-06-15', '2021-03-06 03:58:41', '2021-03-06 03:58:41'),
(1899, 'Greta Gulgowski', 'effie.oreilly@yahoo.com', 'qhermiston', '472-267-6952 x26861', '1979-01-10', '2021-03-06 03:58:41', '2021-03-06 03:58:41'),
(1900, 'Mrs. Jennie Deckow Sr.', 'reinger.gerhard@gmail.com', 'jvonrueden', '1-253-276-0794', '2013-06-19', '2021-03-06 03:58:41', '2021-03-06 03:58:41'),
(1901, 'Dr. Aron Roob V', 'mante.ellie@macejkovic.com', 'hilario.schinner', '636.590.0914', '2019-04-08', '2021-03-06 03:58:41', '2021-03-06 03:58:41'),
(1902, 'Wallace Wunsch', 'cleta.jast@cole.biz', 'linwood94', '761-572-0046', '1996-01-10', '2021-03-06 03:58:41', '2021-03-06 03:58:41'),
(1903, 'Mrs. Cecelia Hirthe', 'rlind@bergnaum.com', 'cecilia33', '(797) 958-7388 x6471', '1977-09-02', '2021-03-06 03:58:41', '2021-03-06 03:58:41'),
(1904, 'Javon Heidenreich', 'amanda.hane@yahoo.com', 'fay.jeffery', '830-849-1424', '2007-10-05', '2021-03-06 03:58:41', '2021-03-06 03:58:41'),
(1905, 'Camylle Robel', 'jdavis@gmail.com', 'pborer', '320.628.2359', '2015-08-22', '2021-03-06 03:58:41', '2021-03-06 03:58:41'),
(1906, 'Ahmed Hand', 'jbotsford@kub.com', 'laila06', '378.713.6986 x31846', '1997-06-26', '2021-03-06 03:58:41', '2021-03-06 03:58:41'),
(1907, 'Travis Kshlerin', 'name40@mueller.com', 'orville.frami', '(305) 883-3203 x04251', '2007-10-26', '2021-03-06 03:58:41', '2021-03-06 03:58:41'),
(1908, 'Nelda Crist', 'egorczany@gmail.com', 'qbeatty', '886-994-4683', '2017-10-19', '2021-03-06 03:58:41', '2021-03-06 03:58:41'),
(1909, 'Enos Rippin', 'gusikowski.damaris@hotmail.com', 'cassin.gennaro', '1-212-231-4115 x910', '2019-01-12', '2021-03-06 03:58:41', '2021-03-06 03:58:41'),
(1910, 'Bennie Herzog', 'rashad.wisoky@hotmail.com', 'ali.hudson', '967.907.9205', '2012-06-14', '2021-03-06 03:58:41', '2021-03-06 03:58:41'),
(1911, 'Cary Jacobi', 'hudson.ruecker@yahoo.com', 'will.little', '627-281-1958 x38318', '2014-04-23', '2021-03-06 03:58:41', '2021-03-06 03:58:41'),
(1912, 'Mr. Carol Bailey', 'devan.kuhlman@hotmail.com', 'dromaguera', '(396) 904-8427', '1970-02-16', '2021-03-06 03:58:41', '2021-03-06 03:58:41'),
(1913, 'Daphney Lind', 'deanna.sawayn@yahoo.com', 'wisoky.kylie', '+1.706.372.3024', '1986-10-11', '2021-03-06 03:58:41', '2021-03-06 03:58:41'),
(1914, 'Layla Braun III', 'cara.ankunding@hotmail.com', 'harvey.karley', '+1-795-572-7126', '1977-01-18', '2021-03-06 03:58:41', '2021-03-06 03:58:41'),
(1915, 'Bradford Hagenes', 'lura.labadie@gmail.com', 'kwaters', '742-533-1387 x927', '2018-04-04', '2021-03-06 03:58:41', '2021-03-06 03:58:41'),
(1916, 'Mr. Cicero Zulauf III', 'pat80@klein.biz', 'cale31', '215.444.8623', '2013-01-17', '2021-03-06 03:58:41', '2021-03-06 03:58:41'),
(1917, 'Valentine Fadel', 'mathilde53@gmail.com', 'annabelle18', '383-795-9019 x30671', '1981-07-07', '2021-03-06 03:58:41', '2021-03-06 03:58:41'),
(1918, 'Mrs. Abby Senger', 'verdman@yahoo.com', 'keaton89', '(726) 893-4221 x272', '1988-10-08', '2021-03-06 03:58:41', '2021-03-06 03:58:41'),
(1919, 'Arely Osinski', 'javon71@lubowitz.info', 'ayla93', '792-699-8494', '2005-02-28', '2021-03-06 03:58:41', '2021-03-06 03:58:41'),
(1920, 'Osborne Hartmann', 'ztoy@willms.info', 'braun.paige', '686.519.7530 x89660', '2019-01-29', '2021-03-06 03:58:42', '2021-03-06 03:58:42'),
(1921, 'Brycen Raynor Jr.', 'adams.bridgette@yahoo.com', 'mhauck', '895.279.5089 x0780', '1971-11-08', '2021-03-06 03:58:42', '2021-03-06 03:58:42'),
(1922, 'Clifford Feest I', 'madonna02@yahoo.com', 'vmarks', '1-304-441-7869 x55934', '2006-11-10', '2021-03-06 03:58:42', '2021-03-06 03:58:42'),
(1923, 'Gina Schowalter', 'bergstrom.wellington@ernser.com', 'karolann.kub', '1-460-277-1301', '2014-05-19', '2021-03-06 03:58:42', '2021-03-06 03:58:42'),
(1924, 'Miss Maudie Harvey', 'rebeca61@yahoo.com', 'sammy.murray', '+1 (548) 778-1474', '1982-06-12', '2021-03-06 03:58:42', '2021-03-06 03:58:42'),
(1925, 'Verlie Ullrich', 'eddie74@carter.com', 'sierra.hayes', '+1 (225) 436-2677', '1978-07-19', '2021-03-06 03:58:42', '2021-03-06 03:58:42'),
(1926, 'Mr. Parker Haley', 'afeest@hotmail.com', 'kkozey', '1-951-723-4115 x16193', '2005-08-20', '2021-03-06 03:58:42', '2021-03-06 03:58:42'),
(1927, 'Declan Hartmann V', 'okon.sydnee@gmail.com', 'vergie.labadie', '545.590.8782 x84594', '2015-06-20', '2021-03-06 03:58:42', '2021-03-06 03:58:42'),
(1928, 'Mr. Jan Rodriguez III', 'harley83@wunsch.org', 'melvin73', '1-951-498-5955 x480', '1997-12-25', '2021-03-06 03:58:42', '2021-03-06 03:58:42'),
(1929, 'Miss Orpha Nader DVM', 'sawayn.gladyce@yahoo.com', 'adubuque', '+1-904-383-7646', '1990-04-25', '2021-03-06 03:58:42', '2021-03-06 03:58:42'),
(1930, 'Ms. Dana Carter', 'epadberg@gleichner.com', 'geoffrey17', '696-433-2196 x3007', '2020-07-07', '2021-03-06 03:58:42', '2021-03-06 03:58:42'),
(1931, 'Reed Jerde', 'molly78@homenick.org', 'ibeatty', '345-201-5986 x93914', '2012-04-11', '2021-03-06 03:58:42', '2021-03-06 03:58:42'),
(1932, 'Odie Koepp', 'darby98@schneider.com', 'dahlia50', '+1.792.896.0667', '2016-07-12', '2021-03-06 03:58:42', '2021-03-06 03:58:42'),
(1933, 'Ms. Wava Koepp', 'anderson09@gmail.com', 'elaina.roberts', '(664) 475-1511 x27093', '1995-06-18', '2021-03-06 03:58:42', '2021-03-06 03:58:42'),
(1934, 'Marian Effertz', 'devante.lindgren@rolfson.info', 'yundt.laisha', '1-363-434-6553 x5181', '1996-09-30', '2021-03-06 03:58:42', '2021-03-06 03:58:42'),
(1935, 'Josh Shanahan', 'kertzmann.eveline@gmail.com', 'johnston.ollie', '(660) 327-1291', '2012-05-02', '2021-03-06 03:58:42', '2021-03-06 03:58:42'),
(1936, 'Chet Beatty IV', 'emmanuelle.casper@gmail.com', 'titus.schuppe', '641-671-0646', '2001-05-17', '2021-03-06 03:58:42', '2021-03-06 03:58:42'),
(1937, 'Fred O\'Connell', 'juliet97@gmail.com', 'dach.estella', '853.669.0777', '2008-09-21', '2021-03-06 03:58:42', '2021-03-06 03:58:42'),
(1938, 'Thalia Sanford II', 'wehner.natasha@reichel.com', 'dickens.marion', '+19426665605', '2005-10-30', '2021-03-06 03:58:42', '2021-03-06 03:58:42'),
(1939, 'Prof. Arne Ernser IV', 'corene01@gmail.com', 'fhodkiewicz', '+1.829.279.3070', '1978-02-14', '2021-03-06 03:58:42', '2021-03-06 03:58:42'),
(1940, 'Prof. Hudson Sawayn', 'lemke.johanna@upton.com', 'jalen41', '898-497-9918 x64101', '1977-10-30', '2021-03-06 03:58:42', '2021-03-06 03:58:42'),
(1941, 'Doyle Grimes', 'deshaun.swift@russel.com', 'eabernathy', '862-369-7456 x7800', '1988-05-14', '2021-03-06 03:58:42', '2021-03-06 03:58:42'),
(1942, 'Prof. Korey Hill DDS', 'ohara.katrine@yahoo.com', 'danyka64', '1-565-224-7763', '1984-12-08', '2021-03-06 03:58:42', '2021-03-06 03:58:42'),
(1943, 'Macey Kuhic', 'ghomenick@balistreri.org', 'neva.durgan', '+1-498-379-9067', '1995-09-19', '2021-03-06 03:58:42', '2021-03-06 03:58:42'),
(1944, 'Talia Johns', 'wehner.citlalli@hotmail.com', 'cecilia77', '+1-552-514-1535', '1975-01-15', '2021-03-06 03:58:42', '2021-03-06 03:58:42'),
(1945, 'Eileen Ruecker', 'davis.arvel@predovic.com', 'tony.nitzsche', '+12727125794', '1998-09-25', '2021-03-06 03:58:42', '2021-03-06 03:58:42'),
(1946, 'Ayla Schneider II', 'vcassin@rosenbaum.org', 'julianne83', '(910) 414-7559 x34595', '1996-05-24', '2021-03-06 03:58:42', '2021-03-06 03:58:42'),
(1947, 'Abbie Kris', 'miller.auer@schaefer.com', 'oframi', '(765) 465-1143', '2018-01-13', '2021-03-06 03:58:42', '2021-03-06 03:58:42'),
(1948, 'German Pagac', 'zbecker@hotmail.com', 'wpfeffer', '807-224-2673', '1976-02-23', '2021-03-06 03:58:42', '2021-03-06 03:58:42'),
(1949, 'Prof. Gardner Kub I', 'aconsidine@yahoo.com', 'itreutel', '+1-849-282-8223', '1976-03-05', '2021-03-06 03:58:42', '2021-03-06 03:58:42'),
(1950, 'Brendan Cronin', 'allen81@spencer.net', 'kbauch', '+1-640-923-8756', '1989-04-10', '2021-03-06 03:58:42', '2021-03-06 03:58:42'),
(1951, 'Lonie Deckow MD', 'tremblay.annetta@yahoo.com', 'roberts.monserrat', '(526) 885-0395', '1995-01-23', '2021-03-06 03:58:42', '2021-03-06 03:58:42'),
(1952, 'Marta Dickens', 'zoe.koch@ledner.info', 'chauncey.schinner', '570.557.6630 x296', '2008-06-01', '2021-03-06 03:58:42', '2021-03-06 03:58:42'),
(1953, 'Breana Blanda V', 'consuelo.rath@gulgowski.info', 'grimes.gladys', '339.970.5876', '2008-06-01', '2021-03-06 03:58:42', '2021-03-06 03:58:42'),
(1954, 'Liam Mann', 'gleannon@hill.net', 'beer.evalyn', '668-637-1219 x328', '2014-07-26', '2021-03-06 03:58:42', '2021-03-06 03:58:42'),
(1955, 'Jarvis Runte', 'johanna.eichmann@schamberger.org', 'gaylord.bogan', '214-808-4999', '1998-11-24', '2021-03-06 03:58:43', '2021-03-06 03:58:43'),
(1956, 'Bonita Beier', 'lhagenes@hotmail.com', 'johnnie.marvin', '+1-276-919-4297', '1995-01-09', '2021-03-06 03:58:43', '2021-03-06 03:58:43'),
(1957, 'Sarina Zieme', 'gwen77@yahoo.com', 'kstokes', '+1 (491) 239-7779', '2017-06-18', '2021-03-06 03:58:43', '2021-03-06 03:58:43'),
(1958, 'Mr. Marcos Zboncak MD', 'frederic32@raynor.org', 'cmayer', '1-342-307-2667', '2004-09-06', '2021-03-06 03:58:43', '2021-03-06 03:58:43'),
(1959, 'Dr. Jazmyn Kovacek', 'krowe@sawayn.org', 'twisoky', '(756) 470-4102', '1989-08-12', '2021-03-06 03:58:43', '2021-03-06 03:58:43'),
(1960, 'Clementine Stokes', 'csimonis@bahringer.biz', 'doyle03', '1-831-319-4724', '2016-06-14', '2021-03-06 03:58:43', '2021-03-06 03:58:43'),
(1961, 'Dorris Kuhic', 'oziemann@hotmail.com', 'josh.kassulke', '1-479-777-0089 x320', '1971-05-08', '2021-03-06 03:58:43', '2021-03-06 03:58:43'),
(1962, 'Ernestina Weimann', 'abraun@hotmail.com', 'rudolph38', '+14245874436', '2003-07-08', '2021-03-06 03:58:43', '2021-03-06 03:58:43'),
(1963, 'Mina Medhurst', 'gordon35@hotmail.com', 'nicolette.romaguera', '654-864-0479 x962', '1992-04-03', '2021-03-06 03:58:43', '2021-03-06 03:58:43'),
(1964, 'Cassidy Schiller', 'fmurphy@yahoo.com', 'eugene39', '920.838.5324 x57102', '2004-03-18', '2021-03-06 03:58:43', '2021-03-06 03:58:43'),
(1965, 'Vincenza Wisoky', 'thora.reichel@jacobs.com', 'belle.stanton', '912-524-7481 x52052', '1971-08-19', '2021-03-06 03:58:43', '2021-03-06 03:58:43'),
(1966, 'Mr. Garnet Smith', 'graham.nichole@yahoo.com', 'kacey91', '+1 (326) 284-8110', '2008-10-13', '2021-03-06 03:58:43', '2021-03-06 03:58:43'),
(1967, 'Jaylin Bartell', 'emory.johnston@gmail.com', 'kuvalis.lolita', '1-783-809-2604 x815', '1973-04-18', '2021-03-06 03:58:43', '2021-03-06 03:58:43'),
(1968, 'Taryn Murray Sr.', 'aaron.turcotte@koch.info', 'bertrand.kuhn', '+17367039360', '2009-03-29', '2021-03-06 03:58:43', '2021-03-06 03:58:43'),
(1969, 'Obie Pagac DVM', 'wiegand.leatha@casper.com', 'aauer', '(754) 296-1692 x549', '2015-12-02', '2021-03-06 03:58:43', '2021-03-06 03:58:43'),
(1970, 'Orie Marks', 'thompson.donavon@wilderman.com', 'myron84', '1-935-286-0828 x485', '2014-01-14', '2021-03-06 03:58:43', '2021-03-06 03:58:43'),
(1971, 'Dr. Hassie Schumm', 'cpagac@hodkiewicz.info', 'lhyatt', '+1-771-906-2918', '1975-01-23', '2021-03-06 03:58:43', '2021-03-06 03:58:43'),
(1972, 'Breana Skiles PhD', 'kking@nicolas.com', 'macy97', '254.901.7627', '1972-09-21', '2021-03-06 03:58:43', '2021-03-06 03:58:43'),
(1973, 'Nikko Mitchell PhD', 'lorna.jones@yahoo.com', 'mayer.akeem', '(574) 557-5716 x900', '2009-02-24', '2021-03-06 03:58:43', '2021-03-06 03:58:43'),
(1974, 'Prof. Savion Farrell', 'barton.marshall@yahoo.com', 'jbashirian', '1-615-438-8801 x179', '2005-09-19', '2021-03-06 03:58:43', '2021-03-06 03:58:43'),
(1975, 'Orland Bruen', 'heidenreich.elza@dibbert.com', 'weissnat.roma', '(976) 648-4288 x6932', '1988-07-06', '2021-03-06 03:58:43', '2021-03-06 03:58:43'),
(1976, 'Mr. Austin Jaskolski DDS', 'eorn@gmail.com', 'malachi65', '1-734-800-9959 x8623', '1995-07-16', '2021-03-06 03:58:43', '2021-03-06 03:58:43'),
(1977, 'Dr. Cornelius Cole DDS', 'sschmeler@hotmail.com', 'vmcdermott', '287-688-5863', '2017-01-08', '2021-03-06 03:58:43', '2021-03-06 03:58:43'),
(1978, 'Alba Boehm', 'bradtke.arlo@okon.com', 'ylittle', '+1 (606) 424-9330', '1994-02-17', '2021-03-06 03:58:44', '2021-03-06 03:58:44'),
(1979, 'General Johnson', 'legros.anderson@hotmail.com', 'gorczany.sasha', '(396) 882-1786', '2020-06-13', '2021-03-06 03:58:44', '2021-03-06 03:58:44'),
(1980, 'Mr. Faustino Casper', 'mariana.conroy@yahoo.com', 'padberg.jerod', '1-389-732-2899 x9656', '1988-12-27', '2021-03-06 03:58:44', '2021-03-06 03:58:44'),
(1981, 'Santiago Greenholt', 'stoltenberg.brayan@yahoo.com', 'phyllis90', '872.753.9748 x6496', '2001-02-15', '2021-03-06 03:58:44', '2021-03-06 03:58:44'),
(1982, 'Leanna Dare', 'freida90@bins.biz', 'brenda72', '+1.317.657.5937', '2013-01-22', '2021-03-06 03:58:44', '2021-03-06 03:58:44'),
(1983, 'Marcel Schaefer', 'jade.larkin@yahoo.com', 'kwuckert', '520.602.6389', '2011-08-03', '2021-03-06 03:58:44', '2021-03-06 03:58:44'),
(1984, 'Cathy Ernser IV', 'xlubowitz@wiegand.org', 'bernard76', '(796) 784-6427', '1982-08-01', '2021-03-06 03:58:44', '2021-03-06 03:58:44'),
(1985, 'Cristobal Howe', 'dixie23@fay.biz', 'breitenberg.kian', '1-982-872-3506 x85323', '1994-04-14', '2021-03-06 03:58:44', '2021-03-06 03:58:44'),
(1986, 'Prof. Garrick Will I', 'alaina.hagenes@yahoo.com', 'milton34', '853-847-0327', '1973-02-26', '2021-03-06 03:58:44', '2021-03-06 03:58:44'),
(1987, 'Kacie Towne', 'eli.kreiger@cremin.com', 'heaney.bryana', '+1-204-779-8844', '2002-01-30', '2021-03-06 03:58:44', '2021-03-06 03:58:44'),
(1988, 'Lizzie Lakin', 'okey52@windler.com', 'jess.roob', '1-413-921-5988 x837', '2017-03-27', '2021-03-06 03:58:44', '2021-03-06 03:58:44'),
(1989, 'Mrs. Magdalen Smith IV', 'cortez.pfeffer@gmail.com', 'melisa.stroman', '1-454-266-4857', '2003-10-03', '2021-03-06 03:58:44', '2021-03-06 03:58:44'),
(1990, 'Lorine Satterfield', 'fidel.torp@gmail.com', 'omurazik', '(462) 231-6388 x4056', '1984-02-29', '2021-03-06 03:58:44', '2021-03-06 03:58:44'),
(1991, 'Carmela Jacobs', 'jziemann@rice.com', 'cordie.greenholt', '1-680-298-7573 x75452', '1973-02-12', '2021-03-06 03:58:44', '2021-03-06 03:58:44'),
(1992, 'Ollie Romaguera I', 'name.jerde@corwin.org', 'jhoppe', '1-870-360-7394 x3998', '1981-12-19', '2021-03-06 03:58:44', '2021-03-06 03:58:44'),
(1993, 'Mr. Javier Metz Sr.', 'larkin.brooks@kreiger.biz', 'ndouglas', '(556) 526-1860 x354', '1978-08-18', '2021-03-06 03:58:44', '2021-03-06 03:58:44'),
(1994, 'Clair Blanda II', 'nprice@hotmail.com', 'rashawn.johnson', '406-409-2402', '1974-03-07', '2021-03-06 03:58:44', '2021-03-06 03:58:44'),
(1995, 'Neha Lind', 'schaden.harmony@yahoo.com', 'brooks.kilback', '892.600.0400 x6457', '2008-03-28', '2021-03-06 03:58:44', '2021-03-06 03:58:44'),
(1996, 'Triston Murphy', 'bennie.harris@maggio.com', 'jaime.jaskolski', '497.346.0174', '2004-11-07', '2021-03-06 03:58:44', '2021-03-06 03:58:44'),
(1997, 'Mr. Jeremie Hahn', 'littel.jovanny@emmerich.com', 'ulemke', '1-915-382-4993 x029', '2010-07-21', '2021-03-06 03:58:44', '2021-03-06 03:58:44'),
(1998, 'Alfredo Kling', 'ebecker@yahoo.com', 'rsawayn', '319.925.0501', '1978-08-25', '2021-03-06 03:58:44', '2021-03-06 03:58:44'),
(1999, 'Aric Bergstrom', 'quinten.rodriguez@carroll.com', 'kunze.baylee', '(771) 698-6706', '2002-06-11', '2021-03-06 03:58:44', '2021-03-06 03:58:44'),
(2000, 'Arlene Ward', 'swalter@crist.com', 'witting.enid', '729-421-4276', '1991-05-08', '2021-03-06 03:58:44', '2021-03-06 03:58:44'),
(2001, 'Prof. Darrin Dicki MD', 'dubuque.zackary@hotmail.com', 'polly.kassulke', '(337) 928-3771 x9750', '2010-11-07', '2021-03-06 03:58:44', '2021-03-06 03:58:44'),
(2002, 'Dagmar Oberbrunner', 'erich91@yahoo.com', 'john.kemmer', '+1-636-516-2608', '2004-04-28', '2021-03-06 03:58:44', '2021-03-06 03:58:44'),
(2003, 'Dr. Ashlee Brown', 'gregg88@yahoo.com', 'oberbrunner.dorcas', '1-295-855-7584', '1970-06-28', '2021-03-06 03:58:44', '2021-03-06 03:58:44'),
(2004, 'Dr. Griffin Fahey II', 'jude73@dickens.net', 'marshall11', '1-792-394-8188 x84608', '1971-12-10', '2021-03-06 03:58:44', '2021-03-06 03:58:44'),
(2005, 'Jamie Roberts', 'predovic.eldridge@ebert.biz', 'uprosacco', '1-282-932-3381', '2004-08-29', '2021-03-06 03:58:44', '2021-03-06 03:58:44'),
(2006, 'Velva Watsica', 'nader.kallie@yahoo.com', 'mikel.waelchi', '614.550.3151 x380', '1996-04-11', '2021-03-06 03:58:44', '2021-03-06 03:58:44'),
(2007, 'Emmie Dare', 'ahmed.mosciski@shields.net', 'gladyce.champlin', '575-297-3468', '2016-04-27', '2021-03-06 03:58:44', '2021-03-06 03:58:44'),
(2008, 'Mrs. Theresia Kassulke', 'darius.klocko@yahoo.com', 'ankunding.floyd', '1-402-271-7046', '2012-12-13', '2021-03-06 03:58:44', '2021-03-06 03:58:44'),
(2009, 'Prof. Sedrick Erdman I', 'sheldon94@windler.com', 'anya06', '+14183225229', '2005-01-13', '2021-03-06 03:58:44', '2021-03-06 03:58:44'),
(2010, 'Dr. Concepcion Larson', 'heidi.zboncak@hotmail.com', 'harber.verona', '(719) 656-0273', '1992-09-07', '2021-03-06 03:58:44', '2021-03-06 03:58:44'),
(2011, 'Mr. Demarcus Block MD', 'qauer@schinner.com', 'minerva.dibbert', '(362) 251-9905 x5633', '2019-09-30', '2021-03-06 03:58:44', '2021-03-06 03:58:44'),
(2012, 'Ms. Shany Hilpert', 'pfeffer.merlin@pacocha.net', 'wjacobs', '+1.423.396.1989', '2017-03-25', '2021-03-06 03:58:45', '2021-03-06 03:58:45'),
(2013, 'Herbert Moore III', 'herta77@hotmail.com', 'dock.hermann', '+1 (630) 872-4601', '1979-01-06', '2021-03-06 03:58:45', '2021-03-06 03:58:45'),
(2014, 'Prof. Jess Ward DVM', 'okey.crist@windler.com', 'jana.jaskolski', '1-625-230-8068 x62576', '1983-01-12', '2021-03-06 03:58:45', '2021-03-06 03:58:45'),
(2015, 'Prof. Roslyn Lind', 'zcasper@marquardt.com', 'ratke.zakary', '(249) 861-2874', '2001-06-06', '2021-03-06 03:58:45', '2021-03-06 03:58:45'),
(2016, 'Reed Cremin', 'daren.koelpin@gmail.com', 'ywatsica', '373.962.5580 x2071', '2010-09-07', '2021-03-06 03:58:45', '2021-03-06 03:58:45'),
(2017, 'Minerva Kutch', 'heaven01@hotmail.com', 'anastasia45', '1-254-588-4793', '1994-08-07', '2021-03-06 03:58:45', '2021-03-06 03:58:45'),
(2018, 'Ms. Leola Wilkinson II', 'schuppe.katrina@gmail.com', 'gprice', '373.482.7741', '2006-12-09', '2021-03-06 03:58:45', '2021-03-06 03:58:45'),
(2019, 'Mr. Nikko Kessler', 'greyson07@hotmail.com', 'ncollier', '701.559.4134 x7363', '1982-11-10', '2021-03-06 03:58:45', '2021-03-06 03:58:45'),
(2020, 'Mr. Waylon Swaniawski II', 'herman.reyna@muller.com', 'donna.mann', '+1-864-921-8744', '1991-10-23', '2021-03-06 03:58:45', '2021-03-06 03:58:45'),
(2021, 'Aliya Heller', 'fae62@schmidt.org', 'daugherty.giuseppe', '383-710-4347', '1977-07-31', '2021-03-06 03:58:45', '2021-03-06 03:58:45'),
(2022, 'Vernie Bernhard', 'johnston.ethel@gmail.com', 'dcummings', '(325) 317-8016', '2007-12-22', '2021-03-06 03:58:45', '2021-03-06 03:58:45'),
(2023, 'Evan Gerlach', 'veum.juana@yahoo.com', 'kunde.madelyn', '1-629-805-5322', '2015-03-18', '2021-03-06 03:58:45', '2021-03-06 03:58:45'),
(2024, 'Dr. Fredy Smith', 'gspencer@hotmail.com', 'schiller.emiliano', '+1-732-451-6410', '1995-04-28', '2021-03-06 03:58:45', '2021-03-06 03:58:45'),
(2025, 'Vidal Hackett', 'conroy.mollie@yahoo.com', 'julian08', '715-223-1437 x87308', '2003-04-18', '2021-03-06 03:58:45', '2021-03-06 03:58:45'),
(2026, 'Gonzalo Waters III', 'swaniawski.lelia@hotmail.com', 'gilberto87', '+1.535.930.9748', '2001-01-08', '2021-03-06 03:58:45', '2021-03-06 03:58:45'),
(2027, 'Edward Flatley PhD', 'qlemke@dicki.com', 'joe.douglas', '1-626-863-7771', '1975-04-11', '2021-03-06 03:58:45', '2021-03-06 03:58:45'),
(2028, 'Mr. Janick Friesen III', 'bianka40@collier.com', 'dulce.senger', '327-481-4390', '1970-12-14', '2021-03-06 03:58:45', '2021-03-06 03:58:45'),
(2029, 'Prof. Pietro Walker', 'rashad77@greenholt.com', 'keshaun57', '1-946-993-1156', '1993-11-18', '2021-03-06 03:58:45', '2021-03-06 03:58:45'),
(2030, 'Harvey Altenwerth V', 'cronin.geoffrey@satterfield.com', 'trenner', '452-533-7526 x08882', '1972-11-24', '2021-03-06 03:58:45', '2021-03-06 03:58:45'),
(2031, 'Marie Daugherty', 'brandt05@dubuque.com', 'helene.rau', '728.777.1766 x60540', '2013-06-12', '2021-03-06 03:58:45', '2021-03-06 03:58:45'),
(2032, 'Prof. Kavon Fadel', 'tristin.jakubowski@wiza.com', 'odie.kub', '+1.382.450.5079', '2019-07-27', '2021-03-06 03:58:45', '2021-03-06 03:58:45'),
(2033, 'Magdalena Hintz', 'mraz.sheila@schmitt.biz', 'cassandre98', '+1-993-967-5178', '2009-05-06', '2021-03-06 03:58:45', '2021-03-06 03:58:45'),
(2034, 'Yesenia Grimes', 'hannah.windler@yahoo.com', 'ubrakus', '497-323-7549', '1993-08-02', '2021-03-06 03:58:45', '2021-03-06 03:58:45'),
(2035, 'Mr. Valentin Huels', 'jgaylord@cremin.biz', 'fokuneva', '802-494-0943', '2007-05-18', '2021-03-06 03:58:45', '2021-03-06 03:58:45'),
(2036, 'Miss Alyce Schneider', 'freida.carroll@hotmail.com', 'myundt', '(635) 218-4637', '1982-09-01', '2021-03-06 03:58:45', '2021-03-06 03:58:45'),
(2037, 'Prof. Maxime Fay I', 'watsica.alexandra@daniel.org', 'alanis.wehner', '+19838435632', '1974-01-03', '2021-03-06 03:58:45', '2021-03-06 03:58:45'),
(2038, 'Collin Streich', 'marilyne.towne@carroll.biz', 'judge90', '1-517-585-8319 x3871', '1994-12-20', '2021-03-06 03:58:45', '2021-03-06 03:58:45'),
(2039, 'Wilburn Lakin', 'rachel46@gmail.com', 'bkuphal', '331.621.5530 x380', '1992-09-05', '2021-03-06 03:58:45', '2021-03-06 03:58:45'),
(2040, 'Geovany Ortiz DVM', 'vrunte@gleason.com', 'hfeest', '1-390-788-4781 x512', '1997-05-03', '2021-03-06 03:58:45', '2021-03-06 03:58:45'),
(2041, 'Orie Considine', 'jaylin00@hauck.org', 'drew43', '508-822-8382', '2005-08-04', '2021-03-06 03:58:45', '2021-03-06 03:58:45'),
(2042, 'Dr. Cyril Lueilwitz DDS', 'piper.flatley@metz.biz', 'ike.ritchie', '347-614-0358', '2020-07-31', '2021-03-06 03:58:45', '2021-03-06 03:58:45'),
(2043, 'Kailey Schimmel', 'shawna.dicki@barrows.biz', 'jwilkinson', '636-839-6595 x920', '1973-06-22', '2021-03-06 03:58:45', '2021-03-06 03:58:45'),
(2044, 'Lavina Gutmann', 'agibson@hackett.com', 'alda.gusikowski', '575-346-1833', '1993-07-19', '2021-03-06 03:58:45', '2021-03-06 03:58:45');
INSERT INTO `students` (`id`, `name`, `email`, `username`, `phone`, `dob`, `created_at`, `updated_at`) VALUES
(2045, 'Tara Connelly', 'hoppe.lucinda@osinski.biz', 'anjali40', '1-898-635-6569', '2006-04-28', '2021-03-06 03:58:45', '2021-03-06 03:58:45'),
(2046, 'Sid Kub', 'ddonnelly@dietrich.info', 'tarmstrong', '660.823.7036 x00246', '1978-05-10', '2021-03-06 03:58:45', '2021-03-06 03:58:45'),
(2047, 'Greta Ritchie', 'gwatsica@friesen.com', 'hoppe.stefan', '(853) 398-2523 x276', '1983-11-13', '2021-03-06 03:58:45', '2021-03-06 03:58:45'),
(2048, 'Lottie Becker', 'eruecker@marvin.com', 'qjacobson', '574-224-3380 x4583', '1985-12-26', '2021-03-06 03:58:45', '2021-03-06 03:58:45');

-- --------------------------------------------------------

--
-- Table structure for table `teachers`
--

CREATE TABLE `teachers` (
  `id` bigint(20) UNSIGNED NOT NULL,
  `user_id` bigint(20) UNSIGNED NOT NULL,
  `code` varchar(30) COLLATE utf8mb4_unicode_ci DEFAULT NULL,
  `type` tinyint(1) NOT NULL DEFAULT '0',
  `academic_group_id` bigint(20) UNSIGNED DEFAULT NULL,
  `academic_department_id` bigint(20) UNSIGNED DEFAULT NULL,
  `designation_id` bigint(20) UNSIGNED NOT NULL,
  `religion_id` bigint(20) UNSIGNED NOT NULL,
  `salary_scale_id` bigint(20) UNSIGNED NOT NULL,
  `blood` varchar(30) COLLATE utf8mb4_unicode_ci NOT NULL,
  `join_date` date NOT NULL,
  `created_at` timestamp NULL DEFAULT NULL,
  `updated_at` timestamp NULL DEFAULT NULL
) ENGINE=InnoDB DEFAULT CHARSET=utf8mb4 COLLATE=utf8mb4_unicode_ci;

--
-- Dumping data for table `teachers`
--

INSERT INTO `teachers` (`id`, `user_id`, `code`, `type`, `academic_group_id`, `academic_department_id`, `designation_id`, `religion_id`, `salary_scale_id`, `blood`, `join_date`, `created_at`, `updated_at`) VALUES
(1, 18, NULL, 0, 11, NULL, 5, 2, 2, 'A+', '2017-11-24', '2021-03-17 14:17:02', '2021-03-17 14:17:02'),
(2, 19, NULL, 0, 11, NULL, 3, 2, 2, 'AB-', '2002-07-20', '2021-03-17 14:20:10', '2021-03-17 14:20:10'),
(3, 20, NULL, 1, NULL, 1, 4, 1, 2, 'B+', '2002-05-21', '2021-03-17 14:51:16', '2021-03-17 14:51:16'),
(4, 21, NULL, 1, NULL, 6, 4, 5, 3, 'A-', '1970-09-09', '2021-03-18 01:58:25', '2021-03-18 01:58:25'),
(5, 22, 'ZAH', 1, NULL, 1, 4, 4, 2, 'B+', '2002-10-14', '2021-03-18 02:11:53', '2021-03-23 06:00:21'),
(6, 23, 'NZA', 1, NULL, 1, 2, 5, 1, 'B+', '1977-10-29', '2021-03-18 02:13:43', '2021-03-23 06:01:44'),
(7, 24, 'Distinctio Quos et', 0, 14, NULL, 2, 1, 3, 'AB+', '2005-01-26', '2021-03-23 06:17:15', '2021-03-23 06:17:15'),
(8, 25, 'Natus sunt in et er', 0, 11, NULL, 1, 1, 1, 'AB-', '1989-06-04', '2021-04-04 04:33:27', '2021-04-04 04:33:27'),
(9, 26, 'Magna expedita exerc', 1, NULL, 1, 2, 4, 2, 'O+', '1985-03-13', '2021-04-04 04:33:38', '2021-04-04 04:33:38'),
(10, 27, 'Ut voluptas enim omn', 0, 11, NULL, 4, 3, 2, 'X', '2002-12-27', '2021-04-04 04:33:45', '2021-04-04 04:33:45'),
(11, 28, 'Sit est et eos qua', 0, 11, NULL, 4, 3, 3, 'O+', '1977-10-30', '2021-04-04 04:33:53', '2021-04-04 04:33:53');

-- --------------------------------------------------------

--
-- Table structure for table `teacher_education`
--

CREATE TABLE `teacher_education` (
  `id` bigint(20) UNSIGNED NOT NULL,
  `teacher_id` bigint(20) UNSIGNED NOT NULL,
  `name` text COLLATE utf8mb4_unicode_ci NOT NULL,
  `created_at` timestamp NULL DEFAULT NULL,
  `updated_at` timestamp NULL DEFAULT NULL
) ENGINE=InnoDB DEFAULT CHARSET=utf8mb4 COLLATE=utf8mb4_unicode_ci;

--
-- Dumping data for table `teacher_education`
--

INSERT INTO `teacher_education` (`id`, `teacher_id`, `name`, `created_at`, `updated_at`) VALUES
(1, 1, 'Tatiana Lambert', '2021-03-17 14:17:03', '2021-03-17 14:17:03'),
(2, 2, 'Daquan Hill', '2021-03-17 14:20:10', '2021-03-17 14:20:10'),
(3, 2, 'Jordan King', '2021-03-17 14:20:10', '2021-03-17 14:20:10'),
(4, 3, 'Alma Castro', '2021-03-17 14:51:16', '2021-03-17 14:51:16'),
(5, 4, 'Harper Burnett', '2021-03-18 01:58:25', '2021-03-18 01:58:25'),
(10, 5, 'Rae Holmes', '2021-03-23 06:00:21', '2021-03-23 06:00:21'),
(11, 6, 'Valentine Foster', '2021-03-23 06:01:44', '2021-03-23 06:01:44'),
(12, 7, 'Macey Fox', '2021-03-23 06:17:15', '2021-03-23 06:17:15'),
(13, 8, 'Blake Barlow', '2021-04-04 04:33:27', '2021-04-04 04:33:27'),
(14, 9, 'Felix Sykes', '2021-04-04 04:33:38', '2021-04-04 04:33:38'),
(15, 10, 'Rae Summers', '2021-04-04 04:33:45', '2021-04-04 04:33:45'),
(16, 11, 'Casey Snyder', '2021-04-04 04:33:53', '2021-04-04 04:33:53');

-- --------------------------------------------------------

--
-- Table structure for table `upazilas`
--

CREATE TABLE `upazilas` (
  `id` int(3) NOT NULL,
  `district_id` int(2) NOT NULL,
  `name` varchar(25) NOT NULL,
  `bn_name` varchar(25) NOT NULL,
  `url` varchar(50) NOT NULL
) ENGINE=InnoDB DEFAULT CHARSET=utf8;

--
-- Dumping data for table `upazilas`
--

INSERT INTO `upazilas` (`id`, `district_id`, `name`, `bn_name`, `url`) VALUES
(1, 1, 'Debidwar', 'দেবিদ্বার', 'debidwar.comilla.gov.bd'),
(2, 1, 'Barura', 'বরুড়া', 'barura.comilla.gov.bd'),
(3, 1, 'Brahmanpara', 'ব্রাহ্মণপাড়া', 'brahmanpara.comilla.gov.bd'),
(4, 1, 'Chandina', 'চান্দিনা', 'chandina.comilla.gov.bd'),
(5, 1, 'Chauddagram', 'চৌদ্দগ্রাম', 'chauddagram.comilla.gov.bd'),
(6, 1, 'Daudkandi', 'দাউদকান্দি', 'daudkandi.comilla.gov.bd'),
(7, 1, 'Homna', 'হোমনা', 'homna.comilla.gov.bd'),
(8, 1, 'Laksam', 'লাকসাম', 'laksam.comilla.gov.bd'),
(9, 1, 'Muradnagar', 'মুরাদনগর', 'muradnagar.comilla.gov.bd'),
(10, 1, 'Nangalkot', 'নাঙ্গলকোট', 'nangalkot.comilla.gov.bd'),
(11, 1, 'Comilla Sadar', 'কুমিল্লা সদর', 'comillasadar.comilla.gov.bd'),
(12, 1, 'Meghna', 'মেঘনা', 'meghna.comilla.gov.bd'),
(13, 1, 'Monohargonj', 'মনোহরগঞ্জ', 'monohargonj.comilla.gov.bd'),
(14, 1, 'Sadarsouth', 'সদর দক্ষিণ', 'sadarsouth.comilla.gov.bd'),
(15, 1, 'Titas', 'তিতাস', 'titas.comilla.gov.bd'),
(16, 1, 'Burichang', 'বুড়িচং', 'burichang.comilla.gov.bd'),
(17, 1, 'Lalmai', 'লালমাই', 'lalmai.comilla.gov.bd'),
(18, 2, 'Chhagalnaiya', 'ছাগলনাইয়া', 'chhagalnaiya.feni.gov.bd'),
(19, 2, 'Feni Sadar', 'ফেনী সদর', 'sadar.feni.gov.bd'),
(20, 2, 'Sonagazi', 'সোনাগাজী', 'sonagazi.feni.gov.bd'),
(21, 2, 'Fulgazi', 'ফুলগাজী', 'fulgazi.feni.gov.bd'),
(22, 2, 'Parshuram', 'পরশুরাম', 'parshuram.feni.gov.bd'),
(23, 2, 'Daganbhuiyan', 'দাগনভূঞা', 'daganbhuiyan.feni.gov.bd'),
(24, 3, 'Brahmanbaria Sadar', 'ব্রাহ্মণবাড়িয়া সদর', 'sadar.brahmanbaria.gov.bd'),
(25, 3, 'Kasba', 'কসবা', 'kasba.brahmanbaria.gov.bd'),
(26, 3, 'Nasirnagar', 'নাসিরনগর', 'nasirnagar.brahmanbaria.gov.bd'),
(27, 3, 'Sarail', 'সরাইল', 'sarail.brahmanbaria.gov.bd'),
(28, 3, 'Ashuganj', 'আশুগঞ্জ', 'ashuganj.brahmanbaria.gov.bd'),
(29, 3, 'Akhaura', 'আখাউড়া', 'akhaura.brahmanbaria.gov.bd'),
(30, 3, 'Nabinagar', 'নবীনগর', 'nabinagar.brahmanbaria.gov.bd'),
(31, 3, 'Bancharampur', 'বাঞ্ছারামপুর', 'bancharampur.brahmanbaria.gov.bd'),
(32, 3, 'Bijoynagar', 'বিজয়নগর', 'bijoynagar.brahmanbaria.gov.bd    '),
(33, 4, 'Rangamati Sadar', 'রাঙ্গামাটি সদর', 'sadar.rangamati.gov.bd'),
(34, 4, 'Kaptai', 'কাপ্তাই', 'kaptai.rangamati.gov.bd'),
(35, 4, 'Kawkhali', 'কাউখালী', 'kawkhali.rangamati.gov.bd'),
(36, 4, 'Baghaichari', 'বাঘাইছড়ি', 'baghaichari.rangamati.gov.bd'),
(37, 4, 'Barkal', 'বরকল', 'barkal.rangamati.gov.bd'),
(38, 4, 'Langadu', 'লংগদু', 'langadu.rangamati.gov.bd'),
(39, 4, 'Rajasthali', 'রাজস্থলী', 'rajasthali.rangamati.gov.bd'),
(40, 4, 'Belaichari', 'বিলাইছড়ি', 'belaichari.rangamati.gov.bd'),
(41, 4, 'Juraichari', 'জুরাছড়ি', 'juraichari.rangamati.gov.bd'),
(42, 4, 'Naniarchar', 'নানিয়ারচর', 'naniarchar.rangamati.gov.bd'),
(43, 5, 'Noakhali Sadar', 'নোয়াখালী সদর', 'sadar.noakhali.gov.bd'),
(44, 5, 'Companiganj', 'কোম্পানীগঞ্জ', 'companiganj.noakhali.gov.bd'),
(45, 5, 'Begumganj', 'বেগমগঞ্জ', 'begumganj.noakhali.gov.bd'),
(46, 5, 'Hatia', 'হাতিয়া', 'hatia.noakhali.gov.bd'),
(47, 5, 'Subarnachar', 'সুবর্ণচর', 'subarnachar.noakhali.gov.bd'),
(48, 5, 'Kabirhat', 'কবিরহাট', 'kabirhat.noakhali.gov.bd'),
(49, 5, 'Senbug', 'সেনবাগ', 'senbug.noakhali.gov.bd'),
(50, 5, 'Chatkhil', 'চাটখিল', 'chatkhil.noakhali.gov.bd'),
(51, 5, 'Sonaimori', 'সোনাইমুড়ী', 'sonaimori.noakhali.gov.bd'),
(52, 6, 'Haimchar', 'হাইমচর', 'haimchar.chandpur.gov.bd'),
(53, 6, 'Kachua', 'কচুয়া', 'kachua.chandpur.gov.bd'),
(54, 6, 'Shahrasti', 'শাহরাস্তি	', 'shahrasti.chandpur.gov.bd'),
(55, 6, 'Chandpur Sadar', 'চাঁদপুর সদর', 'sadar.chandpur.gov.bd'),
(56, 6, 'Matlab South', 'মতলব দক্ষিণ', 'matlabsouth.chandpur.gov.bd'),
(57, 6, 'Hajiganj', 'হাজীগঞ্জ', 'hajiganj.chandpur.gov.bd'),
(58, 6, 'Matlab North', 'মতলব উত্তর', 'matlabnorth.chandpur.gov.bd'),
(59, 6, 'Faridgonj', 'ফরিদগঞ্জ', 'faridgonj.chandpur.gov.bd'),
(60, 7, 'Lakshmipur Sadar', 'লক্ষ্মীপুর সদর', 'sadar.lakshmipur.gov.bd'),
(61, 7, 'Kamalnagar', 'কমলনগর', 'kamalnagar.lakshmipur.gov.bd'),
(62, 7, 'Raipur', 'রায়পুর', 'raipur.lakshmipur.gov.bd'),
(63, 7, 'Ramgati', 'রামগতি', 'ramgati.lakshmipur.gov.bd'),
(64, 7, 'Ramganj', 'রামগঞ্জ', 'ramganj.lakshmipur.gov.bd'),
(65, 8, 'Rangunia', 'রাঙ্গুনিয়া', 'rangunia.chittagong.gov.bd'),
(66, 8, 'Sitakunda', 'সীতাকুন্ড', 'sitakunda.chittagong.gov.bd'),
(67, 8, 'Mirsharai', 'মীরসরাই', 'mirsharai.chittagong.gov.bd'),
(68, 8, 'Patiya', 'পটিয়া', 'patiya.chittagong.gov.bd'),
(69, 8, 'Sandwip', 'সন্দ্বীপ', 'sandwip.chittagong.gov.bd'),
(70, 8, 'Banshkhali', 'বাঁশখালী', 'banshkhali.chittagong.gov.bd'),
(71, 8, 'Boalkhali', 'বোয়ালখালী', 'boalkhali.chittagong.gov.bd'),
(72, 8, 'Anwara', 'আনোয়ারা', 'anwara.chittagong.gov.bd'),
(73, 8, 'Chandanaish', 'চন্দনাইশ', 'chandanaish.chittagong.gov.bd'),
(74, 8, 'Satkania', 'সাতকানিয়া', 'satkania.chittagong.gov.bd'),
(75, 8, 'Lohagara', 'লোহাগাড়া', 'lohagara.chittagong.gov.bd'),
(76, 8, 'Hathazari', 'হাটহাজারী', 'hathazari.chittagong.gov.bd'),
(77, 8, 'Fatikchhari', 'ফটিকছড়ি', 'fatikchhari.chittagong.gov.bd'),
(78, 8, 'Raozan', 'রাউজান', 'raozan.chittagong.gov.bd'),
(79, 8, 'Karnafuli', 'কর্ণফুলী', 'karnafuli.chittagong.gov.bd'),
(80, 9, 'Coxsbazar Sadar', 'কক্সবাজার সদর', 'sadar.coxsbazar.gov.bd'),
(81, 9, 'Chakaria', 'চকরিয়া', 'chakaria.coxsbazar.gov.bd'),
(82, 9, 'Kutubdia', 'কুতুবদিয়া', 'kutubdia.coxsbazar.gov.bd'),
(83, 9, 'Ukhiya', 'উখিয়া', 'ukhiya.coxsbazar.gov.bd'),
(84, 9, 'Moheshkhali', 'মহেশখালী', 'moheshkhali.coxsbazar.gov.bd'),
(85, 9, 'Pekua', 'পেকুয়া', 'pekua.coxsbazar.gov.bd'),
(86, 9, 'Ramu', 'রামু', 'ramu.coxsbazar.gov.bd'),
(87, 9, 'Teknaf', 'টেকনাফ', 'teknaf.coxsbazar.gov.bd'),
(88, 10, 'Khagrachhari Sadar', 'খাগড়াছড়ি সদর', 'sadar.khagrachhari.gov.bd'),
(89, 10, 'Dighinala', 'দিঘীনালা', 'dighinala.khagrachhari.gov.bd'),
(90, 10, 'Panchari', 'পানছড়ি', 'panchari.khagrachhari.gov.bd'),
(91, 10, 'Laxmichhari', 'লক্ষীছড়ি', 'laxmichhari.khagrachhari.gov.bd'),
(92, 10, 'Mohalchari', 'মহালছড়ি', 'mohalchari.khagrachhari.gov.bd'),
(93, 10, 'Manikchari', 'মানিকছড়ি', 'manikchari.khagrachhari.gov.bd'),
(94, 10, 'Ramgarh', 'রামগড়', 'ramgarh.khagrachhari.gov.bd'),
(95, 10, 'Matiranga', 'মাটিরাঙ্গা', 'matiranga.khagrachhari.gov.bd'),
(96, 10, 'Guimara', 'গুইমারা', 'guimara.khagrachhari.gov.bd'),
(97, 11, 'Bandarban Sadar', 'বান্দরবান সদর', 'sadar.bandarban.gov.bd'),
(98, 11, 'Alikadam', 'আলীকদম', 'alikadam.bandarban.gov.bd'),
(99, 11, 'Naikhongchhari', 'নাইক্ষ্যংছড়ি', 'naikhongchhari.bandarban.gov.bd'),
(100, 11, 'Rowangchhari', 'রোয়াংছড়ি', 'rowangchhari.bandarban.gov.bd'),
(101, 11, 'Lama', 'লামা', 'lama.bandarban.gov.bd'),
(102, 11, 'Ruma', 'রুমা', 'ruma.bandarban.gov.bd'),
(103, 11, 'Thanchi', 'থানচি', 'thanchi.bandarban.gov.bd'),
(104, 12, 'Belkuchi', 'বেলকুচি', 'belkuchi.sirajganj.gov.bd'),
(105, 12, 'Chauhali', 'চৌহালি', 'chauhali.sirajganj.gov.bd'),
(106, 12, 'Kamarkhand', 'কামারখন্দ', 'kamarkhand.sirajganj.gov.bd'),
(107, 12, 'Kazipur', 'কাজীপুর', 'kazipur.sirajganj.gov.bd'),
(108, 12, 'Raigonj', 'রায়গঞ্জ', 'raigonj.sirajganj.gov.bd'),
(109, 12, 'Shahjadpur', 'শাহজাদপুর', 'shahjadpur.sirajganj.gov.bd'),
(110, 12, 'Sirajganj Sadar', 'সিরাজগঞ্জ সদর', 'sirajganjsadar.sirajganj.gov.bd'),
(111, 12, 'Tarash', 'তাড়াশ', 'tarash.sirajganj.gov.bd'),
(112, 12, 'Ullapara', 'উল্লাপাড়া', 'ullapara.sirajganj.gov.bd'),
(113, 13, 'Sujanagar', 'সুজানগর', 'sujanagar.pabna.gov.bd'),
(114, 13, 'Ishurdi', 'ঈশ্বরদী', 'ishurdi.pabna.gov.bd'),
(115, 13, 'Bhangura', 'ভাঙ্গুড়া', 'bhangura.pabna.gov.bd'),
(116, 13, 'Pabna Sadar', 'পাবনা সদর', 'pabnasadar.pabna.gov.bd'),
(117, 13, 'Bera', 'বেড়া', 'bera.pabna.gov.bd'),
(118, 13, 'Atghoria', 'আটঘরিয়া', 'atghoria.pabna.gov.bd'),
(119, 13, 'Chatmohar', 'চাটমোহর', 'chatmohar.pabna.gov.bd'),
(120, 13, 'Santhia', 'সাঁথিয়া', 'santhia.pabna.gov.bd'),
(121, 13, 'Faridpur', 'ফরিদপুর', 'faridpur.pabna.gov.bd'),
(122, 14, 'Kahaloo', 'কাহালু', 'kahaloo.bogra.gov.bd'),
(123, 14, 'Bogra Sadar', 'বগুড়া সদর', 'sadar.bogra.gov.bd'),
(124, 14, 'Shariakandi', 'সারিয়াকান্দি', 'shariakandi.bogra.gov.bd'),
(125, 14, 'Shajahanpur', 'শাজাহানপুর', 'shajahanpur.bogra.gov.bd'),
(126, 14, 'Dupchanchia', 'দুপচাচিঁয়া', 'dupchanchia.bogra.gov.bd'),
(127, 14, 'Adamdighi', 'আদমদিঘি', 'adamdighi.bogra.gov.bd'),
(128, 14, 'Nondigram', 'নন্দিগ্রাম', 'nondigram.bogra.gov.bd'),
(129, 14, 'Sonatala', 'সোনাতলা', 'sonatala.bogra.gov.bd'),
(130, 14, 'Dhunot', 'ধুনট', 'dhunot.bogra.gov.bd'),
(131, 14, 'Gabtali', 'গাবতলী', 'gabtali.bogra.gov.bd'),
(132, 14, 'Sherpur', 'শেরপুর', 'sherpur.bogra.gov.bd'),
(133, 14, 'Shibganj', 'শিবগঞ্জ', 'shibganj.bogra.gov.bd'),
(134, 15, 'Paba', 'পবা', 'paba.rajshahi.gov.bd'),
(135, 15, 'Durgapur', 'দুর্গাপুর', 'durgapur.rajshahi.gov.bd'),
(136, 15, 'Mohonpur', 'মোহনপুর', 'mohonpur.rajshahi.gov.bd'),
(137, 15, 'Charghat', 'চারঘাট', 'charghat.rajshahi.gov.bd'),
(138, 15, 'Puthia', 'পুঠিয়া', 'puthia.rajshahi.gov.bd'),
(139, 15, 'Bagha', 'বাঘা', 'bagha.rajshahi.gov.bd'),
(140, 15, 'Godagari', 'গোদাগাড়ী', 'godagari.rajshahi.gov.bd'),
(141, 15, 'Tanore', 'তানোর', 'tanore.rajshahi.gov.bd'),
(142, 15, 'Bagmara', 'বাগমারা', 'bagmara.rajshahi.gov.bd'),
(143, 16, 'Natore Sadar', 'নাটোর সদর', 'natoresadar.natore.gov.bd'),
(144, 16, 'Singra', 'সিংড়া', 'singra.natore.gov.bd'),
(145, 16, 'Baraigram', 'বড়াইগ্রাম', 'baraigram.natore.gov.bd'),
(146, 16, 'Bagatipara', 'বাগাতিপাড়া', 'bagatipara.natore.gov.bd'),
(147, 16, 'Lalpur', 'লালপুর', 'lalpur.natore.gov.bd'),
(148, 16, 'Gurudaspur', 'গুরুদাসপুর', 'gurudaspur.natore.gov.bd'),
(149, 16, 'Naldanga', 'নলডাঙ্গা', 'naldanga.natore.gov.bd'),
(150, 17, 'Akkelpur', 'আক্কেলপুর', 'akkelpur.joypurhat.gov.bd'),
(151, 17, 'Kalai', 'কালাই', 'kalai.joypurhat.gov.bd'),
(152, 17, 'Khetlal', 'ক্ষেতলাল', 'khetlal.joypurhat.gov.bd'),
(153, 17, 'Panchbibi', 'পাঁচবিবি', 'panchbibi.joypurhat.gov.bd'),
(154, 17, 'Joypurhat Sadar', 'জয়পুরহাট সদর', 'joypurhatsadar.joypurhat.gov.bd'),
(155, 18, 'Chapainawabganj Sadar', 'চাঁপাইনবাবগঞ্জ সদর', 'chapainawabganjsadar.chapainawabganj.gov.bd'),
(156, 18, 'Gomostapur', 'গোমস্তাপুর', 'gomostapur.chapainawabganj.gov.bd'),
(157, 18, 'Nachol', 'নাচোল', 'nachol.chapainawabganj.gov.bd'),
(158, 18, 'Bholahat', 'ভোলাহাট', 'bholahat.chapainawabganj.gov.bd'),
(159, 18, 'Shibganj', 'শিবগঞ্জ', 'shibganj.chapainawabganj.gov.bd'),
(160, 19, 'Mohadevpur', 'মহাদেবপুর', 'mohadevpur.naogaon.gov.bd'),
(161, 19, 'Badalgachi', 'বদলগাছী', 'badalgachi.naogaon.gov.bd'),
(162, 19, 'Patnitala', 'পত্নিতলা', 'patnitala.naogaon.gov.bd'),
(163, 19, 'Dhamoirhat', 'ধামইরহাট', 'dhamoirhat.naogaon.gov.bd'),
(164, 19, 'Niamatpur', 'নিয়ামতপুর', 'niamatpur.naogaon.gov.bd'),
(165, 19, 'Manda', 'মান্দা', 'manda.naogaon.gov.bd'),
(166, 19, 'Atrai', 'আত্রাই', 'atrai.naogaon.gov.bd'),
(167, 19, 'Raninagar', 'রাণীনগর', 'raninagar.naogaon.gov.bd'),
(168, 19, 'Naogaon Sadar', 'নওগাঁ সদর', 'naogaonsadar.naogaon.gov.bd'),
(169, 19, 'Porsha', 'পোরশা', 'porsha.naogaon.gov.bd'),
(170, 19, 'Sapahar', 'সাপাহার', 'sapahar.naogaon.gov.bd'),
(171, 20, 'Manirampur', 'মণিরামপুর', 'manirampur.jessore.gov.bd'),
(172, 20, 'Abhaynagar', 'অভয়নগর', 'abhaynagar.jessore.gov.bd'),
(173, 20, 'Bagherpara', 'বাঘারপাড়া', 'bagherpara.jessore.gov.bd'),
(174, 20, 'Chougachha', 'চৌগাছা', 'chougachha.jessore.gov.bd'),
(175, 20, 'Jhikargacha', 'ঝিকরগাছা', 'jhikargacha.jessore.gov.bd'),
(176, 20, 'Keshabpur', 'কেশবপুর', 'keshabpur.jessore.gov.bd'),
(177, 20, 'Jessore Sadar', 'যশোর সদর', 'sadar.jessore.gov.bd'),
(178, 20, 'Sharsha', 'শার্শা', 'sharsha.jessore.gov.bd'),
(179, 21, 'Assasuni', 'আশাশুনি', 'assasuni.satkhira.gov.bd'),
(180, 21, 'Debhata', 'দেবহাটা', 'debhata.satkhira.gov.bd'),
(181, 21, 'Kalaroa', 'কলারোয়া', 'kalaroa.satkhira.gov.bd'),
(182, 21, 'Satkhira Sadar', 'সাতক্ষীরা সদর', 'satkhirasadar.satkhira.gov.bd'),
(183, 21, 'Shyamnagar', 'শ্যামনগর', 'shyamnagar.satkhira.gov.bd'),
(184, 21, 'Tala', 'তালা', 'tala.satkhira.gov.bd'),
(185, 21, 'Kaliganj', 'কালিগঞ্জ', 'kaliganj.satkhira.gov.bd'),
(186, 22, 'Mujibnagar', 'মুজিবনগর', 'mujibnagar.meherpur.gov.bd'),
(187, 22, 'Meherpur Sadar', 'মেহেরপুর সদর', 'meherpursadar.meherpur.gov.bd'),
(188, 22, 'Gangni', 'গাংনী', 'gangni.meherpur.gov.bd'),
(189, 23, 'Narail Sadar', 'নড়াইল সদর', 'narailsadar.narail.gov.bd'),
(190, 23, 'Lohagara', 'লোহাগড়া', 'lohagara.narail.gov.bd'),
(191, 23, 'Kalia', 'কালিয়া', 'kalia.narail.gov.bd'),
(192, 24, 'Chuadanga Sadar', 'চুয়াডাঙ্গা সদর', 'chuadangasadar.chuadanga.gov.bd'),
(193, 24, 'Alamdanga', 'আলমডাঙ্গা', 'alamdanga.chuadanga.gov.bd'),
(194, 24, 'Damurhuda', 'দামুড়হুদা', 'damurhuda.chuadanga.gov.bd'),
(195, 24, 'Jibannagar', 'জীবননগর', 'jibannagar.chuadanga.gov.bd'),
(196, 25, 'Kushtia Sadar', 'কুষ্টিয়া সদর', 'kushtiasadar.kushtia.gov.bd'),
(197, 25, 'Kumarkhali', 'কুমারখালী', 'kumarkhali.kushtia.gov.bd'),
(198, 25, 'Khoksa', 'খোকসা', 'khoksa.kushtia.gov.bd'),
(199, 25, 'Mirpur', 'মিরপুর', 'mirpurkushtia.kushtia.gov.bd'),
(200, 25, 'Daulatpur', 'দৌলতপুর', 'daulatpur.kushtia.gov.bd'),
(201, 25, 'Bheramara', 'ভেড়ামারা', 'bheramara.kushtia.gov.bd'),
(202, 26, 'Shalikha', 'শালিখা', 'shalikha.magura.gov.bd'),
(203, 26, 'Sreepur', 'শ্রীপুর', 'sreepur.magura.gov.bd'),
(204, 26, 'Magura Sadar', 'মাগুরা সদর', 'magurasadar.magura.gov.bd'),
(205, 26, 'Mohammadpur', 'মহম্মদপুর', 'mohammadpur.magura.gov.bd'),
(206, 27, 'Paikgasa', 'পাইকগাছা', 'paikgasa.khulna.gov.bd'),
(207, 27, 'Fultola', 'ফুলতলা', 'fultola.khulna.gov.bd'),
(208, 27, 'Digholia', 'দিঘলিয়া', 'digholia.khulna.gov.bd'),
(209, 27, 'Rupsha', 'রূপসা', 'rupsha.khulna.gov.bd'),
(210, 27, 'Terokhada', 'তেরখাদা', 'terokhada.khulna.gov.bd'),
(211, 27, 'Dumuria', 'ডুমুরিয়া', 'dumuria.khulna.gov.bd'),
(212, 27, 'Botiaghata', 'বটিয়াঘাটা', 'botiaghata.khulna.gov.bd'),
(213, 27, 'Dakop', 'দাকোপ', 'dakop.khulna.gov.bd'),
(214, 27, 'Koyra', 'কয়রা', 'koyra.khulna.gov.bd'),
(215, 28, 'Fakirhat', 'ফকিরহাট', 'fakirhat.bagerhat.gov.bd'),
(216, 28, 'Bagerhat Sadar', 'বাগেরহাট সদর', 'sadar.bagerhat.gov.bd'),
(217, 28, 'Mollahat', 'মোল্লাহাট', 'mollahat.bagerhat.gov.bd'),
(218, 28, 'Sarankhola', 'শরণখোলা', 'sarankhola.bagerhat.gov.bd'),
(219, 28, 'Rampal', 'রামপাল', 'rampal.bagerhat.gov.bd'),
(220, 28, 'Morrelganj', 'মোড়েলগঞ্জ', 'morrelganj.bagerhat.gov.bd'),
(221, 28, 'Kachua', 'কচুয়া', 'kachua.bagerhat.gov.bd'),
(222, 28, 'Mongla', 'মোংলা', 'mongla.bagerhat.gov.bd'),
(223, 28, 'Chitalmari', 'চিতলমারী', 'chitalmari.bagerhat.gov.bd'),
(224, 29, 'Jhenaidah Sadar', 'ঝিনাইদহ সদর', 'sadar.jhenaidah.gov.bd'),
(225, 29, 'Shailkupa', 'শৈলকুপা', 'shailkupa.jhenaidah.gov.bd'),
(226, 29, 'Harinakundu', 'হরিণাকুন্ডু', 'harinakundu.jhenaidah.gov.bd'),
(227, 29, 'Kaliganj', 'কালীগঞ্জ', 'kaliganj.jhenaidah.gov.bd'),
(228, 29, 'Kotchandpur', 'কোটচাঁদপুর', 'kotchandpur.jhenaidah.gov.bd'),
(229, 29, 'Moheshpur', 'মহেশপুর', 'moheshpur.jhenaidah.gov.bd'),
(230, 30, 'Jhalakathi Sadar', 'ঝালকাঠি সদর', 'sadar.jhalakathi.gov.bd'),
(231, 30, 'Kathalia', 'কাঠালিয়া', 'kathalia.jhalakathi.gov.bd'),
(232, 30, 'Nalchity', 'নলছিটি', 'nalchity.jhalakathi.gov.bd'),
(233, 30, 'Rajapur', 'রাজাপুর', 'rajapur.jhalakathi.gov.bd'),
(234, 31, 'Bauphal', 'বাউফল', 'bauphal.patuakhali.gov.bd'),
(235, 31, 'Patuakhali Sadar', 'পটুয়াখালী সদর', 'sadar.patuakhali.gov.bd'),
(236, 31, 'Dumki', 'দুমকি', 'dumki.patuakhali.gov.bd'),
(237, 31, 'Dashmina', 'দশমিনা', 'dashmina.patuakhali.gov.bd'),
(238, 31, 'Kalapara', 'কলাপাড়া', 'kalapara.patuakhali.gov.bd'),
(239, 31, 'Mirzaganj', 'মির্জাগঞ্জ', 'mirzaganj.patuakhali.gov.bd'),
(240, 31, 'Galachipa', 'গলাচিপা', 'galachipa.patuakhali.gov.bd'),
(241, 31, 'Rangabali', 'রাঙ্গাবালী', 'rangabali.patuakhali.gov.bd'),
(242, 32, 'Pirojpur Sadar', 'পিরোজপুর সদর', 'sadar.pirojpur.gov.bd'),
(243, 32, 'Nazirpur', 'নাজিরপুর', 'nazirpur.pirojpur.gov.bd'),
(244, 32, 'Kawkhali', 'কাউখালী', 'kawkhali.pirojpur.gov.bd'),
(245, 32, 'Zianagar', 'জিয়ানগর', 'zianagar.pirojpur.gov.bd'),
(246, 32, 'Bhandaria', 'ভান্ডারিয়া', 'bhandaria.pirojpur.gov.bd'),
(247, 32, 'Mathbaria', 'মঠবাড়ীয়া', 'mathbaria.pirojpur.gov.bd'),
(248, 32, 'Nesarabad', 'নেছারাবাদ', 'nesarabad.pirojpur.gov.bd'),
(249, 33, 'Barisal Sadar', 'বরিশাল সদর', 'barisalsadar.barisal.gov.bd'),
(250, 33, 'Bakerganj', 'বাকেরগঞ্জ', 'bakerganj.barisal.gov.bd'),
(251, 33, 'Babuganj', 'বাবুগঞ্জ', 'babuganj.barisal.gov.bd'),
(252, 33, 'Wazirpur', 'উজিরপুর', 'wazirpur.barisal.gov.bd'),
(253, 33, 'Banaripara', 'বানারীপাড়া', 'banaripara.barisal.gov.bd'),
(254, 33, 'Gournadi', 'গৌরনদী', 'gournadi.barisal.gov.bd'),
(255, 33, 'Agailjhara', 'আগৈলঝাড়া', 'agailjhara.barisal.gov.bd'),
(256, 33, 'Mehendiganj', 'মেহেন্দিগঞ্জ', 'mehendiganj.barisal.gov.bd'),
(257, 33, 'Muladi', 'মুলাদী', 'muladi.barisal.gov.bd'),
(258, 33, 'Hizla', 'হিজলা', 'hizla.barisal.gov.bd'),
(259, 34, 'Bhola Sadar', 'ভোলা সদর', 'sadar.bhola.gov.bd'),
(260, 34, 'Borhan Sddin', 'বোরহান উদ্দিন', 'borhanuddin.bhola.gov.bd'),
(261, 34, 'Charfesson', 'চরফ্যাশন', 'charfesson.bhola.gov.bd'),
(262, 34, 'Doulatkhan', 'দৌলতখান', 'doulatkhan.bhola.gov.bd'),
(263, 34, 'Monpura', 'মনপুরা', 'monpura.bhola.gov.bd'),
(264, 34, 'Tazumuddin', 'তজুমদ্দিন', 'tazumuddin.bhola.gov.bd'),
(265, 34, 'Lalmohan', 'লালমোহন', 'lalmohan.bhola.gov.bd'),
(266, 35, 'Amtali', 'আমতলী', 'amtali.barguna.gov.bd'),
(267, 35, 'Barguna Sadar', 'বরগুনা সদর', 'sadar.barguna.gov.bd'),
(268, 35, 'Betagi', 'বেতাগী', 'betagi.barguna.gov.bd'),
(269, 35, 'Bamna', 'বামনা', 'bamna.barguna.gov.bd'),
(270, 35, 'Pathorghata', 'পাথরঘাটা', 'pathorghata.barguna.gov.bd'),
(271, 35, 'Taltali', 'তালতলি', 'taltali.barguna.gov.bd'),
(272, 36, 'Balaganj', 'বালাগঞ্জ', 'balaganj.sylhet.gov.bd'),
(273, 36, 'Beanibazar', 'বিয়ানীবাজার', 'beanibazar.sylhet.gov.bd'),
(274, 36, 'Bishwanath', 'বিশ্বনাথ', 'bishwanath.sylhet.gov.bd'),
(275, 36, 'Companiganj', 'কোম্পানীগঞ্জ', 'companiganj.sylhet.gov.bd'),
(276, 36, 'Fenchuganj', 'ফেঞ্চুগঞ্জ', 'fenchuganj.sylhet.gov.bd'),
(277, 36, 'Golapganj', 'গোলাপগঞ্জ', 'golapganj.sylhet.gov.bd'),
(278, 36, 'Gowainghat', 'গোয়াইনঘাট', 'gowainghat.sylhet.gov.bd'),
(279, 36, 'Jaintiapur', 'জৈন্তাপুর', 'jaintiapur.sylhet.gov.bd'),
(280, 36, 'Kanaighat', 'কানাইঘাট', 'kanaighat.sylhet.gov.bd'),
(281, 36, 'Sylhet Sadar', 'সিলেট সদর', 'sylhetsadar.sylhet.gov.bd'),
(282, 36, 'Zakiganj', 'জকিগঞ্জ', 'zakiganj.sylhet.gov.bd'),
(283, 36, 'Dakshinsurma', 'দক্ষিণ সুরমা', 'dakshinsurma.sylhet.gov.bd'),
(284, 36, 'Osmaninagar', 'ওসমানী নগর', 'osmaninagar.sylhet.gov.bd'),
(285, 37, 'Barlekha', 'বড়লেখা', 'barlekha.moulvibazar.gov.bd'),
(286, 37, 'Kamolganj', 'কমলগঞ্জ', 'kamolganj.moulvibazar.gov.bd'),
(287, 37, 'Kulaura', 'কুলাউড়া', 'kulaura.moulvibazar.gov.bd'),
(288, 37, 'Moulvibazar Sadar', 'মৌলভীবাজার সদর', 'moulvibazarsadar.moulvibazar.gov.bd'),
(289, 37, 'Rajnagar', 'রাজনগর', 'rajnagar.moulvibazar.gov.bd'),
(290, 37, 'Sreemangal', 'শ্রীমঙ্গল', 'sreemangal.moulvibazar.gov.bd'),
(291, 37, 'Juri', 'জুড়ী', 'juri.moulvibazar.gov.bd'),
(292, 38, 'Nabiganj', 'নবীগঞ্জ', 'nabiganj.habiganj.gov.bd'),
(293, 38, 'Bahubal', 'বাহুবল', 'bahubal.habiganj.gov.bd'),
(294, 38, 'Ajmiriganj', 'আজমিরীগঞ্জ', 'ajmiriganj.habiganj.gov.bd'),
(295, 38, 'Baniachong', 'বানিয়াচং', 'baniachong.habiganj.gov.bd'),
(296, 38, 'Lakhai', 'লাখাই', 'lakhai.habiganj.gov.bd'),
(297, 38, 'Chunarughat', 'চুনারুঘাট', 'chunarughat.habiganj.gov.bd'),
(298, 38, 'Habiganj Sadar', 'হবিগঞ্জ সদর', 'habiganjsadar.habiganj.gov.bd'),
(299, 38, 'Madhabpur', 'মাধবপুর', 'madhabpur.habiganj.gov.bd'),
(300, 39, 'Sunamganj Sadar', 'সুনামগঞ্জ সদর', 'sadar.sunamganj.gov.bd'),
(301, 39, 'South Sunamganj', 'দক্ষিণ সুনামগঞ্জ', 'southsunamganj.sunamganj.gov.bd'),
(302, 39, 'Bishwambarpur', 'বিশ্বম্ভরপুর', 'bishwambarpur.sunamganj.gov.bd'),
(303, 39, 'Chhatak', 'ছাতক', 'chhatak.sunamganj.gov.bd'),
(304, 39, 'Jagannathpur', 'জগন্নাথপুর', 'jagannathpur.sunamganj.gov.bd'),
(305, 39, 'Dowarabazar', 'দোয়ারাবাজার', 'dowarabazar.sunamganj.gov.bd'),
(306, 39, 'Tahirpur', 'তাহিরপুর', 'tahirpur.sunamganj.gov.bd'),
(307, 39, 'Dharmapasha', 'ধর্মপাশা', 'dharmapasha.sunamganj.gov.bd'),
(308, 39, 'Jamalganj', 'জামালগঞ্জ', 'jamalganj.sunamganj.gov.bd'),
(309, 39, 'Shalla', 'শাল্লা', 'shalla.sunamganj.gov.bd'),
(310, 39, 'Derai', 'দিরাই', 'derai.sunamganj.gov.bd'),
(311, 40, 'Belabo', 'বেলাবো', 'belabo.narsingdi.gov.bd'),
(312, 40, 'Monohardi', 'মনোহরদী', 'monohardi.narsingdi.gov.bd'),
(313, 40, 'Narsingdi Sadar', 'নরসিংদী সদর', 'narsingdisadar.narsingdi.gov.bd'),
(314, 40, 'Palash', 'পলাশ', 'palash.narsingdi.gov.bd'),
(315, 40, 'Raipura', 'রায়পুরা', 'raipura.narsingdi.gov.bd'),
(316, 40, 'Shibpur', 'শিবপুর', 'shibpur.narsingdi.gov.bd'),
(317, 41, 'Kaliganj', 'কালীগঞ্জ', 'kaliganj.gazipur.gov.bd'),
(318, 41, 'Kaliakair', 'কালিয়াকৈর', 'kaliakair.gazipur.gov.bd'),
(319, 41, 'Kapasia', 'কাপাসিয়া', 'kapasia.gazipur.gov.bd'),
(320, 41, 'Gazipur Sadar', 'গাজীপুর সদর', 'sadar.gazipur.gov.bd'),
(321, 41, 'Sreepur', 'শ্রীপুর', 'sreepur.gazipur.gov.bd'),
(322, 42, 'Shariatpur Sadar', 'শরিয়তপুর সদর', 'sadar.shariatpur.gov.bd'),
(323, 42, 'Naria', 'নড়িয়া', 'naria.shariatpur.gov.bd'),
(324, 42, 'Zajira', 'জাজিরা', 'zajira.shariatpur.gov.bd'),
(325, 42, 'Gosairhat', 'গোসাইরহাট', 'gosairhat.shariatpur.gov.bd'),
(326, 42, 'Bhedarganj', 'ভেদরগঞ্জ', 'bhedarganj.shariatpur.gov.bd'),
(327, 42, 'Damudya', 'ডামুড্যা', 'damudya.shariatpur.gov.bd'),
(328, 43, 'Araihazar', 'আড়াইহাজার', 'araihazar.narayanganj.gov.bd'),
(329, 43, 'Bandar', 'বন্দর', 'bandar.narayanganj.gov.bd'),
(330, 43, 'Narayanganj Sadar', 'নারায়নগঞ্জ সদর', 'narayanganjsadar.narayanganj.gov.bd'),
(331, 43, 'Rupganj', 'রূপগঞ্জ', 'rupganj.narayanganj.gov.bd'),
(332, 43, 'Sonargaon', 'সোনারগাঁ', 'sonargaon.narayanganj.gov.bd'),
(333, 44, 'Basail', 'বাসাইল', 'basail.tangail.gov.bd'),
(334, 44, 'Bhuapur', 'ভুয়াপুর', 'bhuapur.tangail.gov.bd'),
(335, 44, 'Delduar', 'দেলদুয়ার', 'delduar.tangail.gov.bd'),
(336, 44, 'Ghatail', 'ঘাটাইল', 'ghatail.tangail.gov.bd'),
(337, 44, 'Gopalpur', 'গোপালপুর', 'gopalpur.tangail.gov.bd'),
(338, 44, 'Madhupur', 'মধুপুর', 'madhupur.tangail.gov.bd'),
(339, 44, 'Mirzapur', 'মির্জাপুর', 'mirzapur.tangail.gov.bd'),
(340, 44, 'Nagarpur', 'নাগরপুর', 'nagarpur.tangail.gov.bd'),
(341, 44, 'Sakhipur', 'সখিপুর', 'sakhipur.tangail.gov.bd'),
(342, 44, 'Tangail Sadar', 'টাঙ্গাইল সদর', 'tangailsadar.tangail.gov.bd'),
(343, 44, 'Kalihati', 'কালিহাতী', 'kalihati.tangail.gov.bd'),
(344, 44, 'Dhanbari', 'ধনবাড়ী', 'dhanbari.tangail.gov.bd'),
(345, 45, 'Itna', 'ইটনা', 'itna.kishoreganj.gov.bd'),
(346, 45, 'Katiadi', 'কটিয়াদী', 'katiadi.kishoreganj.gov.bd'),
(347, 45, 'Bhairab', 'ভৈরব', 'bhairab.kishoreganj.gov.bd'),
(348, 45, 'Tarail', 'তাড়াইল', 'tarail.kishoreganj.gov.bd'),
(349, 45, 'Hossainpur', 'হোসেনপুর', 'hossainpur.kishoreganj.gov.bd'),
(350, 45, 'Pakundia', 'পাকুন্দিয়া', 'pakundia.kishoreganj.gov.bd'),
(351, 45, 'Kuliarchar', 'কুলিয়ারচর', 'kuliarchar.kishoreganj.gov.bd'),
(352, 45, 'Kishoreganj Sadar', 'কিশোরগঞ্জ সদর', 'kishoreganjsadar.kishoreganj.gov.bd'),
(353, 45, 'Karimgonj', 'করিমগঞ্জ', 'karimgonj.kishoreganj.gov.bd'),
(354, 45, 'Bajitpur', 'বাজিতপুর', 'bajitpur.kishoreganj.gov.bd'),
(355, 45, 'Austagram', 'অষ্টগ্রাম', 'austagram.kishoreganj.gov.bd'),
(356, 45, 'Mithamoin', 'মিঠামইন', 'mithamoin.kishoreganj.gov.bd'),
(357, 45, 'Nikli', 'নিকলী', 'nikli.kishoreganj.gov.bd'),
(358, 46, 'Harirampur', 'হরিরামপুর', 'harirampur.manikganj.gov.bd'),
(359, 46, 'Saturia', 'সাটুরিয়া', 'saturia.manikganj.gov.bd'),
(360, 46, 'Manikganj Sadar', 'মানিকগঞ্জ সদর', 'sadar.manikganj.gov.bd'),
(361, 46, 'Gior', 'ঘিওর', 'gior.manikganj.gov.bd'),
(362, 46, 'Shibaloy', 'শিবালয়', 'shibaloy.manikganj.gov.bd'),
(363, 46, 'Doulatpur', 'দৌলতপুর', 'doulatpur.manikganj.gov.bd'),
(364, 46, 'Singiar', 'সিংগাইর', 'singiar.manikganj.gov.bd'),
(365, 47, 'Savar', 'সাভার', 'savar.dhaka.gov.bd'),
(366, 47, 'Dhamrai', 'ধামরাই', 'dhamrai.dhaka.gov.bd'),
(367, 47, 'Keraniganj', 'কেরাণীগঞ্জ', 'keraniganj.dhaka.gov.bd'),
(368, 47, 'Nawabganj', 'নবাবগঞ্জ', 'nawabganj.dhaka.gov.bd'),
(369, 47, 'Dohar', 'দোহার', 'dohar.dhaka.gov.bd'),
(370, 48, 'Munshiganj Sadar', 'মুন্সিগঞ্জ সদর', 'sadar.munshiganj.gov.bd'),
(371, 48, 'Sreenagar', 'শ্রীনগর', 'sreenagar.munshiganj.gov.bd'),
(372, 48, 'Sirajdikhan', 'সিরাজদিখান', 'sirajdikhan.munshiganj.gov.bd'),
(373, 48, 'Louhajanj', 'লৌহজং', 'louhajanj.munshiganj.gov.bd'),
(374, 48, 'Gajaria', 'গজারিয়া', 'gajaria.munshiganj.gov.bd'),
(375, 48, 'Tongibari', 'টংগীবাড়ি', 'tongibari.munshiganj.gov.bd'),
(376, 49, 'Rajbari Sadar', 'রাজবাড়ী সদর', 'sadar.rajbari.gov.bd'),
(377, 49, 'Goalanda', 'গোয়ালন্দ', 'goalanda.rajbari.gov.bd'),
(378, 49, 'Pangsa', 'পাংশা', 'pangsa.rajbari.gov.bd'),
(379, 49, 'Baliakandi', 'বালিয়াকান্দি', 'baliakandi.rajbari.gov.bd'),
(380, 49, 'Kalukhali', 'কালুখালী', 'kalukhali.rajbari.gov.bd'),
(381, 50, 'Madaripur Sadar', 'মাদারীপুর সদর', 'sadar.madaripur.gov.bd'),
(382, 50, 'Shibchar', 'শিবচর', 'shibchar.madaripur.gov.bd'),
(383, 50, 'Kalkini', 'কালকিনি', 'kalkini.madaripur.gov.bd'),
(384, 50, 'Rajoir', 'রাজৈর', 'rajoir.madaripur.gov.bd'),
(385, 51, 'Gopalganj Sadar', 'গোপালগঞ্জ সদর', 'sadar.gopalganj.gov.bd'),
(386, 51, 'Kashiani', 'কাশিয়ানী', 'kashiani.gopalganj.gov.bd'),
(387, 51, 'Tungipara', 'টুংগীপাড়া', 'tungipara.gopalganj.gov.bd'),
(388, 51, 'Kotalipara', 'কোটালীপাড়া', 'kotalipara.gopalganj.gov.bd'),
(389, 51, 'Muksudpur', 'মুকসুদপুর', 'muksudpur.gopalganj.gov.bd'),
(390, 52, 'Faridpur Sadar', 'ফরিদপুর সদর', 'sadar.faridpur.gov.bd'),
(391, 52, 'Alfadanga', 'আলফাডাঙ্গা', 'alfadanga.faridpur.gov.bd'),
(392, 52, 'Boalmari', 'বোয়ালমারী', 'boalmari.faridpur.gov.bd'),
(393, 52, 'Sadarpur', 'সদরপুর', 'sadarpur.faridpur.gov.bd'),
(394, 52, 'Nagarkanda', 'নগরকান্দা', 'nagarkanda.faridpur.gov.bd'),
(395, 52, 'Bhanga', 'ভাঙ্গা', 'bhanga.faridpur.gov.bd'),
(396, 52, 'Charbhadrasan', 'চরভদ্রাসন', 'charbhadrasan.faridpur.gov.bd'),
(397, 52, 'Madhukhali', 'মধুখালী', 'madhukhali.faridpur.gov.bd'),
(398, 52, 'Saltha', 'সালথা', 'saltha.faridpur.gov.bd'),
(399, 53, 'Panchagarh Sadar', 'পঞ্চগড় সদর', 'panchagarhsadar.panchagarh.gov.bd'),
(400, 53, 'Debiganj', 'দেবীগঞ্জ', 'debiganj.panchagarh.gov.bd'),
(401, 53, 'Boda', 'বোদা', 'boda.panchagarh.gov.bd'),
(402, 53, 'Atwari', 'আটোয়ারী', 'atwari.panchagarh.gov.bd'),
(403, 53, 'Tetulia', 'তেতুলিয়া', 'tetulia.panchagarh.gov.bd'),
(404, 54, 'Nawabganj', 'নবাবগঞ্জ', 'nawabganj.dinajpur.gov.bd'),
(405, 54, 'Birganj', 'বীরগঞ্জ', 'birganj.dinajpur.gov.bd'),
(406, 54, 'Ghoraghat', 'ঘোড়াঘাট', 'ghoraghat.dinajpur.gov.bd'),
(407, 54, 'Birampur', 'বিরামপুর', 'birampur.dinajpur.gov.bd'),
(408, 54, 'Parbatipur', 'পার্বতীপুর', 'parbatipur.dinajpur.gov.bd'),
(409, 54, 'Bochaganj', 'বোচাগঞ্জ', 'bochaganj.dinajpur.gov.bd'),
(410, 54, 'Kaharol', 'কাহারোল', 'kaharol.dinajpur.gov.bd'),
(411, 54, 'Fulbari', 'ফুলবাড়ী', 'fulbari.dinajpur.gov.bd'),
(412, 54, 'Dinajpur Sadar', 'দিনাজপুর সদর', 'dinajpursadar.dinajpur.gov.bd'),
(413, 54, 'Hakimpur', 'হাকিমপুর', 'hakimpur.dinajpur.gov.bd'),
(414, 54, 'Khansama', 'খানসামা', 'khansama.dinajpur.gov.bd'),
(415, 54, 'Birol', 'বিরল', 'birol.dinajpur.gov.bd'),
(416, 54, 'Chirirbandar', 'চিরিরবন্দর', 'chirirbandar.dinajpur.gov.bd'),
(417, 55, 'Lalmonirhat Sadar', 'লালমনিরহাট সদর', 'sadar.lalmonirhat.gov.bd'),
(418, 55, 'Kaliganj', 'কালীগঞ্জ', 'kaliganj.lalmonirhat.gov.bd'),
(419, 55, 'Hatibandha', 'হাতীবান্ধা', 'hatibandha.lalmonirhat.gov.bd'),
(420, 55, 'Patgram', 'পাটগ্রাম', 'patgram.lalmonirhat.gov.bd'),
(421, 55, 'Aditmari', 'আদিতমারী', 'aditmari.lalmonirhat.gov.bd'),
(422, 56, 'Syedpur', 'সৈয়দপুর', 'syedpur.nilphamari.gov.bd'),
(423, 56, 'Domar', 'ডোমার', 'domar.nilphamari.gov.bd'),
(424, 56, 'Dimla', 'ডিমলা', 'dimla.nilphamari.gov.bd'),
(425, 56, 'Jaldhaka', 'জলঢাকা', 'jaldhaka.nilphamari.gov.bd'),
(426, 56, 'Kishorganj', 'কিশোরগঞ্জ', 'kishorganj.nilphamari.gov.bd'),
(427, 56, 'Nilphamari Sadar', 'নীলফামারী সদর', 'nilphamarisadar.nilphamari.gov.bd'),
(428, 57, 'Sadullapur', 'সাদুল্লাপুর', 'sadullapur.gaibandha.gov.bd'),
(429, 57, 'Gaibandha Sadar', 'গাইবান্ধা সদর', 'gaibandhasadar.gaibandha.gov.bd'),
(430, 57, 'Palashbari', 'পলাশবাড়ী', 'palashbari.gaibandha.gov.bd'),
(431, 57, 'Saghata', 'সাঘাটা', 'saghata.gaibandha.gov.bd'),
(432, 57, 'Gobindaganj', 'গোবিন্দগঞ্জ', 'gobindaganj.gaibandha.gov.bd'),
(433, 57, 'Sundarganj', 'সুন্দরগঞ্জ', 'sundarganj.gaibandha.gov.bd'),
(434, 57, 'Phulchari', 'ফুলছড়ি', 'phulchari.gaibandha.gov.bd'),
(435, 58, 'Thakurgaon Sadar', 'ঠাকুরগাঁও সদর', 'thakurgaonsadar.thakurgaon.gov.bd'),
(436, 58, 'Pirganj', 'পীরগঞ্জ', 'pirganj.thakurgaon.gov.bd'),
(437, 58, 'Ranisankail', 'রাণীশংকৈল', 'ranisankail.thakurgaon.gov.bd'),
(438, 58, 'Haripur', 'হরিপুর', 'haripur.thakurgaon.gov.bd'),
(439, 58, 'Baliadangi', 'বালিয়াডাঙ্গী', 'baliadangi.thakurgaon.gov.bd'),
(440, 59, 'Rangpur Sadar', 'রংপুর সদর', 'rangpursadar.rangpur.gov.bd'),
(441, 59, 'Gangachara', 'গংগাচড়া', 'gangachara.rangpur.gov.bd'),
(442, 59, 'Taragonj', 'তারাগঞ্জ', 'taragonj.rangpur.gov.bd'),
(443, 59, 'Badargonj', 'বদরগঞ্জ', 'badargonj.rangpur.gov.bd'),
(444, 59, 'Mithapukur', 'মিঠাপুকুর', 'mithapukur.rangpur.gov.bd'),
(445, 59, 'Pirgonj', 'পীরগঞ্জ', 'pirgonj.rangpur.gov.bd'),
(446, 59, 'Kaunia', 'কাউনিয়া', 'kaunia.rangpur.gov.bd'),
(447, 59, 'Pirgacha', 'পীরগাছা', 'pirgacha.rangpur.gov.bd'),
(448, 60, 'Kurigram Sadar', 'কুড়িগ্রাম সদর', 'kurigramsadar.kurigram.gov.bd'),
(449, 60, 'Nageshwari', 'নাগেশ্বরী', 'nageshwari.kurigram.gov.bd'),
(450, 60, 'Bhurungamari', 'ভুরুঙ্গামারী', 'bhurungamari.kurigram.gov.bd'),
(451, 60, 'Phulbari', 'ফুলবাড়ী', 'phulbari.kurigram.gov.bd'),
(452, 60, 'Rajarhat', 'রাজারহাট', 'rajarhat.kurigram.gov.bd'),
(453, 60, 'Ulipur', 'উলিপুর', 'ulipur.kurigram.gov.bd'),
(454, 60, 'Chilmari', 'চিলমারী', 'chilmari.kurigram.gov.bd'),
(455, 60, 'Rowmari', 'রৌমারী', 'rowmari.kurigram.gov.bd'),
(456, 60, 'Charrajibpur', 'চর রাজিবপুর', 'charrajibpur.kurigram.gov.bd'),
(457, 61, 'Sherpur Sadar', 'শেরপুর সদর', 'sherpursadar.sherpur.gov.bd'),
(458, 61, 'Nalitabari', 'নালিতাবাড়ী', 'nalitabari.sherpur.gov.bd'),
(459, 61, 'Sreebordi', 'শ্রীবরদী', 'sreebordi.sherpur.gov.bd'),
(460, 61, 'Nokla', 'নকলা', 'nokla.sherpur.gov.bd'),
(461, 61, 'Jhenaigati', 'ঝিনাইগাতী', 'jhenaigati.sherpur.gov.bd'),
(462, 62, 'Fulbaria', 'ফুলবাড়ীয়া', 'fulbaria.mymensingh.gov.bd'),
(463, 62, 'Trishal', 'ত্রিশাল', 'trishal.mymensingh.gov.bd'),
(464, 62, 'Bhaluka', 'ভালুকা', 'bhaluka.mymensingh.gov.bd'),
(465, 62, 'Muktagacha', 'মুক্তাগাছা', 'muktagacha.mymensingh.gov.bd'),
(466, 62, 'Mymensingh Sadar', 'ময়মনসিংহ সদর', 'mymensinghsadar.mymensingh.gov.bd'),
(467, 62, 'Dhobaura', 'ধোবাউড়া', 'dhobaura.mymensingh.gov.bd'),
(468, 62, 'Phulpur', 'ফুলপুর', 'phulpur.mymensingh.gov.bd'),
(469, 62, 'Haluaghat', 'হালুয়াঘাট', 'haluaghat.mymensingh.gov.bd'),
(470, 62, 'Gouripur', 'গৌরীপুর', 'gouripur.mymensingh.gov.bd'),
(471, 62, 'Gafargaon', 'গফরগাঁও', 'gafargaon.mymensingh.gov.bd'),
(472, 62, 'Iswarganj', 'ঈশ্বরগঞ্জ', 'iswarganj.mymensingh.gov.bd'),
(473, 62, 'Nandail', 'নান্দাইল', 'nandail.mymensingh.gov.bd'),
(474, 62, 'Tarakanda', 'তারাকান্দা', 'tarakanda.mymensingh.gov.bd'),
(475, 63, 'Jamalpur Sadar', 'জামালপুর সদর', 'jamalpursadar.jamalpur.gov.bd'),
(476, 63, 'Melandah', 'মেলান্দহ', 'melandah.jamalpur.gov.bd'),
(477, 63, 'Islampur', 'ইসলামপুর', 'islampur.jamalpur.gov.bd'),
(478, 63, 'Dewangonj', 'দেওয়ানগঞ্জ', 'dewangonj.jamalpur.gov.bd'),
(479, 63, 'Sarishabari', 'সরিষাবাড়ী', 'sarishabari.jamalpur.gov.bd'),
(480, 63, 'Madarganj', 'মাদারগঞ্জ', 'madarganj.jamalpur.gov.bd'),
(481, 63, 'Bokshiganj', 'বকশীগঞ্জ', 'bokshiganj.jamalpur.gov.bd'),
(482, 64, 'Barhatta', 'বারহাট্টা', 'barhatta.netrokona.gov.bd'),
(483, 64, 'Durgapur', 'দুর্গাপুর', 'durgapur.netrokona.gov.bd'),
(484, 64, 'Kendua', 'কেন্দুয়া', 'kendua.netrokona.gov.bd'),
(485, 64, 'Atpara', 'আটপাড়া', 'atpara.netrokona.gov.bd'),
(486, 64, 'Madan', 'মদন', 'madan.netrokona.gov.bd'),
(487, 64, 'Khaliajuri', 'খালিয়াজুরী', 'khaliajuri.netrokona.gov.bd'),
(488, 64, 'Kalmakanda', 'কলমাকান্দা', 'kalmakanda.netrokona.gov.bd'),
(489, 64, 'Mohongonj', 'মোহনগঞ্জ', 'mohongonj.netrokona.gov.bd'),
(490, 64, 'Purbadhala', 'পূর্বধলা', 'purbadhala.netrokona.gov.bd'),
(491, 64, 'Netrokona Sadar', 'নেত্রকোণা সদর', 'netrokonasadar.netrokona.gov.bd');

-- --------------------------------------------------------

--
-- Table structure for table `users`
--

CREATE TABLE `users` (
  `id` bigint(20) UNSIGNED NOT NULL,
  `name` varchar(191) COLLATE utf8mb4_unicode_ci NOT NULL,
  `custom` varchar(50) COLLATE utf8mb4_unicode_ci DEFAULT NULL,
  `email` varchar(191) COLLATE utf8mb4_unicode_ci DEFAULT NULL,
  `email_verified_at` timestamp NULL DEFAULT NULL,
  `phone` varchar(30) COLLATE utf8mb4_unicode_ci DEFAULT NULL,
  `password` varchar(191) COLLATE utf8mb4_unicode_ci NOT NULL,
  `bio` mediumtext COLLATE utf8mb4_unicode_ci,
  `photo` varchar(191) COLLATE utf8mb4_unicode_ci NOT NULL DEFAULT 'img/profile/profile.png',
  `remember_token` varchar(100) COLLATE utf8mb4_unicode_ci DEFAULT NULL,
  `created_at` timestamp NULL DEFAULT NULL,
  `updated_at` timestamp NULL DEFAULT NULL
) ENGINE=InnoDB DEFAULT CHARSET=utf8mb4 COLLATE=utf8mb4_unicode_ci;

--
-- Dumping data for table `users`
--

INSERT INTO `users` (`id`, `name`, `custom`, `email`, `email_verified_at`, `phone`, `password`, `bio`, `photo`, `remember_token`, `created_at`, `updated_at`) VALUES
(2, 'Hasan Rahman', NULL, 'admin@gmail.com', NULL, '01716199661', '$2y$10$IgUW77dvgD7OuNBqDm1Z2.LRrH..mAtaw/ECeEMb4wXZTqoVVZOeO', 'Test bio is here updated', 'img/profile/1612676807.png', NULL, '2020-10-31 10:06:50', '2021-02-16 03:55:11'),
(5, 'Silas Dejesus', NULL, 'admin2@gmail.com', NULL, '01716199662', '$2y$10$r4/KsTlf8LxvuT8JGHBbS.l9RRk92gFKSyfSPeuSRuMTEKJLhlmJi', 'Quo doloremque atque', 'img/profile/profile.png', NULL, '2021-01-19 01:17:21', '2021-02-02 07:25:59'),
(6, 'Portia Navarro', '210100001', 'fuju@mailinator.com', NULL, '13776485814', '$2y$10$4gcAJFtIvB9a2fdd9VO5XOGbkBi5EbNcJPZtWHY0QIYYjNWE5S1LS', NULL, 'storage/images/users/6/1615917700_profile.jpeg', NULL, '2021-03-16 12:01:40', '2021-03-16 12:01:41'),
(7, 'James Mcfadden', NULL, 'hywo@mailinator.com', NULL, '19151596511', '$2y$10$AXQaCiKqz.uBRr50THFYC.QS3aOuW4Y.vY4S1EnzM6.2pAgV/Fslm', NULL, 'img/profile/profile.png', NULL, '2021-03-16 12:01:40', '2021-03-16 12:01:40'),
(10, 'Nevada Brady', '221301001', 'xyfeneruv@mailinator.com', NULL, '18082561357', '$2y$10$XBX1UL2GQSZvofKqbYMGxerqVCFIjPG6pcv66Bfpi6yOqvCs4n0uW', NULL, 'storage/images/users/10/1615920127_profile.jpeg', NULL, '2021-03-16 12:42:07', '2021-03-16 12:42:08'),
(11, 'Shay Harper', NULL, 'tarifuk@mailinator.com', NULL, '18152491804', '$2y$10$UnhP3D9lQfflAz9btm1HT.ujAbz7ZIzHONx.USiKyyZy86vT2oE9G', NULL, 'img/profile/profile.png', NULL, '2021-03-16 12:42:07', '2021-03-16 12:42:07'),
(18, 'Gloria Berger', NULL, 'lujyzu@mailinator.com', NULL, '14752375332', '$2y$10$Tzs5GMaGwFpa3p9Qp4PX3e4NGZ5pPbXCpiZmHFrn8lHsMA1JdF2Hi', NULL, 'img/profile/profile.png', NULL, '2021-03-17 14:17:02', '2021-03-17 14:17:02'),
(19, 'Jermaine Larson', NULL, 'fopabog@mailinator.com', NULL, '13377096187', '$2y$10$PiSphK1ruasa6oxW1nPjXuXDG94dbY/i9/U6kHqkT7sb3.6vDnPeG', NULL, 'storage/images/teachers/1616012410_teacher.jpeg', NULL, '2021-03-17 14:20:10', '2021-03-17 14:20:10'),
(20, 'Carly Tanner', NULL, 'rubaziwowo@mailinator.com', NULL, '5383418084', '$2y$10$zajzIjPqxJ6Ua9NyUE4qt.VHi/hQKX/lD15rNVgMsASX5GEXGBruO', NULL, 'storage/images/teachers/1616014276_teacher.jpeg', NULL, '2021-03-17 14:51:16', '2021-03-17 14:51:16'),
(21, 'Barbara Daniels', NULL, 'hizipuni@mailinator.com', NULL, '17593127912', '$2y$10$9lFkvZJ4mlmKCvT2R75YaOAp.iSb0Xb3eZiigvWZJis7q9.5wRXPG', NULL, 'img/profile/profile.png', NULL, '2021-03-18 01:58:25', '2021-03-18 01:58:25'),
(22, 'Zahir Daniels', '211010022', 'rusac@mailinator.com', NULL, '1483241709', '$2y$10$Ae7gRHcQTRN.1IEiWP07EuUqbSBtDqisHHulSI1EZk6zpkYe8zSTW', NULL, 'img/profile/profile.png', NULL, '2021-03-18 02:11:53', '2021-03-23 05:59:51'),
(23, 'Helen Freeman', '211010023', 'lydoga@mailinator.com', NULL, '12327474401', '$2y$10$M3/GdLPl7mrQPt.DNZOB1O2QFqUw3grR8Ig6.7D2gKr49s2cqmFCq', NULL, 'storage/images/teachers/1616500903_teacher.jpeg', NULL, '2021-03-18 02:13:43', '2021-03-23 06:01:44'),
(24, 'Hashim Cooper', '210140024', 'celoracyhy@appllys.com', NULL, '01311343744', '$2y$10$/66DCkyD2gev5olyLsUIlOaz43jGfbM2T3WvogBEZU9iJX7Dom5bu', NULL, 'img/profile/profile.png', NULL, '2021-03-23 06:17:15', '2021-03-23 06:17:15'),
(25, 'Adrienne Santana', '210110025', 'ragapakol@appllys.com', NULL, '01928832204', '$2y$10$TFtj4gkYwktKCMZhIyzIpuBK2/q0IdlUAdJTsBuwpUMe2wzJlGYPq', NULL, 'img/profile/profile.png', NULL, '2021-04-04 04:33:27', '2021-04-04 04:33:27'),
(26, 'Griffin Baxter', '211010026', 'rawypitizy@appllys.com', NULL, '01775276262', '$2y$10$TKhRGB8tR8CEVI8RIEtUweB36xdEm6rP/r3g6dfx95kuRgjTJXBvu', NULL, 'img/profile/profile.png', NULL, '2021-04-04 04:33:38', '2021-04-04 04:33:38'),
(27, 'Sylvia Pittman', '210110027', 'qyruhuxilo@appllys.com', NULL, '01321507911', '$2y$10$TnXt1zU43wuu5/KhcXvejO.WqdVpolgKzbgIu7HVWsCV7DnyHLDhy', NULL, 'img/profile/profile.png', NULL, '2021-04-04 04:33:45', '2021-04-04 04:33:45'),
(28, 'Melodie Villarreal', '210110028', 'xyju@appllys.com', NULL, '01946656826', '$2y$10$PpyAT2XukfyqIFOQWKUyWe/xL0Dwbt1/Wikh.kfZw.W1FMCdAaGPO', NULL, 'img/profile/profile.png', NULL, '2021-04-04 04:33:53', '2021-04-04 04:33:53');

-- --------------------------------------------------------

--
-- Table structure for table `user_addresses`
--

CREATE TABLE `user_addresses` (
  `id` bigint(20) UNSIGNED NOT NULL,
  `user_id` bigint(20) UNSIGNED NOT NULL,
  `division_id` int(11) NOT NULL,
  `district_id` int(11) NOT NULL,
  `upazila_id` int(11) NOT NULL,
  `union_name` varchar(191) COLLATE utf8mb4_unicode_ci NOT NULL,
  `post_office` varchar(191) COLLATE utf8mb4_unicode_ci NOT NULL,
  `village` varchar(191) COLLATE utf8mb4_unicode_ci NOT NULL,
  `address_type` tinyint(1) NOT NULL DEFAULT '0',
  `present_division_id` int(11) DEFAULT NULL,
  `present_district_id` int(11) DEFAULT NULL,
  `present_upazila_id` int(11) DEFAULT NULL,
  `present_union_name` varchar(191) COLLATE utf8mb4_unicode_ci DEFAULT NULL,
  `present_post_office` varchar(191) COLLATE utf8mb4_unicode_ci DEFAULT NULL,
  `present_village` varchar(191) COLLATE utf8mb4_unicode_ci DEFAULT NULL,
  `created_at` timestamp NULL DEFAULT NULL,
  `updated_at` timestamp NULL DEFAULT NULL
) ENGINE=InnoDB DEFAULT CHARSET=utf8mb4 COLLATE=utf8mb4_unicode_ci;

--
-- Dumping data for table `user_addresses`
--

INSERT INTO `user_addresses` (`id`, `user_id`, `division_id`, `district_id`, `upazila_id`, `union_name`, `post_office`, `village`, `address_type`, `present_division_id`, `present_district_id`, `present_upazila_id`, `present_union_name`, `present_post_office`, `present_village`, `created_at`, `updated_at`) VALUES
(66, 107, 7, 60, 448, 'Raygoj', 'Anchar Hat', 'Sapkhawa', 0, 2, 12, 110, 'Sodor', 'Sodor', 'Sodor', '2021-03-11 11:00:57', '2021-03-11 11:00:57'),
(67, 111, 2, 12, 112, 'Hatikumrul', 'Amdanga 6760', 'Amdanga', 1, NULL, NULL, NULL, NULL, NULL, NULL, '2021-03-11 11:15:26', '2021-03-11 11:15:26'),
(68, 6, 3, 20, 171, 'Tallulah Wynn', 'Labore voluptatem id', 'Eum necessitatibus c', 1, NULL, NULL, NULL, NULL, NULL, NULL, '2021-03-16 12:01:40', '2021-03-16 12:01:40'),
(69, 10, 6, 40, 311, 'Althea Wheeler', 'Animi illum repreh', 'Quod animi velit in', 1, NULL, NULL, NULL, NULL, NULL, NULL, '2021-03-16 12:42:07', '2021-03-16 12:42:07');

-- --------------------------------------------------------

--
-- Table structure for table `user_documents`
--

CREATE TABLE `user_documents` (
  `id` bigint(20) UNSIGNED NOT NULL,
  `user_id` bigint(20) UNSIGNED NOT NULL,
  `type` varchar(191) COLLATE utf8mb4_unicode_ci NOT NULL,
  `path` varchar(191) COLLATE utf8mb4_unicode_ci NOT NULL,
  `created_at` timestamp NULL DEFAULT NULL,
  `updated_at` timestamp NULL DEFAULT NULL
) ENGINE=InnoDB DEFAULT CHARSET=utf8mb4 COLLATE=utf8mb4_unicode_ci;

--
-- Dumping data for table `user_documents`
--

INSERT INTO `user_documents` (`id`, `user_id`, `type`, `path`, `created_at`, `updated_at`) VALUES
(218, 107, 'Student NID', 'storage/images/users/107/1615482057_student_nid.png', '2021-03-11 11:00:57', '2021-03-11 11:00:57'),
(219, 107, 'Father NID', 'storage/images/users/107/1615482057_father_nid.png', '2021-03-11 11:00:57', '2021-03-11 11:00:57'),
(220, 107, 'Mother NID', 'storage/images/users/107/1615482057_mother_nid.png', '2021-03-11 11:00:57', '2021-03-11 11:00:57'),
(221, 107, 'Guardian NID', 'storage/images/users/107/1615482057_guardian_nid.png', '2021-03-11 11:00:57', '2021-03-11 11:00:57'),
(222, 111, 'Student NID', 'storage/images/users/111/1615482927_student_nid.png', '2021-03-11 11:15:27', '2021-03-11 11:15:27'),
(223, 111, 'Father NID', 'storage/images/users/111/1615482927_father_nid.png', '2021-03-11 11:15:27', '2021-03-11 11:15:27'),
(224, 111, 'Mother NID', 'storage/images/users/111/1615482927_mother_nid.png', '2021-03-11 11:15:27', '2021-03-11 11:15:27'),
(225, 111, 'Guardian NID', 'storage/images/users/111/1615482927_guardian_nid.png', '2021-03-11 11:15:27', '2021-03-11 11:15:27'),
(226, 6, 'Student NID', 'storage/images/users/6/1615917701_student_nid.png', '2021-03-16 12:01:41', '2021-03-16 12:01:41'),
(227, 6, 'Father NID', 'storage/images/users/6/1615917701_father_nid.png', '2021-03-16 12:01:41', '2021-03-16 12:01:41'),
(228, 6, 'Mother NID', 'storage/images/users/6/1615917701_mother_nid.png', '2021-03-16 12:01:41', '2021-03-16 12:01:41'),
(229, 6, 'Guardian NID', 'storage/images/users/6/1615917701_guardian_nid.png', '2021-03-16 12:01:41', '2021-03-16 12:01:41'),
(230, 10, 'Student NID', 'storage/images/users/10/1615920128_student_nid.png', '2021-03-16 12:42:08', '2021-03-16 12:42:08'),
(231, 10, 'Father NID', 'storage/images/users/10/1615920128_father_nid.png', '2021-03-16 12:42:08', '2021-03-16 12:42:08'),
(232, 10, 'Mother NID', 'storage/images/users/10/1615920128_mother_nid.png', '2021-03-16 12:42:08', '2021-03-16 12:42:08'),
(233, 10, 'Guardian NID', 'storage/images/users/10/1615920128_guardian_nid.png', '2021-03-16 12:42:08', '2021-03-16 12:42:08');

-- --------------------------------------------------------

--
-- Table structure for table `user_family_infos`
--

CREATE TABLE `user_family_infos` (
  `id` bigint(20) UNSIGNED NOT NULL,
  `user_id` bigint(20) UNSIGNED NOT NULL,
  `total_member` varchar(191) COLLATE utf8mb4_unicode_ci NOT NULL,
  `earnable_member` varchar(191) COLLATE utf8mb4_unicode_ci NOT NULL,
  `yearly_earn` varchar(191) COLLATE utf8mb4_unicode_ci NOT NULL,
  `created_at` timestamp NULL DEFAULT NULL,
  `updated_at` timestamp NULL DEFAULT NULL
) ENGINE=InnoDB DEFAULT CHARSET=utf8mb4 COLLATE=utf8mb4_unicode_ci;

--
-- Dumping data for table `user_family_infos`
--

INSERT INTO `user_family_infos` (`id`, `user_id`, `total_member`, `earnable_member`, `yearly_earn`, `created_at`, `updated_at`) VALUES
(28, 107, '5', '2', '25000', '2021-03-11 11:00:57', '2021-03-11 11:00:57'),
(29, 111, '4', '2', '100000', '2021-03-11 11:15:27', '2021-03-11 11:15:27'),
(30, 6, '84', '2019', '2008', '2021-03-16 12:01:41', '2021-03-16 12:01:41'),
(31, 10, '27', '1992', '1977', '2021-03-16 12:42:08', '2021-03-16 12:42:08');

-- --------------------------------------------------------

--
-- Table structure for table `user_information`
--

CREATE TABLE `user_information` (
  `id` bigint(20) UNSIGNED NOT NULL,
  `user_id` bigint(20) UNSIGNED NOT NULL,
  `name_bn` varchar(191) COLLATE utf8mb4_unicode_ci NOT NULL,
  `nid` varchar(30) COLLATE utf8mb4_unicode_ci NOT NULL,
  `dob` date NOT NULL,
  `language` varchar(30) COLLATE utf8mb4_unicode_ci NOT NULL,
  `nationality` varchar(191) COLLATE utf8mb4_unicode_ci DEFAULT NULL,
  `gender` varchar(30) COLLATE utf8mb4_unicode_ci NOT NULL,
  `religion_id` bigint(20) UNSIGNED NOT NULL,
  `blood` varchar(10) COLLATE utf8mb4_unicode_ci NOT NULL,
  `created_at` timestamp NULL DEFAULT NULL,
  `updated_at` timestamp NULL DEFAULT NULL
) ENGINE=InnoDB DEFAULT CHARSET=utf8mb4 COLLATE=utf8mb4_unicode_ci;

--
-- Dumping data for table `user_information`
--

INSERT INTO `user_information` (`id`, `user_id`, `name_bn`, `nid`, `dob`, `language`, `nationality`, `gender`, `religion_id`, `blood`, `created_at`, `updated_at`) VALUES
(66, 107, 'মোঃ হাসানুর রহমান হাসান', '4916182116297', '2016-03-01', 'Bengali', NULL, 'Male', 1, 'A+', '2021-03-11 11:00:57', '2021-03-11 11:00:57'),
(67, 111, 'Shahin Reza', '12553544', '1996-01-01', 'Bengali', NULL, 'Male', 1, 'B+', '2021-03-11 11:15:26', '2021-03-11 11:15:26'),
(68, 6, 'Rahim Hyde', '2', '1995-04-24', 'Bengali', NULL, 'Female', 1, 'B+', '2021-03-16 12:01:40', '2021-03-16 12:01:40'),
(69, 10, 'Carissa Robbins', '33', '1993-11-14', 'Bengali', NULL, 'Male', 2, 'O-', '2021-03-16 12:42:07', '2021-03-16 12:42:07');

-- --------------------------------------------------------

--
-- Table structure for table `user_parents`
--

CREATE TABLE `user_parents` (
  `id` bigint(20) UNSIGNED NOT NULL,
  `user_id` bigint(20) UNSIGNED NOT NULL,
  `relation` varchar(191) COLLATE utf8mb4_unicode_ci DEFAULT NULL,
  `name` varchar(191) COLLATE utf8mb4_unicode_ci NOT NULL,
  `name_bn` varchar(191) COLLATE utf8mb4_unicode_ci NOT NULL,
  `nid` varchar(191) COLLATE utf8mb4_unicode_ci NOT NULL,
  `image` varchar(191) COLLATE utf8mb4_unicode_ci NOT NULL DEFAULT 'img/profile/profile.png',
  `occupation` varchar(191) COLLATE utf8mb4_unicode_ci NOT NULL,
  `phone` varchar(191) COLLATE utf8mb4_unicode_ci NOT NULL,
  `email` varchar(191) COLLATE utf8mb4_unicode_ci DEFAULT NULL,
  `created_at` timestamp NULL DEFAULT NULL,
  `updated_at` timestamp NULL DEFAULT NULL
) ENGINE=InnoDB DEFAULT CHARSET=utf8mb4 COLLATE=utf8mb4_unicode_ci;

--
-- Dumping data for table `user_parents`
--

INSERT INTO `user_parents` (`id`, `user_id`, `relation`, `name`, `name_bn`, `nid`, `image`, `occupation`, `phone`, `email`, `created_at`, `updated_at`) VALUES
(64, 107, 'Father', 'Md Habibur Rahman', 'মোঃ হাবিবুর রাহমান', '7842121245121', 'storage/images/users/107/1615482057_father.jpeg', 'Farmer', '01715332145', NULL, '2021-03-11 11:00:57', '2021-03-11 11:00:57'),
(65, 107, 'Mother', 'Hasna Begum', 'মোছাঃ হাসনা বেগম', '7412541000', 'storage/images/users/107/1615482057_mother.jpeg', 'House Wife', '01765412111', NULL, '2021-03-11 11:00:57', '2021-03-11 11:00:57'),
(66, 111, 'Father', 'Saiful Islam', 'Saiful Islam', '45986254', 'storage/images/users/111/1615482926_father.jpeg', 'Krishi', '01245664', NULL, '2021-03-11 11:15:26', '2021-03-11 11:15:26'),
(67, 111, 'Mother', 'Sajeda Begum', 'Sajeda Begum', '466332565', 'storage/images/users/111/1615482926_mother.jpeg', 'House wife', '015863246', NULL, '2021-03-11 11:15:26', '2021-03-11 11:15:26'),
(68, 6, 'Father', 'Idona Walton', 'Rowan Richards', 'Minima adipisci sed', 'storage/images/users/6/1615917700_father.jpeg', 'Aut sed laborum eaqu', '18157626599', 'jaxyk@mailinator.com', '2021-03-16 12:01:40', '2021-03-16 12:01:40'),
(69, 6, 'Mother', 'James Mcfadden', 'Aspen Bowers', 'Officia qui atque ea', 'storage/images/users/6/1615917700_mother.jpeg', 'Quaerat ipsa sed su', '19151596511', 'hywo@mailinator.com', '2021-03-16 12:01:40', '2021-03-16 12:01:40'),
(70, 10, 'Father', 'Shay Harper', 'Abraham Stark', 'Id anim laboriosam', 'storage/images/users/10/1615920127_father.jpeg', 'Ut voluptatem magna', '18152491804', 'tarifuk@mailinator.com', '2021-03-16 12:42:07', '2021-03-16 12:42:07'),
(71, 10, 'Mother', 'Tanner Marquez', 'Darius Everett', 'Labore libero quo na', 'storage/images/users/10/1615920127_mother.jpeg', 'Amet dolorem non do', '19936691285', 'xydevewuqu@mailinator.com', '2021-03-16 12:42:07', '2021-03-16 12:42:07');

-- --------------------------------------------------------

--
-- Table structure for table `user_previous_institutes`
--

CREATE TABLE `user_previous_institutes` (
  `id` bigint(20) UNSIGNED NOT NULL,
  `user_id` bigint(20) UNSIGNED NOT NULL,
  `old_institute_name` varchar(191) COLLATE utf8mb4_unicode_ci NOT NULL,
  `old_institute_address` varchar(191) COLLATE utf8mb4_unicode_ci NOT NULL,
  `old_institute_class` varchar(191) COLLATE utf8mb4_unicode_ci NOT NULL,
  `old_institute_roll` varchar(191) COLLATE utf8mb4_unicode_ci NOT NULL,
  `old_institute_group` varchar(191) COLLATE utf8mb4_unicode_ci DEFAULT NULL,
  `created_at` timestamp NULL DEFAULT NULL,
  `updated_at` timestamp NULL DEFAULT NULL
) ENGINE=InnoDB DEFAULT CHARSET=utf8mb4 COLLATE=utf8mb4_unicode_ci;

--
-- Dumping data for table `user_previous_institutes`
--

INSERT INTO `user_previous_institutes` (`id`, `user_id`, `old_institute_name`, `old_institute_address`, `old_institute_class`, `old_institute_roll`, `old_institute_group`, `created_at`, `updated_at`) VALUES
(1, 10, 'Christine Ashley', 'Pariatur Qui nihil', 'Labore velit incidid', '29', 'Aliquid vel aliquam', '2021-03-16 12:42:08', '2021-03-16 12:42:08');

--
-- Indexes for dumped tables
--

--
-- Indexes for table `academic_classes`
--
ALTER TABLE `academic_classes`
  ADD PRIMARY KEY (`id`);

--
-- Indexes for table `academic_class_department`
--
ALTER TABLE `academic_class_department`
  ADD PRIMARY KEY (`id`),
  ADD KEY `academic_class_department_academic_class_id_foreign` (`academic_class_id`),
  ADD KEY `academic_class_department_academic_department_id_foreign` (`academic_department_id`);

--
-- Indexes for table `academic_class_group`
--
ALTER TABLE `academic_class_group`
  ADD PRIMARY KEY (`id`),
  ADD KEY `academic_class_group_academic_class_id_foreign` (`academic_class_id`),
  ADD KEY `academic_class_group_academic_group_id_foreign` (`academic_group_id`);

--
-- Indexes for table `academic_class_section`
--
ALTER TABLE `academic_class_section`
  ADD PRIMARY KEY (`id`),
  ADD KEY `academic_class_section_academic_class_id_foreign` (`academic_class_id`),
  ADD KEY `academic_class_section_academic_section_id_foreign` (`academic_section_id`);

--
-- Indexes for table `academic_class_session`
--
ALTER TABLE `academic_class_session`
  ADD PRIMARY KEY (`id`),
  ADD KEY `academic_class_academic_session_academic_class_id_foreign` (`academic_class_id`),
  ADD KEY `academic_class_academic_session_academic_session_id_foreign` (`academic_session_id`);

--
-- Indexes for table `academic_data`
--
ALTER TABLE `academic_data`
  ADD PRIMARY KEY (`id`),
  ADD KEY `academic_data_user_id_foreign` (`user_id`),
  ADD KEY `academic_data_academic_session_id_foreign` (`academic_session_id`),
  ADD KEY `academic_data_academic_class_id_foreign` (`academic_class_id`),
  ADD KEY `academic_data_academic_group_id_foreign` (`academic_group_id`),
  ADD KEY `academic_data_academic_department_id_foreign` (`academic_department_id`),
  ADD KEY `academic_data_academic_section_id_foreign` (`academic_section_id`);

--
-- Indexes for table `academic_data_subjects`
--
ALTER TABLE `academic_data_subjects`
  ADD PRIMARY KEY (`id`),
  ADD KEY `academic_data_subjects_user_id_foreign` (`user_id`),
  ADD KEY `academic_data_subjects_academic_data_id_foreign` (`academic_data_id`),
  ADD KEY `academic_data_subjects_academic_subject_id_foreign` (`academic_subject_id`);

--
-- Indexes for table `academic_departments`
--
ALTER TABLE `academic_departments`
  ADD PRIMARY KEY (`id`);

--
-- Indexes for table `academic_department_year`
--
ALTER TABLE `academic_department_year`
  ADD PRIMARY KEY (`id`),
  ADD KEY `academic_department_year_academic_department_id_foreign` (`academic_department_id`),
  ADD KEY `academic_department_year_academic_year_id_foreign` (`academic_year_id`);

--
-- Indexes for table `academic_grades`
--
ALTER TABLE `academic_grades`
  ADD PRIMARY KEY (`id`);

--
-- Indexes for table `academic_groups`
--
ALTER TABLE `academic_groups`
  ADD PRIMARY KEY (`id`);

--
-- Indexes for table `academic_group_section`
--
ALTER TABLE `academic_group_section`
  ADD PRIMARY KEY (`id`),
  ADD KEY `academic_group_section_academic_group_id_foreign` (`academic_group_id`),
  ADD KEY `academic_group_section_academic_section_id_foreign` (`academic_section_id`);

--
-- Indexes for table `academic_sections`
--
ALTER TABLE `academic_sections`
  ADD PRIMARY KEY (`id`);

--
-- Indexes for table `academic_sessions`
--
ALTER TABLE `academic_sessions`
  ADD PRIMARY KEY (`id`);

--
-- Indexes for table `academic_subjects`
--
ALTER TABLE `academic_subjects`
  ADD PRIMARY KEY (`id`),
  ADD KEY `academic_subjects_academic_class_id_foreign` (`academic_class_id`),
  ADD KEY `academic_subjects_academic_group_id_foreign` (`academic_group_id`),
  ADD KEY `academic_subjects_academic_department_id_foreign` (`academic_department_id`),
  ADD KEY `academic_subjects_academic_section_id_foreign` (`academic_section_id`),
  ADD KEY `academic_subjects_religion_id_foreign` (`religion_id`);

--
-- Indexes for table `academic_years`
--
ALTER TABLE `academic_years`
  ADD PRIMARY KEY (`id`);

--
-- Indexes for table `admissions`
--
ALTER TABLE `admissions`
  ADD PRIMARY KEY (`id`),
  ADD KEY `admissions_user_id_foreign` (`user_id`),
  ADD KEY `admissions_academic_session_id_foreign` (`academic_session_id`),
  ADD KEY `admissions_academic_data_id_foreign` (`academic_data_id`);

--
-- Indexes for table `basic_settings`
--
ALTER TABLE `basic_settings`
  ADD PRIMARY KEY (`id`);

--
-- Indexes for table `blood_groups`
--
ALTER TABLE `blood_groups`
  ADD PRIMARY KEY (`id`);

--
-- Indexes for table `class_periods`
--
ALTER TABLE `class_periods`
  ADD PRIMARY KEY (`id`);

--
-- Indexes for table `customers`
--
ALTER TABLE `customers`
  ADD PRIMARY KEY (`id`);

--
-- Indexes for table `designations`
--
ALTER TABLE `designations`
  ADD PRIMARY KEY (`id`);

--
-- Indexes for table `districts`
--
ALTER TABLE `districts`
  ADD PRIMARY KEY (`id`),
  ADD KEY `division_id` (`division_id`);

--
-- Indexes for table `divisions`
--
ALTER TABLE `divisions`
  ADD PRIMARY KEY (`id`);

--
-- Indexes for table `email_settings`
--
ALTER TABLE `email_settings`
  ADD PRIMARY KEY (`id`);

--
-- Indexes for table `failed_jobs`
--
ALTER TABLE `failed_jobs`
  ADD PRIMARY KEY (`id`);

--
-- Indexes for table `grade_percentages`
--
ALTER TABLE `grade_percentages`
  ADD PRIMARY KEY (`id`),
  ADD KEY `grade_percentages_academic_grade_id_foreign` (`academic_grade_id`);

--
-- Indexes for table `migrations`
--
ALTER TABLE `migrations`
  ADD PRIMARY KEY (`id`);

--
-- Indexes for table `model_has_permissions`
--
ALTER TABLE `model_has_permissions`
  ADD PRIMARY KEY (`permission_id`,`model_id`,`model_type`),
  ADD KEY `model_has_permissions_model_id_model_type_index` (`model_id`,`model_type`);

--
-- Indexes for table `model_has_roles`
--
ALTER TABLE `model_has_roles`
  ADD PRIMARY KEY (`role_id`,`model_id`,`model_type`),
  ADD KEY `model_has_roles_model_id_model_type_index` (`model_id`,`model_type`);

--
-- Indexes for table `parent_user`
--
ALTER TABLE `parent_user`
  ADD PRIMARY KEY (`id`),
  ADD KEY `parent_user_user_id_foreign` (`user_id`),
  ADD KEY `parent_user_parent_id_foreign` (`parent_id`);

--
-- Indexes for table `password_resets`
--
ALTER TABLE `password_resets`
  ADD KEY `password_resets_email_index` (`email`);

--
-- Indexes for table `permissions`
--
ALTER TABLE `permissions`
  ADD PRIMARY KEY (`id`);

--
-- Indexes for table `religions`
--
ALTER TABLE `religions`
  ADD PRIMARY KEY (`id`);

--
-- Indexes for table `roles`
--
ALTER TABLE `roles`
  ADD PRIMARY KEY (`id`);

--
-- Indexes for table `role_has_permissions`
--
ALTER TABLE `role_has_permissions`
  ADD PRIMARY KEY (`permission_id`,`role_id`),
  ADD KEY `role_has_permissions_role_id_foreign` (`role_id`);

--
-- Indexes for table `salary_scales`
--
ALTER TABLE `salary_scales`
  ADD PRIMARY KEY (`id`);

--
-- Indexes for table `students`
--
ALTER TABLE `students`
  ADD PRIMARY KEY (`id`),
  ADD UNIQUE KEY `students_email_unique` (`email`);

--
-- Indexes for table `teachers`
--
ALTER TABLE `teachers`
  ADD PRIMARY KEY (`id`),
  ADD KEY `teachers_user_id_foreign` (`user_id`),
  ADD KEY `teachers_academic_group_id_foreign` (`academic_group_id`),
  ADD KEY `teachers_academic_department_id_foreign` (`academic_department_id`),
  ADD KEY `teachers_designation_id_foreign` (`designation_id`),
  ADD KEY `teachers_religion_id_foreign` (`religion_id`),
  ADD KEY `teachers_salary_scale_foreign` (`salary_scale_id`);

--
-- Indexes for table `teacher_education`
--
ALTER TABLE `teacher_education`
  ADD PRIMARY KEY (`id`),
  ADD KEY `teacher_education_teacher_id_foreign` (`teacher_id`);

--
-- Indexes for table `upazilas`
--
ALTER TABLE `upazilas`
  ADD PRIMARY KEY (`id`),
  ADD KEY `district_id` (`district_id`);

--
-- Indexes for table `users`
--
ALTER TABLE `users`
  ADD PRIMARY KEY (`id`),
  ADD UNIQUE KEY `users_email_unique` (`email`);

--
-- Indexes for table `user_addresses`
--
ALTER TABLE `user_addresses`
  ADD PRIMARY KEY (`id`),
  ADD KEY `user_addresses_user_id_foreign` (`user_id`);

--
-- Indexes for table `user_documents`
--
ALTER TABLE `user_documents`
  ADD PRIMARY KEY (`id`),
  ADD KEY `user_documents_user_id_foreign` (`user_id`);

--
-- Indexes for table `user_family_infos`
--
ALTER TABLE `user_family_infos`
  ADD PRIMARY KEY (`id`),
  ADD KEY `user_family_infos_user_id_foreign` (`user_id`);

--
-- Indexes for table `user_information`
--
ALTER TABLE `user_information`
  ADD PRIMARY KEY (`id`),
  ADD KEY `user_information_user_id_foreign` (`user_id`),
  ADD KEY `user_information_religion_id_foreign` (`religion_id`);

--
-- Indexes for table `user_parents`
--
ALTER TABLE `user_parents`
  ADD PRIMARY KEY (`id`),
  ADD KEY `user_parents_user_id_foreign` (`user_id`);

--
-- Indexes for table `user_previous_institutes`
--
ALTER TABLE `user_previous_institutes`
  ADD PRIMARY KEY (`id`),
  ADD KEY `user_previous_institutes_user_id_foreign` (`user_id`);

--
-- AUTO_INCREMENT for dumped tables
--

--
-- AUTO_INCREMENT for table `academic_classes`
--
ALTER TABLE `academic_classes`
  MODIFY `id` bigint(20) UNSIGNED NOT NULL AUTO_INCREMENT, AUTO_INCREMENT=14;

--
-- AUTO_INCREMENT for table `academic_class_department`
--
ALTER TABLE `academic_class_department`
  MODIFY `id` bigint(20) UNSIGNED NOT NULL AUTO_INCREMENT, AUTO_INCREMENT=16;

--
-- AUTO_INCREMENT for table `academic_class_group`
--
ALTER TABLE `academic_class_group`
  MODIFY `id` bigint(20) UNSIGNED NOT NULL AUTO_INCREMENT, AUTO_INCREMENT=18;

--
-- AUTO_INCREMENT for table `academic_class_section`
--
ALTER TABLE `academic_class_section`
  MODIFY `id` bigint(20) UNSIGNED NOT NULL AUTO_INCREMENT, AUTO_INCREMENT=26;

--
-- AUTO_INCREMENT for table `academic_class_session`
--
ALTER TABLE `academic_class_session`
  MODIFY `id` bigint(20) UNSIGNED NOT NULL AUTO_INCREMENT, AUTO_INCREMENT=35;

--
-- AUTO_INCREMENT for table `academic_data`
--
ALTER TABLE `academic_data`
  MODIFY `id` bigint(20) UNSIGNED NOT NULL AUTO_INCREMENT, AUTO_INCREMENT=3;

--
-- AUTO_INCREMENT for table `academic_data_subjects`
--
ALTER TABLE `academic_data_subjects`
  MODIFY `id` bigint(20) UNSIGNED NOT NULL AUTO_INCREMENT, AUTO_INCREMENT=4;

--
-- AUTO_INCREMENT for table `academic_departments`
--
ALTER TABLE `academic_departments`
  MODIFY `id` bigint(20) UNSIGNED NOT NULL AUTO_INCREMENT, AUTO_INCREMENT=7;

--
-- AUTO_INCREMENT for table `academic_department_year`
--
ALTER TABLE `academic_department_year`
  MODIFY `id` bigint(20) UNSIGNED NOT NULL AUTO_INCREMENT, AUTO_INCREMENT=27;

--
-- AUTO_INCREMENT for table `academic_grades`
--
ALTER TABLE `academic_grades`
  MODIFY `id` bigint(20) UNSIGNED NOT NULL AUTO_INCREMENT, AUTO_INCREMENT=3;

--
-- AUTO_INCREMENT for table `academic_groups`
--
ALTER TABLE `academic_groups`
  MODIFY `id` bigint(20) UNSIGNED NOT NULL AUTO_INCREMENT, AUTO_INCREMENT=15;

--
-- AUTO_INCREMENT for table `academic_group_section`
--
ALTER TABLE `academic_group_section`
  MODIFY `id` bigint(20) UNSIGNED NOT NULL AUTO_INCREMENT, AUTO_INCREMENT=13;

--
-- AUTO_INCREMENT for table `academic_sections`
--
ALTER TABLE `academic_sections`
  MODIFY `id` bigint(20) UNSIGNED NOT NULL AUTO_INCREMENT, AUTO_INCREMENT=5;

--
-- AUTO_INCREMENT for table `academic_sessions`
--
ALTER TABLE `academic_sessions`
  MODIFY `id` bigint(20) UNSIGNED NOT NULL AUTO_INCREMENT, AUTO_INCREMENT=4;

--
-- AUTO_INCREMENT for table `academic_subjects`
--
ALTER TABLE `academic_subjects`
  MODIFY `id` bigint(20) UNSIGNED NOT NULL AUTO_INCREMENT, AUTO_INCREMENT=122;

--
-- AUTO_INCREMENT for table `academic_years`
--
ALTER TABLE `academic_years`
  MODIFY `id` bigint(20) UNSIGNED NOT NULL AUTO_INCREMENT, AUTO_INCREMENT=5;

--
-- AUTO_INCREMENT for table `admissions`
--
ALTER TABLE `admissions`
  MODIFY `id` bigint(20) UNSIGNED NOT NULL AUTO_INCREMENT, AUTO_INCREMENT=31;

--
-- AUTO_INCREMENT for table `basic_settings`
--
ALTER TABLE `basic_settings`
  MODIFY `id` bigint(20) UNSIGNED NOT NULL AUTO_INCREMENT, AUTO_INCREMENT=2;

--
-- AUTO_INCREMENT for table `blood_groups`
--
ALTER TABLE `blood_groups`
  MODIFY `id` bigint(20) UNSIGNED NOT NULL AUTO_INCREMENT, AUTO_INCREMENT=10;

--
-- AUTO_INCREMENT for table `class_periods`
--
ALTER TABLE `class_periods`
  MODIFY `id` bigint(20) UNSIGNED NOT NULL AUTO_INCREMENT, AUTO_INCREMENT=5;

--
-- AUTO_INCREMENT for table `customers`
--
ALTER TABLE `customers`
  MODIFY `id` bigint(20) UNSIGNED NOT NULL AUTO_INCREMENT, AUTO_INCREMENT=68;

--
-- AUTO_INCREMENT for table `designations`
--
ALTER TABLE `designations`
  MODIFY `id` bigint(20) UNSIGNED NOT NULL AUTO_INCREMENT, AUTO_INCREMENT=7;

--
-- AUTO_INCREMENT for table `districts`
--
ALTER TABLE `districts`
  MODIFY `id` int(2) NOT NULL AUTO_INCREMENT, AUTO_INCREMENT=65;

--
-- AUTO_INCREMENT for table `divisions`
--
ALTER TABLE `divisions`
  MODIFY `id` int(1) NOT NULL AUTO_INCREMENT, AUTO_INCREMENT=9;

--
-- AUTO_INCREMENT for table `email_settings`
--
ALTER TABLE `email_settings`
  MODIFY `id` bigint(20) UNSIGNED NOT NULL AUTO_INCREMENT, AUTO_INCREMENT=2;

--
-- AUTO_INCREMENT for table `failed_jobs`
--
ALTER TABLE `failed_jobs`
  MODIFY `id` bigint(20) UNSIGNED NOT NULL AUTO_INCREMENT;

--
-- AUTO_INCREMENT for table `grade_percentages`
--
ALTER TABLE `grade_percentages`
  MODIFY `id` bigint(20) UNSIGNED NOT NULL AUTO_INCREMENT, AUTO_INCREMENT=18;

--
-- AUTO_INCREMENT for table `migrations`
--
ALTER TABLE `migrations`
  MODIFY `id` int(10) UNSIGNED NOT NULL AUTO_INCREMENT, AUTO_INCREMENT=74;

--
-- AUTO_INCREMENT for table `parent_user`
--
ALTER TABLE `parent_user`
  MODIFY `id` bigint(20) UNSIGNED NOT NULL AUTO_INCREMENT, AUTO_INCREMENT=33;

--
-- AUTO_INCREMENT for table `permissions`
--
ALTER TABLE `permissions`
  MODIFY `id` bigint(20) UNSIGNED NOT NULL AUTO_INCREMENT, AUTO_INCREMENT=55;

--
-- AUTO_INCREMENT for table `religions`
--
ALTER TABLE `religions`
  MODIFY `id` bigint(20) UNSIGNED NOT NULL AUTO_INCREMENT, AUTO_INCREMENT=6;

--
-- AUTO_INCREMENT for table `roles`
--
ALTER TABLE `roles`
  MODIFY `id` bigint(20) UNSIGNED NOT NULL AUTO_INCREMENT, AUTO_INCREMENT=13;

--
-- AUTO_INCREMENT for table `salary_scales`
--
ALTER TABLE `salary_scales`
  MODIFY `id` bigint(20) UNSIGNED NOT NULL AUTO_INCREMENT, AUTO_INCREMENT=4;

--
-- AUTO_INCREMENT for table `students`
--
ALTER TABLE `students`
  MODIFY `id` bigint(20) UNSIGNED NOT NULL AUTO_INCREMENT, AUTO_INCREMENT=2049;

--
-- AUTO_INCREMENT for table `teachers`
--
ALTER TABLE `teachers`
  MODIFY `id` bigint(20) UNSIGNED NOT NULL AUTO_INCREMENT, AUTO_INCREMENT=12;

--
-- AUTO_INCREMENT for table `teacher_education`
--
ALTER TABLE `teacher_education`
  MODIFY `id` bigint(20) UNSIGNED NOT NULL AUTO_INCREMENT, AUTO_INCREMENT=17;

--
-- AUTO_INCREMENT for table `upazilas`
--
ALTER TABLE `upazilas`
  MODIFY `id` int(3) NOT NULL AUTO_INCREMENT, AUTO_INCREMENT=492;

--
-- AUTO_INCREMENT for table `users`
--
ALTER TABLE `users`
  MODIFY `id` bigint(20) UNSIGNED NOT NULL AUTO_INCREMENT, AUTO_INCREMENT=29;

--
-- AUTO_INCREMENT for table `user_addresses`
--
ALTER TABLE `user_addresses`
  MODIFY `id` bigint(20) UNSIGNED NOT NULL AUTO_INCREMENT, AUTO_INCREMENT=70;

--
-- AUTO_INCREMENT for table `user_documents`
--
ALTER TABLE `user_documents`
  MODIFY `id` bigint(20) UNSIGNED NOT NULL AUTO_INCREMENT, AUTO_INCREMENT=234;

--
-- AUTO_INCREMENT for table `user_family_infos`
--
ALTER TABLE `user_family_infos`
  MODIFY `id` bigint(20) UNSIGNED NOT NULL AUTO_INCREMENT, AUTO_INCREMENT=32;

--
-- AUTO_INCREMENT for table `user_information`
--
ALTER TABLE `user_information`
  MODIFY `id` bigint(20) UNSIGNED NOT NULL AUTO_INCREMENT, AUTO_INCREMENT=70;

--
-- AUTO_INCREMENT for table `user_parents`
--
ALTER TABLE `user_parents`
  MODIFY `id` bigint(20) UNSIGNED NOT NULL AUTO_INCREMENT, AUTO_INCREMENT=72;

--
-- AUTO_INCREMENT for table `user_previous_institutes`
--
ALTER TABLE `user_previous_institutes`
  MODIFY `id` bigint(20) UNSIGNED NOT NULL AUTO_INCREMENT, AUTO_INCREMENT=2;

--
-- Constraints for dumped tables
--

--
-- Constraints for table `academic_class_department`
--
ALTER TABLE `academic_class_department`
  ADD CONSTRAINT `academic_class_department_academic_class_id_foreign` FOREIGN KEY (`academic_class_id`) REFERENCES `academic_classes` (`id`) ON DELETE CASCADE,
  ADD CONSTRAINT `academic_class_department_academic_department_id_foreign` FOREIGN KEY (`academic_department_id`) REFERENCES `academic_departments` (`id`) ON DELETE CASCADE;

--
-- Constraints for table `academic_class_group`
--
ALTER TABLE `academic_class_group`
  ADD CONSTRAINT `academic_class_group_academic_class_id_foreign` FOREIGN KEY (`academic_class_id`) REFERENCES `academic_classes` (`id`) ON DELETE CASCADE,
  ADD CONSTRAINT `academic_class_group_academic_group_id_foreign` FOREIGN KEY (`academic_group_id`) REFERENCES `academic_groups` (`id`) ON DELETE CASCADE;

--
-- Constraints for table `academic_class_section`
--
ALTER TABLE `academic_class_section`
  ADD CONSTRAINT `academic_class_section_academic_class_id_foreign` FOREIGN KEY (`academic_class_id`) REFERENCES `academic_classes` (`id`) ON DELETE CASCADE,
  ADD CONSTRAINT `academic_class_section_academic_section_id_foreign` FOREIGN KEY (`academic_section_id`) REFERENCES `academic_sections` (`id`) ON DELETE CASCADE;

--
-- Constraints for table `academic_class_session`
--
ALTER TABLE `academic_class_session`
  ADD CONSTRAINT `academic_class_academic_session_academic_class_id_foreign` FOREIGN KEY (`academic_class_id`) REFERENCES `academic_classes` (`id`) ON DELETE CASCADE,
  ADD CONSTRAINT `academic_class_academic_session_academic_session_id_foreign` FOREIGN KEY (`academic_session_id`) REFERENCES `academic_sessions` (`id`) ON DELETE CASCADE;

--
-- Constraints for table `academic_data`
--
ALTER TABLE `academic_data`
  ADD CONSTRAINT `academic_data_academic_class_id_foreign` FOREIGN KEY (`academic_class_id`) REFERENCES `academic_classes` (`id`) ON DELETE CASCADE,
  ADD CONSTRAINT `academic_data_academic_department_id_foreign` FOREIGN KEY (`academic_department_id`) REFERENCES `academic_departments` (`id`) ON DELETE CASCADE,
  ADD CONSTRAINT `academic_data_academic_group_id_foreign` FOREIGN KEY (`academic_group_id`) REFERENCES `academic_groups` (`id`) ON DELETE CASCADE,
  ADD CONSTRAINT `academic_data_academic_section_id_foreign` FOREIGN KEY (`academic_section_id`) REFERENCES `academic_sections` (`id`) ON DELETE CASCADE,
  ADD CONSTRAINT `academic_data_academic_session_id_foreign` FOREIGN KEY (`academic_session_id`) REFERENCES `academic_sessions` (`id`) ON DELETE CASCADE,
  ADD CONSTRAINT `academic_data_user_id_foreign` FOREIGN KEY (`user_id`) REFERENCES `users` (`id`) ON DELETE CASCADE;

--
-- Constraints for table `academic_data_subjects`
--
ALTER TABLE `academic_data_subjects`
  ADD CONSTRAINT `academic_data_subjects_academic_data_id_foreign` FOREIGN KEY (`academic_data_id`) REFERENCES `academic_data` (`id`) ON DELETE CASCADE,
  ADD CONSTRAINT `academic_data_subjects_academic_subject_id_foreign` FOREIGN KEY (`academic_subject_id`) REFERENCES `academic_subjects` (`id`) ON DELETE CASCADE,
  ADD CONSTRAINT `academic_data_subjects_user_id_foreign` FOREIGN KEY (`user_id`) REFERENCES `users` (`id`) ON DELETE CASCADE;

--
-- Constraints for table `academic_department_year`
--
ALTER TABLE `academic_department_year`
  ADD CONSTRAINT `academic_department_year_academic_department_id_foreign` FOREIGN KEY (`academic_department_id`) REFERENCES `academic_departments` (`id`) ON DELETE CASCADE,
  ADD CONSTRAINT `academic_department_year_academic_year_id_foreign` FOREIGN KEY (`academic_year_id`) REFERENCES `academic_years` (`id`) ON DELETE CASCADE;

--
-- Constraints for table `academic_group_section`
--
ALTER TABLE `academic_group_section`
  ADD CONSTRAINT `academic_group_section_academic_group_id_foreign` FOREIGN KEY (`academic_group_id`) REFERENCES `academic_groups` (`id`) ON DELETE CASCADE,
  ADD CONSTRAINT `academic_group_section_academic_section_id_foreign` FOREIGN KEY (`academic_section_id`) REFERENCES `academic_sections` (`id`) ON DELETE CASCADE;

--
-- Constraints for table `academic_subjects`
--
ALTER TABLE `academic_subjects`
  ADD CONSTRAINT `academic_subjects_academic_class_id_foreign` FOREIGN KEY (`academic_class_id`) REFERENCES `academic_classes` (`id`) ON UPDATE CASCADE,
  ADD CONSTRAINT `academic_subjects_academic_department_id_foreign` FOREIGN KEY (`academic_department_id`) REFERENCES `academic_departments` (`id`) ON UPDATE CASCADE,
  ADD CONSTRAINT `academic_subjects_academic_group_id_foreign` FOREIGN KEY (`academic_group_id`) REFERENCES `academic_groups` (`id`) ON UPDATE CASCADE,
  ADD CONSTRAINT `academic_subjects_academic_section_id_foreign` FOREIGN KEY (`academic_section_id`) REFERENCES `academic_sections` (`id`) ON UPDATE CASCADE,
  ADD CONSTRAINT `academic_subjects_religion_id_foreign` FOREIGN KEY (`religion_id`) REFERENCES `religions` (`id`) ON UPDATE CASCADE;

--
-- Constraints for table `admissions`
--
ALTER TABLE `admissions`
  ADD CONSTRAINT `admissions_academic_data_id_foreign` FOREIGN KEY (`academic_data_id`) REFERENCES `academic_data` (`id`) ON DELETE CASCADE,
  ADD CONSTRAINT `admissions_academic_session_id_foreign` FOREIGN KEY (`academic_session_id`) REFERENCES `academic_sessions` (`id`) ON DELETE CASCADE,
  ADD CONSTRAINT `admissions_user_id_foreign` FOREIGN KEY (`user_id`) REFERENCES `users` (`id`) ON DELETE CASCADE;

--
-- Constraints for table `districts`
--
ALTER TABLE `districts`
  ADD CONSTRAINT `districts_ibfk_2` FOREIGN KEY (`division_id`) REFERENCES `divisions` (`id`) ON DELETE CASCADE ON UPDATE CASCADE;

--
-- Constraints for table `grade_percentages`
--
ALTER TABLE `grade_percentages`
  ADD CONSTRAINT `grade_percentages_academic_grade_id_foreign` FOREIGN KEY (`academic_grade_id`) REFERENCES `academic_grades` (`id`) ON UPDATE CASCADE;

--
-- Constraints for table `model_has_permissions`
--
ALTER TABLE `model_has_permissions`
  ADD CONSTRAINT `model_has_permissions_permission_id_foreign` FOREIGN KEY (`permission_id`) REFERENCES `permissions` (`id`) ON DELETE CASCADE;

--
-- Constraints for table `model_has_roles`
--
ALTER TABLE `model_has_roles`
  ADD CONSTRAINT `model_has_roles_role_id_foreign` FOREIGN KEY (`role_id`) REFERENCES `roles` (`id`) ON DELETE CASCADE;

--
-- Constraints for table `parent_user`
--
ALTER TABLE `parent_user`
  ADD CONSTRAINT `parent_user_parent_id_foreign` FOREIGN KEY (`parent_id`) REFERENCES `users` (`id`) ON DELETE CASCADE,
  ADD CONSTRAINT `parent_user_user_id_foreign` FOREIGN KEY (`user_id`) REFERENCES `users` (`id`) ON DELETE CASCADE;

--
-- Constraints for table `role_has_permissions`
--
ALTER TABLE `role_has_permissions`
  ADD CONSTRAINT `role_has_permissions_permission_id_foreign` FOREIGN KEY (`permission_id`) REFERENCES `permissions` (`id`) ON DELETE CASCADE,
  ADD CONSTRAINT `role_has_permissions_role_id_foreign` FOREIGN KEY (`role_id`) REFERENCES `roles` (`id`) ON DELETE CASCADE;

--
-- Constraints for table `teachers`
--
ALTER TABLE `teachers`
  ADD CONSTRAINT `teachers_academic_department_id_foreign` FOREIGN KEY (`academic_department_id`) REFERENCES `academic_departments` (`id`) ON DELETE CASCADE,
  ADD CONSTRAINT `teachers_academic_group_id_foreign` FOREIGN KEY (`academic_group_id`) REFERENCES `academic_groups` (`id`) ON DELETE CASCADE,
  ADD CONSTRAINT `teachers_designation_id_foreign` FOREIGN KEY (`designation_id`) REFERENCES `designations` (`id`) ON DELETE CASCADE,
  ADD CONSTRAINT `teachers_religion_id_foreign` FOREIGN KEY (`religion_id`) REFERENCES `religions` (`id`) ON DELETE CASCADE,
  ADD CONSTRAINT `teachers_salary_scale_foreign` FOREIGN KEY (`salary_scale_id`) REFERENCES `salary_scales` (`id`) ON DELETE CASCADE,
  ADD CONSTRAINT `teachers_user_id_foreign` FOREIGN KEY (`user_id`) REFERENCES `users` (`id`) ON DELETE CASCADE;

--
-- Constraints for table `teacher_education`
--
ALTER TABLE `teacher_education`
  ADD CONSTRAINT `teacher_education_teacher_id_foreign` FOREIGN KEY (`teacher_id`) REFERENCES `teachers` (`id`) ON DELETE CASCADE;

--
-- Constraints for table `upazilas`
--
ALTER TABLE `upazilas`
  ADD CONSTRAINT `upazilas_ibfk_2` FOREIGN KEY (`district_id`) REFERENCES `districts` (`id`) ON DELETE CASCADE ON UPDATE CASCADE;

--
-- Constraints for table `user_addresses`
--
ALTER TABLE `user_addresses`
  ADD CONSTRAINT `user_addresses_user_id_foreign` FOREIGN KEY (`user_id`) REFERENCES `users` (`id`) ON DELETE CASCADE;

--
-- Constraints for table `user_documents`
--
ALTER TABLE `user_documents`
  ADD CONSTRAINT `user_documents_user_id_foreign` FOREIGN KEY (`user_id`) REFERENCES `users` (`id`) ON DELETE CASCADE;

--
-- Constraints for table `user_family_infos`
--
ALTER TABLE `user_family_infos`
  ADD CONSTRAINT `user_family_infos_user_id_foreign` FOREIGN KEY (`user_id`) REFERENCES `users` (`id`) ON DELETE CASCADE;

--
-- Constraints for table `user_information`
--
ALTER TABLE `user_information`
  ADD CONSTRAINT `user_information_religion_id_foreign` FOREIGN KEY (`religion_id`) REFERENCES `religions` (`id`) ON DELETE CASCADE,
  ADD CONSTRAINT `user_information_user_id_foreign` FOREIGN KEY (`user_id`) REFERENCES `users` (`id`) ON DELETE CASCADE;

--
-- Constraints for table `user_parents`
--
ALTER TABLE `user_parents`
  ADD CONSTRAINT `user_parents_user_id_foreign` FOREIGN KEY (`user_id`) REFERENCES `users` (`id`) ON DELETE CASCADE;

--
-- Constraints for table `user_previous_institutes`
--
ALTER TABLE `user_previous_institutes`
  ADD CONSTRAINT `user_previous_institutes_user_id_foreign` FOREIGN KEY (`user_id`) REFERENCES `users` (`id`) ON DELETE CASCADE;
COMMIT;

/*!40101 SET CHARACTER_SET_CLIENT=@OLD_CHARACTER_SET_CLIENT */;
/*!40101 SET CHARACTER_SET_RESULTS=@OLD_CHARACTER_SET_RESULTS */;
/*!40101 SET COLLATION_CONNECTION=@OLD_COLLATION_CONNECTION */;
